image_id,observation_id,file,ground_truth_species,organ_category,organ_detail,subview,image_url,ground_truth_genus,ground_truth_family,bioclip_predicted_species,bioclip_predicted_genus,bioclip_predicted_family,bioclip_score,bioclip_species_correct,bioclip_genus_correct,bioclip_family_correct,dinov3_predicted_species,dinov3_predicted_genus,dinov3_predicted_family,dinov3_score,dinov3_species_correct,dinov3_genus_correct,dinov3_family_correct,gpt_5_4_predicted_species,gpt_5_4_predicted_genus,gpt_5_4_predicted_family,gpt_5_4_score,gpt_5_4_species_correct,gpt_5_4_genus_correct,gpt_5_4_family_correct,gemini_flash_lite_predicted_species,gemini_flash_lite_predicted_genus,gemini_flash_lite_predicted_family,gemini_flash_lite_score,gemini_flash_lite_species_correct,gemini_flash_lite_genus_correct,gemini_flash_lite_family_correct
baskauf/10432,ind-baskauf/10432,baskauf_10432.jpg,Fagus grandifolia,bark,bark,of a large tree,https://bioimages.vanderbilt.edu/gq/baskauf/gfagr--br10432.jpg,Fagus,Fagaceae,Fagus grandifolia,Fagus,Fagaceae,0.99959069,True,True,True,Carpinus caroliniana,Carpinus,Betulaceae,0.46160825,False,False,False,Fagus grandifolia,Fagus,Fagaceae,0.38,True,True,True,Fagus grandifolia,Fagus,Fagaceae,0.9,True,True,True
baskauf/10550,ind-baskauf/10432,baskauf_10550.jpg,Fagus grandifolia,fruit,fruit,section or open,https://bioimages.vanderbilt.edu/gq/baskauf/gfagr--fr10550.jpg,Fagus,Fagaceae,Fagus grandifolia,Fagus,Fagaceae,1.0,True,True,True,Platanus occidentalis,Platanus,Platanaceae,0.65410457,False,False,False,Fagus grandifolia,Fagus,Fagaceae,0.95,True,True,True,Fagus grandifolia,Fagus,Fagaceae,0.9,True,True,True
baskauf/29683,ind-baskauf/10432,baskauf_29683.jpg,Fagus grandifolia,leaf,leaf,whole upper surface,https://bioimages.vanderbilt.edu/gq/baskauf/gfagr--lf29683.jpg,Fagus,Fagaceae,Fagus grandifolia,Fagus,Fagaceae,0.9999975,True,True,True,Fagus grandifolia,Fagus,Fagaceae,0.41074913,True,True,True,Castanea dentata,Castanea,Fagaceae,0.79,False,False,True,Fagus grandifolia,Fagus,Fagaceae,0.8,True,True,True
baskauf/29685,ind-baskauf/10432,baskauf_29685.jpg,Fagus grandifolia,twig,twig,orientation of petioles,https://bioimages.vanderbilt.edu/gq/baskauf/gfagr--tw29685.jpg,Fagus,Fagaceae,Fagus grandifolia,Fagus,Fagaceae,1.0,True,True,True,Fagus grandifolia,Fagus,Fagaceae,0.45231315,True,True,True,Fagus grandifolia,Fagus,Fagaceae,0.95,True,True,True,Fagus grandifolia,Fagus,Fagaceae,0.9,True,True,True
baskauf/29773,ind-baskauf/10432,baskauf_29773.jpg,Fagus grandifolia,whole tree (or vine),whole tree (or vine),general,https://bioimages.vanderbilt.edu/gq/baskauf/gfagr--wp29773.jpg,Fagus,Fagaceae,Fagus grandifolia,Fagus,Fagaceae,0.95202702,True,True,True,Fagus grandifolia,Fagus,Fagaceae,0.33102635,True,True,True,Fagus grandifolia,Fagus,Fagaceae,0.44,True,True,True,Ostrya virginiana,Ostrya,Betulaceae,0.7,False,False,False
baskauf/10904,ind-baskauf/10904,baskauf_10904.jpg,Ailanthus altissima,whole tree (or vine),whole tree (or vine),general,https://bioimages.vanderbilt.edu/gq/baskauf/gaial--wpsmall10904.jpg,Ailanthus,Simaroubaceae,Ailanthus altissima,Ailanthus,Simaroubaceae,0.99999321,True,True,True,Gleditsia triacanthos,Gleditsia,Fabaceae,0.38346931,False,False,False,Rhus glabra,Rhus,Anacardiaceae,0.95,False,False,False,Rhus glabra,Rhus,Anacardiaceae,0.8,False,False,False
baskauf/10938,ind-baskauf/10938,baskauf_10938.jpg,Rhus copallinum,leaf,leaf,showing orientation on twig,https://bioimages.vanderbilt.edu/gq/baskauf/grhcol2lfseveral10938.jpg,Rhus,Anacardiaceae,Rhus copallinum,Rhus,Anacardiaceae,0.97061926,True,True,True,Juglans nigra,Juglans,Juglandaceae,0.41119166,False,False,False,Cornus amomum,Cornus,Cornaceae,0.68,False,False,False,Juglans nigra,Juglans,Juglandaceae,0.7,False,False,False
baskauf/10939,ind-baskauf/10938,baskauf_10939.jpg,Rhus copallinum,leaf,leaf,whole upper surface,https://bioimages.vanderbilt.edu/gq/baskauf/grhcol2lf10939.jpg,Rhus,Anacardiaceae,Rhus copallinum,Rhus,Anacardiaceae,0.99806911,True,True,True,Juglans nigra,Juglans,Juglandaceae,0.48710879,False,False,False,Ailanthus altissima,Ailanthus,Simaroubaceae,0.97,False,False,False,Ailanthus altissima,Ailanthus,Simaroubaceae,0.7,False,False,False
baskauf/10942,ind-baskauf/10938,baskauf_10942.jpg,Rhus copallinum,twig,twig,winter overall,https://bioimages.vanderbilt.edu/gq/baskauf/grhcol2twclose10942.jpg,Rhus,Anacardiaceae,Rhus glabra,Rhus,Anacardiaceae,0.73002172,False,True,True,Lindera benzoin,Lindera,Lauraceae,0.19684103,False,False,False,Betula lenta,Betula,Betulaceae,0.36,False,False,False,Carpinus caroliniana,Carpinus,Betulaceae,0.7,False,False,False
baskauf/11037,ind-baskauf/11037,baskauf_11037.jpg,Ulmus rubra,leaf,leaf,showing orientation on twig,https://bioimages.vanderbilt.edu/gq/baskauf/gulru--lfseveral11037.jpg,Ulmus,Ulmaceae,Ulmus rubra,Ulmus,Ulmaceae,0.99330336,True,True,True,Tilia americana,Tilia,Tiliaceae,0.34325743,False,False,False,Ostrya virginiana,Ostrya,Betulaceae,0.72,False,False,False,Ulmus rubra,Ulmus,Ulmaceae,0.7,True,True,True
baskauf/11038,ind-baskauf/11037,baskauf_11038.jpg,Ulmus rubra,leaf,leaf,whole upper surface,https://bioimages.vanderbilt.edu/gq/baskauf/gulru--lf11038.jpg,Ulmus,Ulmaceae,Ulmus rubra,Ulmus,Ulmaceae,0.99477899,True,True,True,Betula alleghaniensis,Betula,Betulaceae,0.34123859,False,False,False,Ostrya virginiana,Ostrya,Betulaceae,0.72,False,False,False,Ulmus rubra,Ulmus,Ulmaceae,0.8,True,True,True
baskauf/11064,ind-baskauf/11064,baskauf_11064.jpg,Populus deltoides,fruit,fruit,as borne on the plant,https://bioimages.vanderbilt.edu/gq/baskauf/gpode3-frin-fruit11064.jpg,Populus,Salicaceae,Populus deltoides,Populus,Salicaceae,0.99999213,True,True,True,Populus deltoides,Populus,Salicaceae,0.80870731,True,True,True,Populus deltoides,Populus,Salicaceae,0.9,True,True,True,Populus tremuloides,Populus,Salicaceae,0.8,False,True,True
baskauf/11066,ind-baskauf/11064,baskauf_11066.jpg,Populus deltoides,bark,bark,of a large tree,https://bioimages.vanderbilt.edu/gq/baskauf/gpode3-brlarge11066.jpg,Populus,Salicaceae,Populus deltoides,Populus,Salicaceae,0.99998963,True,True,True,Quercus rubra,Quercus,Fagaceae,0.15861197,False,False,False,Populus deltoides,Populus,Salicaceae,0.68,True,True,True,Juglans nigra,Juglans,Juglandaceae,0.8,False,False,False
baskauf/11070,ind-baskauf/11064,baskauf_11070.jpg,Populus deltoides,leaf,leaf,whole upper surface,https://bioimages.vanderbilt.edu/gq/baskauf/gpode3-lf11070.jpg,Populus,Salicaceae,Populus deltoides,Populus,Salicaceae,0.99998701,True,True,True,Populus deltoides,Populus,Salicaceae,0.33146024,True,True,True,Populus tremuloides,Populus,Salicaceae,0.92,False,True,True,Populus tremuloides,Populus,Salicaceae,0.7,False,True,True
baskauf/11449,ind-baskauf/11449,baskauf_11449.jpg,Betula alleghaniensis,bark,bark,of a large tree,https://bioimages.vanderbilt.edu/gq/baskauf/gbeal2-brlarge11449.jpg,Betula,Betulaceae,Betula alleghaniensis,Betula,Betulaceae,0.92396325,True,True,True,Prunus serotina,Prunus,Rosaceae,0.25348712,False,False,False,Populus tremuloides,Populus,Salicaceae,0.42,False,False,False,Betula papyrifera,Betula,Betulaceae,0.7,False,True,True
baskauf/11492,ind-baskauf/11492,baskauf_11492.jpg,Tsuga canadensis,whole tree,whole tree,general,https://bioimages.vanderbilt.edu/gq/baskauf/gtsca--wplarge-forest-11492.jpg,Tsuga,Pinaceae,Tsuga canadensis,Tsuga,Pinaceae,0.99999809,True,True,True,Tsuga canadensis,Tsuga,Pinaceae,0.97667109,True,True,True,Tsuga canadensis,Tsuga,Pinaceae,0.78,True,True,True,Tsuga canadensis,Tsuga,Pinaceae,0.9,True,True,True
baskauf/11493,ind-baskauf/11492,baskauf_11493.jpg,Tsuga canadensis,bark,bark,of a large tree,https://bioimages.vanderbilt.edu/gq/baskauf/gtsca--br11493.jpg,Tsuga,Pinaceae,Tsuga canadensis,Tsuga,Pinaceae,0.99999559,True,True,True,Tsuga canadensis,Tsuga,Pinaceae,0.4153552,True,True,True,Pinus strobus,Pinus,Pinaceae,0.67,False,False,True,Tsuga canadensis,Tsuga,Pinaceae,0.7,True,True,True
baskauf/11522,ind-baskauf/11522,baskauf_11522.jpg,Juniperus virginiana,whole tree,whole tree,general,https://bioimages.vanderbilt.edu/gq/baskauf/gjuvi--wplarge11522.jpg,Juniperus,Cupressaceae,Juniperus virginiana,Juniperus,Cupressaceae,1.0,True,True,True,Juniperus virginiana,Juniperus,Cupressaceae,0.80078144,True,True,True,Juniperus virginiana,Juniperus,Cupressaceae,0.81,True,True,True,Juniperus virginiana,Juniperus,Cupressaceae,0.8,True,True,True
baskauf/11524,ind-baskauf/11522,baskauf_11524.jpg,Juniperus virginiana,bark,bark,of a large tree,https://bioimages.vanderbilt.edu/gq/baskauf/gjuvi--brlarge-tree11524.jpg,Juniperus,Cupressaceae,Juniperus virginiana,Juniperus,Cupressaceae,1.0,True,True,True,Quercus alba,Quercus,Fagaceae,0.38775121,False,False,False,Thuja occidentalis,Thuja,Cupressaceae,0.68,False,False,True,Juniperus virginiana,Juniperus,Cupressaceae,0.8,True,True,True
baskauf/11534,ind-baskauf/11534,baskauf_11534.jpg,Castanea dentata,bark,bark,of a large tree,https://bioimages.vanderbilt.edu/gq/baskauf/gcade12wplog11534.jpg,Castanea,Fagaceae,Castanea dentata,Castanea,Fagaceae,0.72563386,True,True,True,Castanea dentata,Castanea,Fagaceae,0.28263073,True,True,True,Carya ovata,Carya,Juglandaceae,0.42,False,False,False,Carpinus caroliniana,Carpinus,Betulaceae,0.7,False,False,False
baskauf/11653,ind-baskauf/11653,baskauf_11653.jpg,Tilia americana,twig,twig,orientation of petioles,https://bioimages.vanderbilt.edu/gq/baskauf/gtiamh-twbud11653.jpg,Tilia,Tiliaceae,Tilia americana,Tilia,Tiliaceae,0.99981409,True,True,True,Tilia americana,Tilia,Tiliaceae,0.38240295,True,True,True,Lindera benzoin,Lindera,Lauraceae,0.46,False,False,False,Carpinus caroliniana,Carpinus,Betulaceae,0.7,False,False,False
baskauf/11656,ind-baskauf/11653,baskauf_11656.jpg,Tilia americana,twig,twig,orientation of petioles,https://bioimages.vanderbilt.edu/gq/baskauf/gtiamh-tw11656.jpg,Tilia,Tiliaceae,Tilia americana,Tilia,Tiliaceae,0.99886864,True,True,True,Tilia americana,Tilia,Tiliaceae,0.79005759,True,True,True,Staphylea trifolia,Staphylea,Staphyleaceae,0.42,False,False,False,Tilia americana,Tilia,Tiliaceae,0.8,True,True,True
baskauf/11687,ind-baskauf/11687,baskauf_11687.jpg,Ulmus americana,leaf,leaf,showing orientation on twig,https://bioimages.vanderbilt.edu/gq/baskauf/gulam--lfseveral11687.jpg,Ulmus,Ulmaceae,Ulmus americana,Ulmus,Ulmaceae,0.99591583,True,True,True,Betula alleghaniensis,Betula,Betulaceae,0.23327088,False,False,False,Ostrya virginiana,Ostrya,Betulaceae,0.57,False,False,False,Ulmus rubra,Ulmus,Ulmaceae,0.8,False,True,True
baskauf/11688,ind-baskauf/11687,baskauf_11688.jpg,Ulmus americana,leaf,leaf,whole upper surface,https://bioimages.vanderbilt.edu/gq/baskauf/gulam--lf11688.jpg,Ulmus,Ulmaceae,Ulmus americana,Ulmus,Ulmaceae,0.99941862,True,True,True,Ulmus americana,Ulmus,Ulmaceae,0.30093759,True,True,True,Ostrya virginiana,Ostrya,Betulaceae,0.48,False,False,False,Ostrya virginiana,Ostrya,Betulaceae,0.7,False,False,False
baskauf/11689,ind-baskauf/11687,baskauf_11689.jpg,Ulmus americana,leaf,leaf,margin of upper + lower surface,https://bioimages.vanderbilt.edu/gq/baskauf/gulam--lflower11689.jpg,Ulmus,Ulmaceae,Ulmus americana,Ulmus,Ulmaceae,0.99592859,True,True,True,Betula alleghaniensis,Betula,Betulaceae,0.21415828,False,False,False,Ostrya virginiana,Ostrya,Betulaceae,0.52,False,False,False,Ulmus americana,Ulmus,Ulmaceae,0.8,True,True,True
baskauf/11690,ind-baskauf/11687,baskauf_11690.jpg,Ulmus americana,bark,bark,of a small tree or small branch,https://bioimages.vanderbilt.edu/gq/baskauf/gulam--brsmall11690.jpg,Ulmus,Ulmaceae,Robinia pseudoacacia,Robinia,Fabaceae,0.93680865,False,False,False,Carya ovata,Carya,Juglandaceae,0.41536965,False,False,False,Ostrya virginiana,Ostrya,Betulaceae,0.72,False,False,False,Carpinus caroliniana,Carpinus,Betulaceae,0.7,False,False,False
baskauf/11812,ind-baskauf/11812,baskauf_11812.jpg,Juglans cinerea,bark,bark,of a medium tree or large branch,https://bioimages.vanderbilt.edu/gq/baskauf/gjuci--brmed-close11812.jpg,Juglans,Juglandaceae,Gleditsia triacanthos,Gleditsia,Fabaceae,0.38796893,False,False,False,Gymnocladus dioicus,Gymnocladus,Fabaceae,0.16334151,False,False,False,Carya ovata,Carya,Juglandaceae,0.44,False,False,True,Juglans nigra,Juglans,Juglandaceae,0.6,False,True,True
baskauf/11813,ind-baskauf/11812,baskauf_11813.jpg,Juglans cinerea,bark,bark,of a medium tree or large branch,https://bioimages.vanderbilt.edu/gq/baskauf/gjuci--brmedium11813.jpg,Juglans,Juglandaceae,Juglans cinerea,Juglans,Juglandaceae,0.99224782,True,True,True,Robinia pseudoacacia,Robinia,Fabaceae,0.52385797,False,False,False,Fraxinus americana,Fraxinus,Oleaceae,0.34,False,False,False,Ulmus rubra,Ulmus,Ulmaceae,0.6,False,False,False
baskauf/11815,ind-baskauf/11812,baskauf_11815.jpg,Juglans cinerea,whole tree (or vine),whole tree (or vine),view up trunk,https://bioimages.vanderbilt.edu/gq/baskauf/gjuci--wplookup-med11815.jpg,Juglans,Juglandaceae,Juglans cinerea,Juglans,Juglandaceae,0.99719572,True,True,True,Robinia pseudoacacia,Robinia,Fabaceae,0.19782651,False,False,False,Robinia pseudoacacia,Robinia,Fabaceae,0.76,False,False,False,Gymnocladus dioicus,Gymnocladus,Fabaceae,0.7,False,False,False
baskauf/11961,ind-baskauf/11961,baskauf_11961.jpg,Prunus serotina,leaf,leaf,showing orientation on twig,https://bioimages.vanderbilt.edu/gq/baskauf/gprse2-lfseveral11961.jpg,Prunus,Rosaceae,Prunus serotina,Prunus,Rosaceae,0.99996281,True,True,True,Salix nigra,Salix,Salicaceae,0.19743788,False,False,False,Betula lenta,Betula,Betulaceae,0.42,False,False,False,Prunus serotina,Prunus,Rosaceae,0.7,True,True,True
baskauf/11962,ind-baskauf/11961,baskauf_11962.jpg,Prunus serotina,leaf,leaf,whole upper surface,https://bioimages.vanderbilt.edu/gq/baskauf/gprse2-lf11962.jpg,Prunus,Rosaceae,Prunus serotina,Prunus,Rosaceae,0.99992347,True,True,True,Prunus serotina,Prunus,Rosaceae,0.52076862,True,True,True,Prunus serotina,Prunus,Rosaceae,0.43,True,True,True,Pyrus calleryana,Pyrus,Rosaceae,0.7,False,False,True
baskauf/11964,ind-baskauf/11961,baskauf_11964.jpg,Prunus serotina,fruit,fruit,as borne on the plant,https://bioimages.vanderbilt.edu/gq/baskauf/gprse2-frdevel-dist11964.jpg,Prunus,Rosaceae,Prunus serotina,Prunus,Rosaceae,0.99999511,True,True,True,Nyssa sylvatica,Nyssa,Cornaceae,0.62110126,False,False,False,Prunus serotina,Prunus,Rosaceae,0.95,True,True,True,Prunus virginiana,Prunus,Rosaceae,0.7,False,True,True
baskauf/11966,ind-baskauf/11961,baskauf_11966.jpg,Prunus serotina,fruit,fruit,immature,https://bioimages.vanderbilt.edu/gq/baskauf/gprse2-frdevel11966.jpg,Prunus,Rosaceae,Prunus serotina,Prunus,Rosaceae,0.99999762,True,True,True,Prunus serotina,Prunus,Rosaceae,0.62668723,True,True,True,Prunus serotina,Prunus,Rosaceae,0.8,True,True,True,Prunus virginiana,Prunus,Rosaceae,0.7,False,True,True
baskauf/11993,ind-baskauf/11993,baskauf_11993.jpg,Carya cordiformis,leaf,leaf,whole upper surface,https://bioimages.vanderbilt.edu/gq/baskauf/gcaco15lf11993.jpg,Carya,Juglandaceae,Carya cordiformis,Carya,Juglandaceae,0.99993956,True,True,True,Carya cordiformis,Carya,Juglandaceae,0.520124,True,True,True,Fraxinus pennsylvanica,Fraxinus,Oleaceae,0.48,False,False,False,Fraxinus americana,Fraxinus,Oleaceae,0.7,False,False,False
baskauf/11995,ind-baskauf/11993,baskauf_11995.jpg,Carya cordiformis,twig,twig,close-up winter leaf scar/bud,https://bioimages.vanderbilt.edu/gq/baskauf/gcaco15twax-bud11995.jpg,Carya,Juglandaceae,Carya cordiformis,Carya,Juglandaceae,0.91697967,True,True,True,Tilia americana,Tilia,Tiliaceae,0.31408489,False,False,False,Lonicera morrowii,Lonicera,Caprifoliaceae,0.38,False,False,False,Carpinus caroliniana,Carpinus,Betulaceae,0.7,False,False,False
baskauf/11996,ind-baskauf/11993,baskauf_11996.jpg,Carya cordiformis,whole tree (or vine),whole tree (or vine),general,https://bioimages.vanderbilt.edu/gq/baskauf/gcaco15wpsmall11996.jpg,Carya,Juglandaceae,Carya cordiformis,Carya,Juglandaceae,0.88550961,True,True,True,Robinia pseudoacacia,Robinia,Fabaceae,0.1862655,False,False,False,Ailanthus altissima,Ailanthus,Simaroubaceae,0.82,False,False,False,Fraxinus americana,Fraxinus,Oleaceae,0.7,False,False,False
baskauf/11997,ind-baskauf/11993,baskauf_11997.jpg,Carya cordiformis,twig,twig,close-up winter terminal bud,https://bioimages.vanderbilt.edu/gq/baskauf/gcaco15twterm-bud11997.jpg,Carya,Juglandaceae,Carya cordiformis,Carya,Juglandaceae,0.99939871,True,True,True,Fraxinus pennsylvanica,Fraxinus,Oleaceae,0.3639806,False,False,False,Tilia americana,Tilia,Tiliaceae,0.34,False,False,False,Gleditsia triacanthos,Gleditsia,Fabaceae,0.7,False,False,False
baskauf/12021,ind-baskauf/12021,baskauf_12021.jpg,Ostrya virginiana,bark,bark,of a small tree or small branch,https://bioimages.vanderbilt.edu/gq/baskauf/gosvi--brmedium12021.jpg,Ostrya,Betulaceae,Ostrya virginiana,Ostrya,Betulaceae,0.99983239,True,True,True,Robinia pseudoacacia,Robinia,Fabaceae,0.50957417,False,False,False,Ostrya virginiana,Ostrya,Betulaceae,0.62,True,True,True,Carpinus caroliniana,Carpinus,Betulaceae,0.7,False,False,True
baskauf/12050,ind-baskauf/12050,baskauf_12050.jpg,Quercus muehlenbergii,bark,bark,of a medium tree or large branch,https://bioimages.vanderbilt.edu/gq/baskauf/gqumu--brmed12050.jpg,Quercus,Fagaceae,Quercus muehlenbergii,Quercus,Fagaceae,0.68389326,True,True,True,Carya ovata,Carya,Juglandaceae,0.32526021,False,False,False,Ostrya virginiana,Ostrya,Betulaceae,0.7,False,False,False,Ostrya virginiana,Ostrya,Betulaceae,0.7,False,False,False
baskauf/12055,ind-baskauf/12050,baskauf_12055.jpg,Quercus muehlenbergii,whole tree (or vine),whole tree (or vine),view up trunk,https://bioimages.vanderbilt.edu/gq/baskauf/gqumu--wpmed-in-forest12055.jpg,Quercus,Fagaceae,Quercus muehlenbergii,Quercus,Fagaceae,0.93977171,True,True,True,Tilia americana,Tilia,Tiliaceae,0.25967358,False,False,False,Ostrya virginiana,Ostrya,Betulaceae,0.84,False,False,False,Quercus alba,Quercus,Fagaceae,0.8,False,True,True
baskauf/13650,ind-baskauf/13650,baskauf_13650.jpg,Carya ovata,bark,bark,of a large tree,https://bioimages.vanderbilt.edu/gq/baskauf/gcaov2-brlarge-tree13650.jpg,Carya,Juglandaceae,Carya ovata,Carya,Juglandaceae,0.99966466,True,True,True,Robinia pseudoacacia,Robinia,Fabaceae,0.19992929,False,False,False,Carya ovata,Carya,Juglandaceae,0.8,True,True,True,Ostrya virginiana,Ostrya,Betulaceae,0.7,False,False,False
baskauf/13654,ind-baskauf/13650,baskauf_13654.jpg,Carya ovata,whole tree (or vine),whole tree (or vine),view up trunk,https://bioimages.vanderbilt.edu/gq/baskauf/gcaov2-wplookup-large13654.jpg,Carya,Juglandaceae,Carya ovata,Carya,Juglandaceae,0.99987662,True,True,True,Quercus alba,Quercus,Fagaceae,0.39361739,False,False,False,Acer saccharinum,Acer,Aceraceae,0.82,False,False,False,Aesculus hippocastanum,Aesculus,Hippocastanaceae,0.7,False,False,False
baskauf/15103,ind-baskauf/15103,baskauf_15103.jpg,Cornus florida,fruit,fruit,as borne on the plant,https://bioimages.vanderbilt.edu/gq/baskauf/gcofl2-fr15103.jpg,Cornus,Cornaceae,Cornus florida,Cornus,Cornaceae,0.99956948,True,True,True,Cornus florida,Cornus,Cornaceae,0.9157878,True,True,True,Cornus florida,Cornus,Cornaceae,0.89,True,True,True,Cornus florida,Cornus,Cornaceae,0.8,True,True,True
baskauf/15104,ind-baskauf/15103,baskauf_15104.jpg,Cornus florida,twig,twig,close-up winter terminal bud,https://bioimages.vanderbilt.edu/gq/baskauf/gcofl2-twbuds-fruit15104.jpg,Cornus,Cornaceae,Cornus florida,Cornus,Cornaceae,0.9988305,True,True,True,Cornus florida,Cornus,Cornaceae,0.98130185,True,True,True,Cornus florida,Cornus,Cornaceae,0.95,True,True,True,Cornus sericea,Cornus,Cornaceae,0.8,False,True,True
baskauf/15105,ind-baskauf/15103,baskauf_15105.jpg,Cornus florida,twig,twig,close-up winter terminal bud,https://bioimages.vanderbilt.edu/gq/baskauf/gcofl2-tw15105.jpg,Cornus,Cornaceae,Cornus florida,Cornus,Cornaceae,0.9988305,True,True,True,Cornus florida,Cornus,Cornaceae,0.98256549,True,True,True,Cornus florida,Cornus,Cornaceae,0.97,True,True,True,Cornus florida,Cornus,Cornaceae,0.8,True,True,True
baskauf/15307,ind-baskauf/15307,baskauf_15307.jpg,Acer negundo,leaf,leaf,whole upper surface,https://bioimages.vanderbilt.edu/gq/baskauf/gacne2-lf5-lflets15307.jpg,Acer,Aceraceae,Acer negundo,Acer,Aceraceae,0.99126446,True,True,True,Acer negundo,Acer,Aceraceae,0.96674357,True,True,True,Cornus amomum,Cornus,Cornaceae,0.46,False,False,False,Acer negundo,Acer,Aceraceae,0.7,True,True,True
baskauf/15308,ind-baskauf/15307,baskauf_15308.jpg,Acer negundo,twig,twig,orientation of petioles,https://bioimages.vanderbilt.edu/gq/baskauf/gacne2-tw15308.jpg,Acer,Aceraceae,Acer negundo,Acer,Aceraceae,0.99721587,True,True,True,Juglans nigra,Juglans,Juglandaceae,0.30618783,False,False,False,Populus deltoides,Populus,Salicaceae,0.77,False,False,False,Populus tremuloides,Populus,Salicaceae,0.7,False,False,False
baskauf/15313,ind-baskauf/15307,baskauf_15313.jpg,Acer negundo,leaf,leaf,whole upper surface,https://bioimages.vanderbilt.edu/gq/baskauf/gacne2-lf3-lflets15313.jpg,Acer,Aceraceae,Acer negundo,Acer,Aceraceae,0.99981254,True,True,True,Acer negundo,Acer,Aceraceae,0.98463857,True,True,True,Acer negundo,Acer,Aceraceae,0.92,True,True,True,Acer saccharum,Acer,Aceraceae,0.8,False,True,True
baskauf/15316,ind-baskauf/15307,baskauf_15316.jpg,Acer negundo,leaf,leaf,margin of upper + lower surface,https://bioimages.vanderbilt.edu/gq/baskauf/gacne2-lfmargin-uplow15316.jpg,Acer,Aceraceae,Acer negundo,Acer,Aceraceae,0.98481768,True,True,True,Acer negundo,Acer,Aceraceae,0.5672077,True,True,True,Cornus sericea,Cornus,Cornaceae,0.58,False,False,False,Cornus amomum,Cornus,Cornaceae,0.7,False,False,False
baskauf/15320,ind-baskauf/15307,baskauf_15320.jpg,Acer negundo,bark,bark,of a small tree or small branch,https://bioimages.vanderbilt.edu/gq/baskauf/gacne2-brsmall15320.jpg,Acer,Aceraceae,Acer negundo,Acer,Aceraceae,0.99767119,True,True,True,Ulmus rubra,Ulmus,Ulmaceae,0.19056031,False,False,False,Prunus serotina,Prunus,Rosaceae,0.34,False,False,False,Carpinus caroliniana,Carpinus,Betulaceae,0.7,False,False,False
baskauf/15477,ind-baskauf/15477,baskauf_15477.jpg,Rhus glabra,whole tree (or vine),whole tree (or vine),general,https://bioimages.vanderbilt.edu/gq/baskauf/grhgl--wp15477.jpg,Rhus,Anacardiaceae,Rhus glabra,Rhus,Anacardiaceae,0.97068125,True,True,True,Rhus copallinum,Rhus,Anacardiaceae,0.37835396,False,True,True,Rhus glabra,Rhus,Anacardiaceae,0.72,True,True,True,Rhus glabra,Rhus,Anacardiaceae,0.8,True,True,True
baskauf/15687,ind-baskauf/15687,baskauf_15687.jpg,Sambucus nigra,fruit,fruit,as borne on the plant,https://bioimages.vanderbilt.edu/gq/baskauf/gsanic4frin-fruit15687.jpg,Sambucus,Caprifoliaceae,Sambucus nigra,Sambucus,Caprifoliaceae,0.99293935,True,True,True,Rhus copallinum,Rhus,Anacardiaceae,0.50447003,False,False,False,Sambucus nigra,Sambucus,Caprifoliaceae,0.96,True,True,True,Sambucus nigra,Sambucus,Caprifoliaceae,0.9,True,True,True
baskauf/15688,ind-baskauf/15687,baskauf_15688.jpg,Sambucus nigra,fruit,fruit,lateral or general close-up,https://bioimages.vanderbilt.edu/gq/baskauf/gsanic4frcloseup15688.jpg,Sambucus,Caprifoliaceae,Sambucus nigra,Sambucus,Caprifoliaceae,0.99949574,True,True,True,Sambucus racemosa,Sambucus,Caprifoliaceae,0.34080687,False,True,True,Sambucus nigra,Sambucus,Caprifoliaceae,0.93,True,True,True,Sambucus nigra,Sambucus,Caprifoliaceae,0.9,True,True,True
baskauf/21454,ind-baskauf/21454,baskauf_21454.jpg,Salix nigra,inflorescence,inflorescence,whole - male,https://bioimages.vanderbilt.edu/gq/baskauf/gsani--flinflor21454.jpg,Salix,Salicaceae,Salix nigra,Salix,Salicaceae,1.0,True,True,True,Salix nigra,Salix,Salicaceae,0.33706915,True,True,True,Salix nigra,Salix,Salicaceae,0.97,True,True,True,Salix nigra,Salix,Salicaceae,0.8,True,True,True
baskauf/21457,ind-baskauf/21454,baskauf_21457.jpg,Salix nigra,inflorescence,inflorescence,whole - male,https://bioimages.vanderbilt.edu/gq/baskauf/gsani--fl21457.jpg,Salix,Salicaceae,Salix nigra,Salix,Salicaceae,0.9999615,True,True,True,Quercus palustris,Quercus,Fagaceae,0.27255315,False,False,False,Salix nigra,Salix,Salicaceae,0.92,True,True,True,Salix nigra,Salix,Salicaceae,0.9,True,True,True
baskauf/21465,ind-baskauf/21454,baskauf_21465.jpg,Salix nigra,fruit,fruit,immature,https://bioimages.vanderbilt.edu/gq/baskauf/gsani--frdevel21465.jpg,Salix,Salicaceae,Salix nigra,Salix,Salicaceae,0.99984097,True,True,True,Salix nigra,Salix,Salicaceae,0.24366051,True,True,True,Populus deltoides,Populus,Salicaceae,0.62,False,False,True,Salix nigra,Salix,Salicaceae,0.7,True,True,True
baskauf/21865,ind-baskauf/21860,baskauf_21865.jpg,Fraxinus quadrangulata,bark,bark,of a medium tree or large branch,https://bioimages.vanderbilt.edu/gq/baskauf/gfrqu--br21865.jpg,Fraxinus,Oleaceae,Fraxinus quadrangulata,Fraxinus,Oleaceae,0.97408789,True,True,True,Sorbus americana,Sorbus,Rosaceae,0.08411937,False,False,False,Betula lenta,Betula,Betulaceae,0.44,False,False,False,Betula papyrifera,Betula,Betulaceae,0.7,False,False,False
baskauf/21999,ind-baskauf/21999,baskauf_21999.jpg,Robinia pseudoacacia,inflorescence,inflorescence,whole - unspecified,https://bioimages.vanderbilt.edu/gq/baskauf/grops--flinflor21999.jpg,Robinia,Fabaceae,Robinia pseudoacacia,Robinia,Fabaceae,0.99999523,True,True,True,Robinia pseudoacacia,Robinia,Fabaceae,0.90317925,True,True,True,Robinia pseudoacacia,Robinia,Fabaceae,0.98,True,True,True,Robinia pseudoacacia,Robinia,Fabaceae,0.9,True,True,True
baskauf/22004,ind-baskauf/21999,baskauf_22004.jpg,Robinia pseudoacacia,inflorescence,inflorescence,frontal view of flower,https://bioimages.vanderbilt.edu/gq/baskauf/grops--fl22004.jpg,Robinia,Fabaceae,Robinia pseudoacacia,Robinia,Fabaceae,0.99999523,True,True,True,Robinia pseudoacacia,Robinia,Fabaceae,0.68785005,True,True,True,Robinia pseudoacacia,Robinia,Fabaceae,0.98,True,True,True,Robinia pseudoacacia,Robinia,Fabaceae,0.9,True,True,True
baskauf/22014,ind-baskauf/21999,baskauf_22014.jpg,Robinia pseudoacacia,inflorescence,inflorescence,lateral view of flower,https://bioimages.vanderbilt.edu/gq/baskauf/grops--flinflor-close22014.jpg,Robinia,Fabaceae,Robinia pseudoacacia,Robinia,Fabaceae,0.9999994,True,True,True,Robinia pseudoacacia,Robinia,Fabaceae,0.95455604,True,True,True,Robinia pseudoacacia,Robinia,Fabaceae,0.98,True,True,True,Robinia pseudoacacia,Robinia,Fabaceae,0.9,True,True,True
baskauf/23022,ind-baskauf/23021,baskauf_23022.jpg,Juglans nigra,inflorescence,inflorescence,whole - unspecified,https://bioimages.vanderbilt.edu/gq/baskauf/gjuni--fl23022.jpg,Juglans,Juglandaceae,Juglans nigra,Juglans,Juglandaceae,0.98194045,True,True,True,Juglans nigra,Juglans,Juglandaceae,0.88518229,True,True,True,Juglans cinerea,Juglans,Juglandaceae,0.88,False,True,True,Juglans nigra,Juglans,Juglandaceae,0.9,True,True,True
baskauf/23025,ind-baskauf/23021,baskauf_23025.jpg,Juglans nigra,inflorescence,inflorescence,whole - male,https://bioimages.vanderbilt.edu/gq/baskauf/gjuni--flmale23025.jpg,Juglans,Juglandaceae,Juglans nigra,Juglans,Juglandaceae,0.73053116,True,True,True,Rhus glabra,Rhus,Anacardiaceae,0.45810997,False,False,False,Castanea dentata,Castanea,Fagaceae,0.4,False,False,False,Juglans nigra,Juglans,Juglandaceae,0.8,True,True,True
baskauf/26131,ind-baskauf/26128,baskauf_26131.jpg,Picea rubens,leaf,leaf,showing orientation on twig,https://bioimages.vanderbilt.edu/gq/baskauf/gpiru--lf26131.jpg,Picea,Pinaceae,Picea rubens,Picea,Pinaceae,0.99999893,True,True,True,Picea rubens,Picea,Pinaceae,0.87639903,True,True,True,Picea glauca,Picea,Pinaceae,0.74,False,True,True,Picea glauca,Picea,Pinaceae,0.8,False,True,True
baskauf/26308,ind-baskauf/26298,baskauf_26308.jpg,Viburnum lantanoides,twig,twig,orientation of petioles,https://bioimages.vanderbilt.edu/gq/baskauf/gvila11tw26308.jpg,Viburnum,Caprifoliaceae,Viburnum lantanoides,Viburnum,Caprifoliaceae,1.0,True,True,True,Viburnum lantanoides,Viburnum,Caprifoliaceae,0.46383419,True,True,True,Hamamelis virginiana,Hamamelis,Hamamelidaceae,0.81,False,False,False,Carpinus caroliniana,Carpinus,Betulaceae,0.7,False,False,False
baskauf/26311,ind-baskauf/26298,baskauf_26311.jpg,Viburnum lantanoides,leaf,leaf,showing orientation on twig,https://bioimages.vanderbilt.edu/gq/baskauf/gvila11lfseveral26311.jpg,Viburnum,Caprifoliaceae,Viburnum lantanoides,Viburnum,Caprifoliaceae,1.0,True,True,True,Viburnum lantanoides,Viburnum,Caprifoliaceae,0.79104252,True,True,True,Ostrya virginiana,Ostrya,Betulaceae,0.62,False,False,False,Viburnum opulus,Viburnum,Caprifoliaceae,0.7,False,True,True
baskauf/26321,ind-baskauf/26298,baskauf_26321.jpg,Viburnum lantanoides,fruit,fruit,as borne on the plant,https://bioimages.vanderbilt.edu/gq/baskauf/gvila11frdevel-infruct26321.jpg,Viburnum,Caprifoliaceae,Viburnum lantanoides,Viburnum,Caprifoliaceae,0.99999988,True,True,True,Tilia americana,Tilia,Tiliaceae,0.79349141,False,False,False,Aesculus glabra,Aesculus,Hippocastanaceae,0.86,False,False,False,Viburnum opulus,Viburnum,Caprifoliaceae,0.8,False,True,True
baskauf/26325,ind-baskauf/26298,baskauf_26325.jpg,Viburnum lantanoides,fruit,fruit,immature,https://bioimages.vanderbilt.edu/gq/baskauf/gvila11frdevel26325.jpg,Viburnum,Caprifoliaceae,Viburnum lantanoides,Viburnum,Caprifoliaceae,0.99999917,True,True,True,Tilia americana,Tilia,Tiliaceae,0.42868081,False,False,False,Staphylea trifolia,Staphylea,Staphyleaceae,0.89,False,False,False,Cornus racemosa,Cornus,Cornaceae,0.7,False,False,False
baskauf/27132,ind-baskauf/27131,baskauf_27132.jpg,Yucca filamentosa,fruit,fruit,lateral or general close-up,https://bioimages.vanderbilt.edu/gq/baskauf/gyufl2-fr27132.jpg,Yucca,Agavaceae,Yucca filamentosa,Yucca,Agavaceae,0.99578887,True,True,True,Gymnocladus dioicus,Gymnocladus,Fabaceae,0.31371723,False,False,False,Yucca filamentosa,Yucca,Agavaceae,0.98,True,True,True,Yucca filamentosa,Yucca,Agavaceae,0.7,True,True,True
baskauf/27137,ind-baskauf/27131,baskauf_27137.jpg,Yucca filamentosa,fruit,fruit,lateral or general close-up,https://bioimages.vanderbilt.edu/gq/baskauf/gyufl2-fr27137.jpg,Yucca,Agavaceae,Yucca filamentosa,Yucca,Agavaceae,0.98776245,True,True,True,Gymnocladus dioicus,Gymnocladus,Fabaceae,0.70709649,False,False,False,Yucca filamentosa,Yucca,Agavaceae,0.96,True,True,True,Staphylea trifolia,Staphylea,Staphyleaceae,0.8,False,False,False
baskauf/27139,ind-baskauf/27131,baskauf_27139.jpg,Yucca filamentosa,bark,bark,of a small tree or small branch,https://bioimages.vanderbilt.edu/gq/baskauf/gyufl2-br27139.jpg,Yucca,Agavaceae,Yucca filamentosa,Yucca,Agavaceae,0.4924655,True,True,True,Rhus glabra,Rhus,Anacardiaceae,0.24100876,False,False,False,Ostrya virginiana,Ostrya,Betulaceae,0.38,False,False,False,Carpinus caroliniana,Carpinus,Betulaceae,0.7,False,False,False
baskauf/27143,ind-baskauf/27131,baskauf_27143.jpg,Yucca filamentosa,twig,twig,orientation of petioles,https://bioimages.vanderbilt.edu/gq/baskauf/gyufl2-tw27143.jpg,Yucca,Agavaceae,Yucca filamentosa,Yucca,Agavaceae,0.77829295,True,True,True,Juglans nigra,Juglans,Juglandaceae,0.30233382,False,False,False,Sambucus racemosa,Sambucus,Caprifoliaceae,0.42,False,False,False,Rhus glabra,Rhus,Anacardiaceae,0.7,False,False,False
baskauf/28751,ind-baskauf/28751,baskauf_28751.jpg,Sambucus racemosa,fruit,fruit,as borne on the plant,https://bioimages.vanderbilt.edu/gq/baskauf/gsarar3frinfruct28751.jpg,Sambucus,Caprifoliaceae,Sambucus racemosa,Sambucus,Caprifoliaceae,0.99906296,True,True,True,Sambucus racemosa,Sambucus,Caprifoliaceae,0.59857721,True,True,True,Viburnum opulus,Viburnum,Caprifoliaceae,0.93,False,False,True,Sambucus nigra,Sambucus,Caprifoliaceae,0.8,False,True,True
baskauf/28754,ind-baskauf/28751,baskauf_28754.jpg,Sambucus racemosa,fruit,fruit,lateral or general close-up,https://bioimages.vanderbilt.edu/gq/baskauf/gsarar3fr28754.jpg,Sambucus,Caprifoliaceae,Sambucus racemosa,Sambucus,Caprifoliaceae,0.99849355,True,True,True,Sambucus racemosa,Sambucus,Caprifoliaceae,0.4755589,True,True,True,Sambucus racemosa,Sambucus,Caprifoliaceae,0.78,True,True,True,Sambucus nigra,Sambucus,Caprifoliaceae,0.8,False,True,True
baskauf/28756,ind-baskauf/28751,baskauf_28756.jpg,Sambucus racemosa,leaf,leaf,whole upper surface,https://bioimages.vanderbilt.edu/gq/baskauf/gsarar3lf28756.jpg,Sambucus,Caprifoliaceae,Sambucus racemosa,Sambucus,Caprifoliaceae,0.99435222,True,True,True,Sambucus racemosa,Sambucus,Caprifoliaceae,0.9517528,True,True,True,Sambucus nigra,Sambucus,Caprifoliaceae,0.78,False,True,True,Sambucus nigra,Sambucus,Caprifoliaceae,0.8,False,True,True
baskauf/30941,ind-baskauf/30937,baskauf_30941.jpg,Cornus amomum,twig,twig,unspecified,https://bioimages.vanderbilt.edu/gq/baskauf/gcoob9-twpith30941.jpg,Cornus,Cornaceae,Cornus amomum,Cornus,Cornaceae,0.99977857,True,True,True,Cornus amomum,Cornus,Cornaceae,0.43767693,True,True,True,Cornus sericea,Cornus,Cornaceae,0.78,False,True,True,Acer rubrum,Acer,Aceraceae,0.8,False,False,False
baskauf/32255,ind-baskauf/32253,baskauf_32255.jpg,Rhus aromatica,whole tree (or vine),whole tree (or vine),winter,https://bioimages.vanderbilt.edu/gq/baskauf/grhar4-wpin-bloom32255.jpg,Rhus,Anacardiaceae,Rhus aromatica,Rhus,Anacardiaceae,0.98762673,True,True,True,Sassafras albidum,Sassafras,Lauraceae,0.72278278,False,False,False,Lindera benzoin,Lindera,Lauraceae,0.87,False,False,False,Lindera benzoin,Lindera,Lauraceae,0.7,False,False,False
baskauf/32257,ind-baskauf/32253,baskauf_32257.jpg,Rhus aromatica,inflorescence,inflorescence,whole - unspecified,https://bioimages.vanderbilt.edu/gq/baskauf/grhar4-fl32257.jpg,Rhus,Anacardiaceae,Rhus aromatica,Rhus,Anacardiaceae,0.81545663,True,True,True,Sassafras albidum,Sassafras,Lauraceae,0.20575655,False,False,False,Acer platanoides,Acer,Aceraceae,0.74,False,False,False,Cephalanthus occidentalis,Cephalanthus,Rubiaceae,0.8,False,False,False
baskauf/32478,ind-baskauf/32477,baskauf_32478.jpg,Amelanchier arborea,fruit,fruit,immature,https://bioimages.vanderbilt.edu/gq/baskauf/gamar3-frdevel32478.jpg,Amelanchier,Rosaceae,Amelanchier arborea,Amelanchier,Rosaceae,1.0,True,True,True,Amelanchier arborea,Amelanchier,Rosaceae,0.68204084,True,True,True,Amelanchier arborea,Amelanchier,Rosaceae,0.84,True,True,True,Amelanchier arborea,Amelanchier,Rosaceae,0.7,True,True,True
baskauf/32481,ind-baskauf/32477,baskauf_32481.jpg,Amelanchier arborea,fruit,fruit,as borne on the plant,https://bioimages.vanderbilt.edu/gq/baskauf/gamar3-frdevel-infruct32481.jpg,Amelanchier,Rosaceae,Amelanchier arborea,Amelanchier,Rosaceae,1.0,True,True,True,Amelanchier arborea,Amelanchier,Rosaceae,0.83790123,True,True,True,Pyrus calleryana,Pyrus,Rosaceae,0.84,False,False,True,Amelanchier arborea,Amelanchier,Rosaceae,0.7,True,True,True
baskauf/32482,ind-baskauf/32477,baskauf_32482.jpg,Amelanchier arborea,leaf,leaf,whole upper surface,https://bioimages.vanderbilt.edu/gq/baskauf/gamar3-lf32482.jpg,Amelanchier,Rosaceae,Amelanchier arborea,Amelanchier,Rosaceae,1.0,True,True,True,Amelanchier arborea,Amelanchier,Rosaceae,0.6476323,True,True,True,Cornus florida,Cornus,Cornaceae,0.94,False,False,False,Pyrus calleryana,Pyrus,Rosaceae,0.6,False,False,True
baskauf/32768,ind-baskauf/32766,baskauf_32768.jpg,Pyrus calleryana,leaf,leaf,margin of upper + lower surface,https://bioimages.vanderbilt.edu/gq/baskauf/gpyca80lfmargin-micro32768.jpg,Pyrus,Rosaceae,Rhus copallinum,Rhus,Anacardiaceae,0.68902433,False,False,False,Pyrus calleryana,Pyrus,Rosaceae,0.96457867,True,True,True,Fagus grandifolia,Fagus,Fagaceae,0.42,False,False,False,Lonicera morrowii,Lonicera,Caprifoliaceae,0.7,False,False,False
baskauf/32770,ind-baskauf/32766,baskauf_32770.jpg,Pyrus calleryana,leaf,leaf,margin of upper + lower surface,https://bioimages.vanderbilt.edu/gq/baskauf/gpyca80lfmargin-micro32770.jpg,Pyrus,Rosaceae,Amelanchier arborea,Amelanchier,Rosaceae,0.9999696,False,False,True,Pyrus calleryana,Pyrus,Rosaceae,0.50827469,True,True,True,Fagus grandifolia,Fagus,Fagaceae,0.42,False,False,False,Lonicera morrowii,Lonicera,Caprifoliaceae,0.7,False,False,False
baskauf/35627,ind-baskauf/35627,baskauf_35627.jpg,Ilex verticillata,inflorescence,inflorescence,whole - male,https://bioimages.vanderbilt.edu/gq/baskauf/gilve--flmale-several35627.jpg,Ilex,Aquifoliaceae,Ilex verticillata,Ilex,Aquifoliaceae,1.0,True,True,True,Ilex verticillata,Ilex,Aquifoliaceae,0.57859908,True,True,True,Lonicera morrowii,Lonicera,Caprifoliaceae,0.96,False,False,False,Cephalanthus occidentalis,Cephalanthus,Rubiaceae,0.7,False,False,False
baskauf/35633,ind-baskauf/35627,baskauf_35633.jpg,Ilex verticillata,inflorescence,inflorescence,frontal view of flower,https://bioimages.vanderbilt.edu/gq/baskauf/gilve--flmale35633.jpg,Ilex,Aquifoliaceae,Ilex verticillata,Ilex,Aquifoliaceae,0.99999988,True,True,True,Ilex verticillata,Ilex,Aquifoliaceae,0.65403466,True,True,True,Ilex verticillata,Ilex,Aquifoliaceae,0.52,True,True,True,Cephalanthus occidentalis,Cephalanthus,Rubiaceae,0.7,False,False,False
baskauf/37287,ind-baskauf/37284,baskauf_37287.jpg,Betula lenta,bark,bark,of a medium tree or large branch,https://bioimages.vanderbilt.edu/gq/baskauf/gbele--br37287.jpg,Betula,Betulaceae,Prunus serotina,Prunus,Rosaceae,0.83887666,False,False,False,Betula alleghaniensis,Betula,Betulaceae,0.23740053,False,True,True,Betula lenta,Betula,Betulaceae,0.44,True,True,True,Betula lenta,Betula,Betulaceae,0.7,True,True,True
baskauf/37293,ind-baskauf/37284,baskauf_37293.jpg,Betula lenta,bark,bark,of a small tree or small branch,https://bioimages.vanderbilt.edu/gq/baskauf/gbele--brsmall37293.jpg,Betula,Betulaceae,Betula alleghaniensis,Betula,Betulaceae,0.93834269,False,True,True,Prunus serotina,Prunus,Rosaceae,0.21063469,False,False,False,Prunus serotina,Prunus,Rosaceae,0.63,False,False,False,Carpinus caroliniana,Carpinus,Betulaceae,0.6,False,False,True
baskauf/37296,ind-baskauf/37284,baskauf_37296.jpg,Betula lenta,twig,twig,winter overall,https://bioimages.vanderbilt.edu/gq/baskauf/gbele--tw37296.jpg,Betula,Betulaceae,Amelanchier arborea,Amelanchier,Rosaceae,0.61507678,False,False,False,Rhus aromatica,Rhus,Anacardiaceae,0.2114889,False,False,False,Ostrya virginiana,Ostrya,Betulaceae,0.42,False,False,True,Carpinus caroliniana,Carpinus,Betulaceae,0.7,False,False,True
baskauf/39140,ind-baskauf/39138,baskauf_39140.jpg,Acer saccharum,twig,twig,close-up winter terminal bud,https://bioimages.vanderbilt.edu/gq/baskauf/gacsa3-twleaf-scar39140.jpg,Acer,Aceraceae,Acer saccharum,Acer,Aceraceae,0.98234326,True,True,True,Ailanthus altissima,Ailanthus,Simaroubaceae,0.66808757,False,False,False,Magnolia acuminata,Magnolia,Magnoliaceae,0.78,False,False,False,Fraxinus americana,Fraxinus,Oleaceae,0.7,False,False,False
baskauf/39144,ind-baskauf/39138,baskauf_39144.jpg,Acer saccharum,twig,twig,close-up winter terminal bud,https://bioimages.vanderbilt.edu/gq/baskauf/gacsa3-twterm-bud39144.jpg,Acer,Aceraceae,Acer saccharum,Acer,Aceraceae,0.95025802,True,True,True,Ailanthus altissima,Ailanthus,Simaroubaceae,0.21073092,False,False,False,Betula lenta,Betula,Betulaceae,0.34,False,False,False,Fraxinus americana,Fraxinus,Oleaceae,0.8,False,False,False
baskauf/39161,ind-baskauf/39138,baskauf_39161.jpg,Acer saccharum,twig,twig,close-up winter leaf scar/bud,https://bioimages.vanderbilt.edu/gq/baskauf/gacsa3-twopposite-buds39161.jpg,Acer,Aceraceae,Acer saccharum,Acer,Aceraceae,0.9999944,True,True,True,Quercus palustris,Quercus,Fagaceae,0.24372844,False,False,False,Acer saccharum,Acer,Aceraceae,0.58,True,True,True,Fraxinus americana,Fraxinus,Oleaceae,0.7,False,False,False
baskauf/39181,ind-baskauf/39138,baskauf_39181.jpg,Acer saccharum,twig,twig,close-up winter terminal bud,https://bioimages.vanderbilt.edu/gq/baskauf/gacsa3-twterm-leaf-scar39181.jpg,Acer,Aceraceae,Acer saccharum,Acer,Aceraceae,0.99989307,True,True,True,Ailanthus altissima,Ailanthus,Simaroubaceae,0.67579712,False,False,False,Magnolia acuminata,Magnolia,Magnoliaceae,0.83,False,False,False,Fraxinus americana,Fraxinus,Oleaceae,0.7,False,False,False
baskauf/39880,ind-baskauf/39879,baskauf_39880.jpg,Aesculus glabra,fruit,fruit,immature,https://bioimages.vanderbilt.edu/gq/baskauf/gaegl--frdevel39880.jpg,Aesculus,Hippocastanaceae,Aesculus glabra,Aesculus,Hippocastanaceae,0.99998689,True,True,True,Aesculus glabra,Aesculus,Hippocastanaceae,0.92049981,True,True,True,Aesculus hippocastanum,Aesculus,Hippocastanaceae,0.92,False,True,True,Aesculus hippocastanum,Aesculus,Hippocastanaceae,0.9,False,True,True
baskauf/49335,ind-baskauf/49335,baskauf_49335.jpg,Sorbus americana,whole tree (or vine),whole tree (or vine),general,https://bioimages.vanderbilt.edu/gq/baskauf/gsoam3-wpin-flower49335.jpg,Sorbus,Rosaceae,Sorbus americana,Sorbus,Rosaceae,1.0,True,True,True,Ailanthus altissima,Ailanthus,Simaroubaceae,0.4979974,False,False,False,Sorbus americana,Sorbus,Rosaceae,0.82,True,True,True,Sorbus americana,Sorbus,Rosaceae,0.7,True,True,True
baskauf/49339,ind-baskauf/49335,baskauf_49339.jpg,Sorbus americana,inflorescence,inflorescence,whole - unspecified,https://bioimages.vanderbilt.edu/gq/baskauf/gsoam3-flinflor49339.jpg,Sorbus,Rosaceae,Sorbus americana,Sorbus,Rosaceae,0.99966371,True,True,True,Sorbus americana,Sorbus,Rosaceae,0.4949796,True,True,True,Sambucus nigra,Sambucus,Caprifoliaceae,0.93,False,False,False,Sorbus americana,Sorbus,Rosaceae,0.8,True,True,True
baskauf/49341,ind-baskauf/49335,baskauf_49341.jpg,Sorbus americana,inflorescence,inflorescence,frontal view of flower,https://bioimages.vanderbilt.edu/gq/baskauf/gsoam3-fl49341.jpg,Sorbus,Rosaceae,Sorbus americana,Sorbus,Rosaceae,0.99999726,True,True,True,Sorbus americana,Sorbus,Rosaceae,0.25789501,True,True,True,Sorbus americana,Sorbus,Rosaceae,0.74,True,True,True,Sorbus americana,Sorbus,Rosaceae,0.7,True,True,True
baskauf/49344,ind-baskauf/49335,baskauf_49344.jpg,Sorbus americana,inflorescence,inflorescence,lateral view of flower,https://bioimages.vanderbilt.edu/gq/baskauf/gsoam3-fl49344.jpg,Sorbus,Rosaceae,Sorbus americana,Sorbus,Rosaceae,0.99999917,True,True,True,Prunus serotina,Prunus,Rosaceae,0.22906415,False,False,True,Prunus serotina,Prunus,Rosaceae,0.82,False,False,True,Sorbus americana,Sorbus,Rosaceae,0.7,True,True,True
baskauf/50460,ind-baskauf/50458,baskauf_50460.jpg,Lindera benzoin,inflorescence,inflorescence,whole - unspecified,https://bioimages.vanderbilt.edu/gq/baskauf/glibe3-flinflor50460.jpg,Lindera,Lauraceae,Lindera benzoin,Lindera,Lauraceae,0.99999976,True,True,True,Lindera benzoin,Lindera,Lauraceae,0.54851916,True,True,True,Acer saccharum,Acer,Aceraceae,0.62,False,False,False,Hamamelis virginiana,Hamamelis,Hamamelidaceae,0.7,False,False,False
baskauf/50462,ind-baskauf/50458,baskauf_50462.jpg,Lindera benzoin,inflorescence,inflorescence,lateral view of flower,https://bioimages.vanderbilt.edu/gq/baskauf/glibe3-fl50462.jpg,Lindera,Lauraceae,Lindera benzoin,Lindera,Lauraceae,0.99999774,True,True,True,Lindera benzoin,Lindera,Lauraceae,0.37464496,True,True,True,Acer platanoides,Acer,Aceraceae,0.67,False,False,False,Lindera benzoin,Lindera,Lauraceae,0.7,True,True,True
baskauf/50467,ind-baskauf/50458,baskauf_50467.jpg,Lindera benzoin,whole tree (or vine),whole tree (or vine),general,https://bioimages.vanderbilt.edu/gq/baskauf/glibe3-fldistant50467.jpg,Lindera,Lauraceae,Lindera benzoin,Lindera,Lauraceae,1.0,True,True,True,Lindera benzoin,Lindera,Lauraceae,0.35999884,True,True,True,Lindera benzoin,Lindera,Lauraceae,0.88,True,True,True,Lindera benzoin,Lindera,Lauraceae,0.8,True,True,True
baskauf/51813,ind-baskauf/51813,baskauf_51813.jpg,Zanthoxylum americanum,inflorescence,inflorescence,frontal view of flower,https://bioimages.vanderbilt.edu/gq/baskauf/gzaam--flfemale-front51813.jpg,Zanthoxylum,Rutaceae,Zanthoxylum americanum,Zanthoxylum,Rutaceae,0.99998832,True,True,True,Quercus palustris,Quercus,Fagaceae,0.21162798,False,False,False,Cornus amomum,Cornus,Cornaceae,0.46,False,False,False,Lindera benzoin,Lindera,Lauraceae,0.7,False,False,False
baskauf/51814,ind-baskauf/51813,baskauf_51814.jpg,Zanthoxylum americanum,inflorescence,inflorescence,whole - female,https://bioimages.vanderbilt.edu/gq/baskauf/gzaam--flfemale-inflor51814.jpg,Zanthoxylum,Rutaceae,Zanthoxylum americanum,Zanthoxylum,Rutaceae,0.99999356,True,True,True,Gleditsia triacanthos,Gleditsia,Fabaceae,0.47153093,False,False,False,Lonicera morrowii,Lonicera,Caprifoliaceae,0.83,False,False,False,Rhus glabra,Rhus,Anacardiaceae,0.7,False,False,False
baskauf/51815,ind-baskauf/51813,baskauf_51815.jpg,Zanthoxylum americanum,inflorescence,inflorescence,lateral view of flower,https://bioimages.vanderbilt.edu/gq/baskauf/gzaam--flfemale-side51815.jpg,Zanthoxylum,Rutaceae,Zanthoxylum americanum,Zanthoxylum,Rutaceae,0.99987388,True,True,True,Acer negundo,Acer,Aceraceae,0.1738343,False,False,False,Acer saccharum,Acer,Aceraceae,0.76,False,False,False,Rhus glabra,Rhus,Anacardiaceae,0.7,False,False,False
baskauf/51816,ind-baskauf/51813,baskauf_51816.jpg,Zanthoxylum americanum,twig,twig,orientation of petioles,https://bioimages.vanderbilt.edu/gq/baskauf/gzaam--twwith-flowers51816.jpg,Zanthoxylum,Rutaceae,Zanthoxylum americanum,Zanthoxylum,Rutaceae,0.99999952,True,True,True,Quercus palustris,Quercus,Fagaceae,0.3452518,False,False,False,Pyrus calleryana,Pyrus,Rosaceae,0.62,False,False,False,Rhus glabra,Rhus,Anacardiaceae,0.7,False,False,False
baskauf/54564,ind-baskauf/54562,baskauf_54564.jpg,Lonicera morrowii,whole tree (or vine),whole tree (or vine),general,https://bioimages.vanderbilt.edu/gq/baskauf/glomo2-wpin-fruit54564.jpg,Lonicera,Caprifoliaceae,Lonicera morrowii,Lonicera,Caprifoliaceae,0.73094869,True,True,True,Ilex verticillata,Ilex,Aquifoliaceae,0.28597807,False,False,False,Lonicera morrowii,Lonicera,Caprifoliaceae,0.87,True,True,True,Lonicera morrowii,Lonicera,Caprifoliaceae,0.8,True,True,True
baskauf/54565,ind-baskauf/54562,baskauf_54565.jpg,Lonicera morrowii,fruit,fruit,as borne on the plant,https://bioimages.vanderbilt.edu/gq/baskauf/glomo2-frdistant54565.jpg,Lonicera,Caprifoliaceae,Lonicera morrowii,Lonicera,Caprifoliaceae,0.99979347,True,True,True,Ilex verticillata,Ilex,Aquifoliaceae,0.27153401,False,False,False,Lonicera morrowii,Lonicera,Caprifoliaceae,0.98,True,True,True,Lonicera morrowii,Lonicera,Caprifoliaceae,0.9,True,True,True
baskauf/54568,ind-baskauf/54562,baskauf_54568.jpg,Lonicera morrowii,fruit,fruit,lateral or general close-up,https://bioimages.vanderbilt.edu/gq/baskauf/glomo2-frclose54568.jpg,Lonicera,Caprifoliaceae,Lonicera morrowii,Lonicera,Caprifoliaceae,0.99568164,True,True,True,Pyrus calleryana,Pyrus,Rosaceae,0.31253008,False,False,False,Lonicera morrowii,Lonicera,Caprifoliaceae,0.95,True,True,True,Sambucus nigra,Sambucus,Caprifoliaceae,0.8,False,False,True
baskauf/65657,ind-baskauf/65657,baskauf_65657.jpg,Dirca palustris,whole tree (or vine),whole tree (or vine),general,https://bioimages.vanderbilt.edu/gq/baskauf/gdipa9-wp65657.jpg,Dirca,Thymelaeaceae,Lindera benzoin,Lindera,Lauraceae,0.89642239,False,False,False,Dirca palustris,Dirca,Thymelaeaceae,0.70589868,True,True,True,Lindera benzoin,Lindera,Lauraceae,0.72,False,False,False,Lindera benzoin,Lindera,Lauraceae,0.7,False,False,False
baskauf/66180,ind-baskauf/66180,baskauf_66180.jpg,Gleditsia triacanthos,whole tree (or vine),whole tree (or vine),general,https://bioimages.vanderbilt.edu/gq/baskauf/ggltr--wp66180.jpg,Gleditsia,Fabaceae,Gleditsia triacanthos,Gleditsia,Fabaceae,0.99998736,True,True,True,Gleditsia triacanthos,Gleditsia,Fabaceae,0.23201954,True,True,True,Ailanthus altissima,Ailanthus,Simaroubaceae,0.8,False,False,False,Gleditsia triacanthos,Gleditsia,Fabaceae,0.7,True,True,True
baskauf/66181,ind-baskauf/66180,baskauf_66181.jpg,Gleditsia triacanthos,bark,bark,of a medium tree or large branch,https://bioimages.vanderbilt.edu/gq/baskauf/ggltr--brmedium66181.jpg,Gleditsia,Fabaceae,Gleditsia triacanthos,Gleditsia,Fabaceae,0.9999994,True,True,True,Gleditsia triacanthos,Gleditsia,Fabaceae,0.97647758,True,True,True,Gleditsia triacanthos,Gleditsia,Fabaceae,0.98,True,True,True,Gleditsia triacanthos,Gleditsia,Fabaceae,0.9,True,True,True
baskauf/66182,ind-baskauf/66180,baskauf_66182.jpg,Gleditsia triacanthos,bark,bark,of a medium tree or large branch,https://bioimages.vanderbilt.edu/gq/baskauf/ggltr--brmedium66182.jpg,Gleditsia,Fabaceae,Gleditsia triacanthos,Gleditsia,Fabaceae,0.99999714,True,True,True,Gleditsia triacanthos,Gleditsia,Fabaceae,0.75076048,True,True,True,Gleditsia triacanthos,Gleditsia,Fabaceae,0.98,True,True,True,Gleditsia triacanthos,Gleditsia,Fabaceae,0.9,True,True,True
baskauf/66183,ind-baskauf/66180,baskauf_66183.jpg,Gleditsia triacanthos,inflorescence,inflorescence,whole - male,https://bioimages.vanderbilt.edu/gq/baskauf/ggltr--flmale-distant66183.jpg,Gleditsia,Fabaceae,Gleditsia triacanthos,Gleditsia,Fabaceae,0.99999666,True,True,True,Gleditsia triacanthos,Gleditsia,Fabaceae,0.97175039,True,True,True,Gleditsia triacanthos,Gleditsia,Fabaceae,0.99,True,True,True,Gleditsia triacanthos,Gleditsia,Fabaceae,0.8,True,True,True
baskauf/66184,ind-baskauf/66180,baskauf_66184.jpg,Gleditsia triacanthos,inflorescence,inflorescence,whole - male,https://bioimages.vanderbilt.edu/gq/baskauf/ggltr--flmale-inflor66184.jpg,Gleditsia,Fabaceae,Gleditsia triacanthos,Gleditsia,Fabaceae,0.9999994,True,True,True,Gleditsia triacanthos,Gleditsia,Fabaceae,0.87268755,True,True,True,Juglans nigra,Juglans,Juglandaceae,0.62,False,False,False,Gleditsia triacanthos,Gleditsia,Fabaceae,0.7,True,True,True
baskauf/66185,ind-baskauf/66180,baskauf_66185.jpg,Gleditsia triacanthos,inflorescence,inflorescence,frontal view of flower,https://bioimages.vanderbilt.edu/gq/baskauf/ggltr--flmale-front66185.jpg,Gleditsia,Fabaceae,Gleditsia triacanthos,Gleditsia,Fabaceae,0.99999857,True,True,True,Rhus glabra,Rhus,Anacardiaceae,0.38372584,False,False,False,Gleditsia triacanthos,Gleditsia,Fabaceae,0.84,True,True,True,Gleditsia triacanthos,Gleditsia,Fabaceae,0.7,True,True,True
baskauf/66187,ind-baskauf/66180,baskauf_66187.jpg,Gleditsia triacanthos,inflorescence,inflorescence,lateral view of flower,https://bioimages.vanderbilt.edu/gq/baskauf/ggltr--flmale-side66187.jpg,Gleditsia,Fabaceae,Gleditsia triacanthos,Gleditsia,Fabaceae,0.99979573,True,True,True,Gleditsia triacanthos,Gleditsia,Fabaceae,0.23086144,True,True,True,Prunus serotina,Prunus,Rosaceae,0.52,False,False,False,Gleditsia triacanthos,Gleditsia,Fabaceae,0.7,True,True,True
baskauf/66188,ind-baskauf/66180,baskauf_66188.jpg,Gleditsia triacanthos,inflorescence,inflorescence,frontal view of flower,https://bioimages.vanderbilt.edu/gq/baskauf/ggltr--flmale-front66188.jpg,Gleditsia,Fabaceae,Gleditsia triacanthos,Gleditsia,Fabaceae,0.99999058,True,True,True,Gleditsia triacanthos,Gleditsia,Fabaceae,0.94058116,True,True,True,Gleditsia triacanthos,Gleditsia,Fabaceae,0.88,True,True,True,Gleditsia triacanthos,Gleditsia,Fabaceae,0.7,True,True,True
baskauf/66190,ind-baskauf/66180,baskauf_66190.jpg,Gleditsia triacanthos,twig,twig,orientation of petioles,https://bioimages.vanderbilt.edu/gq/baskauf/ggltr--twthorn66190.jpg,Gleditsia,Fabaceae,Gleditsia triacanthos,Gleditsia,Fabaceae,0.99997735,True,True,True,Gleditsia triacanthos,Gleditsia,Fabaceae,0.98569808,True,True,True,Gleditsia triacanthos,Gleditsia,Fabaceae,0.99,True,True,True,Gleditsia triacanthos,Gleditsia,Fabaceae,0.8,True,True,True
baskauf/66191,ind-baskauf/66180,baskauf_66191.jpg,Gleditsia triacanthos,inflorescence,inflorescence,whole - male,https://bioimages.vanderbilt.edu/gq/baskauf/ggltr--flmale-distant66191.jpg,Gleditsia,Fabaceae,Gleditsia triacanthos,Gleditsia,Fabaceae,0.99994648,True,True,True,Gleditsia triacanthos,Gleditsia,Fabaceae,0.94900217,True,True,True,Gleditsia triacanthos,Gleditsia,Fabaceae,0.98,True,True,True,Gleditsia triacanthos,Gleditsia,Fabaceae,0.8,True,True,True
baskauf/66192,ind-baskauf/66180,baskauf_66192.jpg,Gleditsia triacanthos,inflorescence,inflorescence,whole - male,https://bioimages.vanderbilt.edu/gq/baskauf/ggltr--flmale66192.jpg,Gleditsia,Fabaceae,Gleditsia triacanthos,Gleditsia,Fabaceae,0.93984699,True,True,True,Gleditsia triacanthos,Gleditsia,Fabaceae,0.89626863,True,True,True,Prunus virginiana,Prunus,Rosaceae,0.42,False,False,False,Zanthoxylum americanum,Zanthoxylum,Rutaceae,0.7,False,False,False
kaufmannm/ke064,ind-kaufmannm/ke064,kaufmannm_ke064.jpg,Populus tremuloides,whole tree (or vine),whole tree (or vine),general,https://bioimages.vanderbilt.edu/gq/kaufmannm/gpotr5-wpfall-color-mke064.jpg,Populus,Salicaceae,Populus tremuloides,Populus,Salicaceae,1.0,True,True,True,Populus tremuloides,Populus,Salicaceae,0.8722459,True,True,True,Populus tremuloides,Populus,Salicaceae,0.79,True,True,True,Populus tremuloides,Populus,Salicaceae,0.8,True,True,True
kirchoff/em2338,ind-kirchoff/mason19,kirchoff_em2338.jpg,Quercus palustris,whole tree (or vine),whole tree (or vine),general,https://bioimages.vanderbilt.edu/gq/kirchoff/gem2338.jpg,Quercus,Fagaceae,Quercus palustris,Quercus,Fagaceae,0.99994934,True,True,True,Quercus palustris,Quercus,Fagaceae,0.49648021,True,True,True,Gleditsia triacanthos,Gleditsia,Fabaceae,0.42,False,False,False,Quercus alba,Quercus,Fagaceae,0.7,False,True,True
kirchoff/em2339,ind-kirchoff/mason19,kirchoff_em2339.jpg,Quercus palustris,bark,bark,of a large tree,https://bioimages.vanderbilt.edu/gq/kirchoff/gem2339.jpg,Quercus,Fagaceae,Quercus palustris,Quercus,Fagaceae,0.9998405,True,True,True,Quercus palustris,Quercus,Fagaceae,0.96185306,True,True,True,Tilia americana,Tilia,Tiliaceae,0.42,False,False,False,Quercus alba,Quercus,Fagaceae,0.7,False,True,True
kirchoff/em2341,ind-kirchoff/mason19,kirchoff_em2341.jpg,Quercus palustris,leaf,leaf,showing orientation on twig,https://bioimages.vanderbilt.edu/gq/kirchoff/gem2341.jpg,Quercus,Fagaceae,Quercus palustris,Quercus,Fagaceae,0.99999249,True,True,True,Quercus palustris,Quercus,Fagaceae,0.97282013,True,True,True,Quercus palustris,Quercus,Fagaceae,0.7,True,True,True,Quercus rubra,Quercus,Fagaceae,0.8,False,True,True
kirchoff/em2342,ind-kirchoff/mason19,kirchoff_em2342.jpg,Quercus palustris,leaf,leaf,showing orientation on twig,https://bioimages.vanderbilt.edu/gq/kirchoff/gem2342.jpg,Quercus,Fagaceae,Quercus palustris,Quercus,Fagaceae,0.99978083,True,True,True,Quercus palustris,Quercus,Fagaceae,0.86929251,True,True,True,Quercus palustris,Quercus,Fagaceae,0.8,True,True,True,Quercus alba,Quercus,Fagaceae,0.8,False,True,True
kirchoff/em2343,ind-kirchoff/mason19,kirchoff_em2343.jpg,Quercus palustris,leaf,leaf,showing orientation on twig,https://bioimages.vanderbilt.edu/gq/kirchoff/gem2343.jpg,Quercus,Fagaceae,Quercus palustris,Quercus,Fagaceae,0.99987435,True,True,True,Quercus palustris,Quercus,Fagaceae,0.60389985,True,True,True,Quercus palustris,Quercus,Fagaceae,0.8,True,True,True,Quercus rubra,Quercus,Fagaceae,0.8,False,True,True
kirchoff/em2344,ind-kirchoff/mason19,kirchoff_em2344.jpg,Quercus palustris,twig,twig,orientation of petioles,https://bioimages.vanderbilt.edu/gq/kirchoff/gem2344.jpg,Quercus,Fagaceae,Quercus palustris,Quercus,Fagaceae,0.99846268,True,True,True,Quercus rubra,Quercus,Fagaceae,0.69175399,False,True,True,Acer saccharinum,Acer,Aceraceae,0.95,False,False,False,Quercus alba,Quercus,Fagaceae,0.8,False,True,True
kirchoff/em2347,ind-kirchoff/mason19,kirchoff_em2347.jpg,Quercus palustris,fruit,fruit,as borne on the plant,https://bioimages.vanderbilt.edu/gq/kirchoff/gem2347.jpg,Quercus,Fagaceae,Quercus palustris,Quercus,Fagaceae,0.99999774,True,True,True,Quercus palustris,Quercus,Fagaceae,0.96146411,True,True,True,Quercus alba,Quercus,Fagaceae,0.66,False,True,True,Quercus alba,Quercus,Fagaceae,0.8,False,True,True
kirchoff/em2348,ind-kirchoff/mason19,kirchoff_em2348.jpg,Quercus palustris,fruit,fruit,lateral or general close-up,https://bioimages.vanderbilt.edu/gq/kirchoff/gem2348.jpg,Quercus,Fagaceae,Quercus palustris,Quercus,Fagaceae,0.99999833,True,True,True,Quercus palustris,Quercus,Fagaceae,0.97842567,True,True,True,Quercus alba,Quercus,Fagaceae,0.46,False,True,True,Quercus alba,Quercus,Fagaceae,0.8,False,True,True
kirchoff/em2349,ind-kirchoff/mason19,kirchoff_em2349.jpg,Quercus palustris,fruit,fruit,as borne on the plant,https://bioimages.vanderbilt.edu/gq/kirchoff/gem2349.jpg,Quercus,Fagaceae,Quercus palustris,Quercus,Fagaceae,0.99989343,True,True,True,Quercus palustris,Quercus,Fagaceae,0.88371894,True,True,True,Quercus palustris,Quercus,Fagaceae,0.62,True,True,True,Quercus alba,Quercus,Fagaceae,0.8,False,True,True
kirchoff/em2350,ind-kirchoff/mason19,kirchoff_em2350.jpg,Quercus palustris,fruit,fruit,lateral or general close-up,https://bioimages.vanderbilt.edu/gq/kirchoff/gem2350.jpg,Quercus,Fagaceae,Quercus palustris,Quercus,Fagaceae,0.99996209,True,True,True,Quercus palustris,Quercus,Fagaceae,0.85227883,True,True,True,Quercus alba,Quercus,Fagaceae,0.37,False,True,True,Quercus alba,Quercus,Fagaceae,0.8,False,True,True
kirchoff/em2352,ind-kirchoff/mason19,kirchoff_em2352.jpg,Quercus palustris,leaf,leaf,whole upper surface,https://bioimages.vanderbilt.edu/gq/kirchoff/gem2352.jpg,Quercus,Fagaceae,Quercus palustris,Quercus,Fagaceae,0.9999994,True,True,True,Quercus palustris,Quercus,Fagaceae,0.85961527,True,True,True,Quercus palustris,Quercus,Fagaceae,0.68,True,True,True,Quercus alba,Quercus,Fagaceae,0.8,False,True,True
kirchoff/em2353,ind-kirchoff/mason19,kirchoff_em2353.jpg,Quercus palustris,leaf,leaf,whole upper surface,https://bioimages.vanderbilt.edu/gq/kirchoff/gem2353.jpg,Quercus,Fagaceae,Quercus palustris,Quercus,Fagaceae,0.99911278,True,True,True,Quercus rubra,Quercus,Fagaceae,0.55896381,False,True,True,Quercus palustris,Quercus,Fagaceae,0.73,True,True,True,Quercus rubra,Quercus,Fagaceae,0.8,False,True,True
kirchoff/em2354,ind-kirchoff/mason19,kirchoff_em2354.jpg,Quercus palustris,leaf,leaf,whole upper surface,https://bioimages.vanderbilt.edu/gq/kirchoff/gem2354.jpg,Quercus,Fagaceae,Quercus palustris,Quercus,Fagaceae,0.99999332,True,True,True,Quercus palustris,Quercus,Fagaceae,0.93624657,True,True,True,Quercus palustris,Quercus,Fagaceae,0.86,True,True,True,Quercus rubra,Quercus,Fagaceae,0.8,False,True,True
kirchoff/em2355,ind-kirchoff/mason19,kirchoff_em2355.jpg,Quercus palustris,leaf,leaf,whole upper surface,https://bioimages.vanderbilt.edu/gq/kirchoff/gem2355.jpg,Quercus,Fagaceae,Quercus palustris,Quercus,Fagaceae,0.99999034,True,True,True,Quercus palustris,Quercus,Fagaceae,0.94596432,True,True,True,Quercus palustris,Quercus,Fagaceae,0.71,True,True,True,Quercus rubra,Quercus,Fagaceae,0.8,False,True,True
kirchoff/em2356,ind-kirchoff/mason19,kirchoff_em2356.jpg,Quercus palustris,leaf,leaf,margin of upper + lower surface,https://bioimages.vanderbilt.edu/gq/kirchoff/gem2356.jpg,Quercus,Fagaceae,Quercus palustris,Quercus,Fagaceae,0.76591861,True,True,True,Quercus palustris,Quercus,Fagaceae,0.76126675,True,True,True,Quercus rubra,Quercus,Fagaceae,0.83,False,True,True,Quercus alba,Quercus,Fagaceae,0.8,False,True,True
kirchoff/em2358,ind-kirchoff/mason19,kirchoff_em2358.jpg,Quercus palustris,leaf,leaf,margin of upper + lower surface,https://bioimages.vanderbilt.edu/gq/kirchoff/gem2358.jpg,Quercus,Fagaceae,Quercus palustris,Quercus,Fagaceae,0.99820375,True,True,True,Quercus palustris,Quercus,Fagaceae,0.92565416,True,True,True,Quercus rubra,Quercus,Fagaceae,0.72,False,True,True,Quercus alba,Quercus,Fagaceae,0.8,False,True,True
thomas/0049-08-01,thomas/0049-08,thomas_0049-08-01.jpg,Cercis canadensis,whole tree (or vine),whole tree (or vine),general,https://bioimages.vanderbilt.edu/gq/thomas/g0049-08-01.jpg,Cercis,Fabaceae,Cercis canadensis,Cercis,Fabaceae,0.99999976,True,True,True,Cercis canadensis,Cercis,Fabaceae,0.94969576,True,True,True,Cercis canadensis,Cercis,Fabaceae,0.98,True,True,True,Cercis canadensis,Cercis,Fabaceae,0.9,True,True,True
thomas/0049-08-02,thomas/0049-08,thomas_0049-08-02.jpg,Cercis canadensis,inflorescence,inflorescence,whole - unspecified,https://bioimages.vanderbilt.edu/gq/thomas/g0049-08-02.jpg,Cercis,Fabaceae,Cercis canadensis,Cercis,Fabaceae,1.0,True,True,True,Cercis canadensis,Cercis,Fabaceae,0.98509729,True,True,True,Cercis canadensis,Cercis,Fabaceae,0.99,True,True,True,Cercis canadensis,Cercis,Fabaceae,0.9,True,True,True
thomas/0049-08-03,thomas/0049-08,thomas_0049-08-03.jpg,Cercis canadensis,inflorescence,inflorescence,whole - unspecified,https://bioimages.vanderbilt.edu/gq/thomas/g0049-08-03.jpg,Cercis,Fabaceae,Cercis canadensis,Cercis,Fabaceae,1.0,True,True,True,Cercis canadensis,Cercis,Fabaceae,0.96142237,True,True,True,Cercis canadensis,Cercis,Fabaceae,0.99,True,True,True,Cercis canadensis,Cercis,Fabaceae,0.9,True,True,True
thomas/0049-08-04,thomas/0049-08,thomas_0049-08-04.jpg,Cercis canadensis,inflorescence,inflorescence,lateral view of flower,https://bioimages.vanderbilt.edu/gq/thomas/g0049-08-04.jpg,Cercis,Fabaceae,Cercis canadensis,Cercis,Fabaceae,1.0,True,True,True,Cercis canadensis,Cercis,Fabaceae,0.55036742,True,True,True,Cercis canadensis,Cercis,Fabaceae,0.97,True,True,True,Cercis canadensis,Cercis,Fabaceae,0.9,True,True,True
thomas/0049-08-05,thomas/0049-08,thomas_0049-08-05.jpg,Cercis canadensis,inflorescence,inflorescence,frontal view of flower,https://bioimages.vanderbilt.edu/gq/thomas/g0049-08-05.jpg,Cercis,Fabaceae,Cercis canadensis,Cercis,Fabaceae,1.0,True,True,True,Cercis canadensis,Cercis,Fabaceae,0.9441813,True,True,True,Cercis canadensis,Cercis,Fabaceae,0.99,True,True,True,Cercis canadensis,Cercis,Fabaceae,0.9,True,True,True
thomas/0104-01-01,thomas/0104-01,thomas_0104-01-01.jpg,Cephalanthus occidentalis,inflorescence,inflorescence,whole - unspecified,https://bioimages.vanderbilt.edu/gq/thomas/g0104-01-01.jpg,Cephalanthus,Rubiaceae,Cephalanthus occidentalis,Cephalanthus,Rubiaceae,1.0,True,True,True,Cephalanthus occidentalis,Cephalanthus,Rubiaceae,0.98662826,True,True,True,Cephalanthus occidentalis,Cephalanthus,Rubiaceae,0.99,True,True,True,Cephalanthus occidentalis,Cephalanthus,Rubiaceae,0.9,True,True,True
thomas/0104-01-02,thomas/0104-01,thomas_0104-01-02.jpg,Cephalanthus occidentalis,inflorescence,inflorescence,close-up of flower interior,https://bioimages.vanderbilt.edu/gq/thomas/g0104-01-02.jpg,Cephalanthus,Rubiaceae,Cephalanthus occidentalis,Cephalanthus,Rubiaceae,1.0,True,True,True,Cephalanthus occidentalis,Cephalanthus,Rubiaceae,0.49193484,True,True,True,Cephalanthus occidentalis,Cephalanthus,Rubiaceae,0.98,True,True,True,Cephalanthus occidentalis,Cephalanthus,Rubiaceae,0.8,True,True,True
thomas/0104-01-03,thomas/0104-01,thomas_0104-01-03.jpg,Cephalanthus occidentalis,inflorescence,inflorescence,frontal view of flower,https://bioimages.vanderbilt.edu/gq/thomas/g0104-01-03.jpg,Cephalanthus,Rubiaceae,Cephalanthus occidentalis,Cephalanthus,Rubiaceae,0.99999988,True,True,True,Cephalanthus occidentalis,Cephalanthus,Rubiaceae,0.89498152,True,True,True,Cephalanthus occidentalis,Cephalanthus,Rubiaceae,0.99,True,True,True,Cephalanthus occidentalis,Cephalanthus,Rubiaceae,0.9,True,True,True
thomas/0104-01-04,thomas/0104-01,thomas_0104-01-04.jpg,Cephalanthus occidentalis,leaf,leaf,whole upper surface,https://bioimages.vanderbilt.edu/gq/thomas/g0104-01-04.jpg,Cephalanthus,Rubiaceae,Cephalanthus occidentalis,Cephalanthus,Rubiaceae,1.0,True,True,True,Cephalanthus occidentalis,Cephalanthus,Rubiaceae,0.94362247,True,True,True,Cornus florida,Cornus,Cornaceae,0.79,False,False,False,Cephalanthus occidentalis,Cephalanthus,Rubiaceae,0.8,True,True,True
thomas/0301-02-01,thomas/0301-02,thomas_0301-02-01.jpg,Toxicodendron radicans,inflorescence,inflorescence,frontal view of flower,https://bioimages.vanderbilt.edu/gq/thomas/g0301-02-01.jpg,Toxicodendron,Anacardiaceae,Toxicodendron radicans,Toxicodendron,Anacardiaceae,1.0,True,True,True,Toxicodendron radicans,Toxicodendron,Anacardiaceae,0.90942092,True,True,True,Cornus sericea,Cornus,Cornaceae,0.36,False,False,False,Ailanthus altissima,Ailanthus,Simaroubaceae,0.8,False,False,False
thomas/0301-02-02,thomas/0301-02,thomas_0301-02-02.jpg,Toxicodendron radicans,leaf,leaf,whole upper surface,https://bioimages.vanderbilt.edu/gq/thomas/g0301-02-02.jpg,Toxicodendron,Anacardiaceae,Toxicodendron radicans,Toxicodendron,Anacardiaceae,1.0,True,True,True,Toxicodendron radicans,Toxicodendron,Anacardiaceae,0.98282091,True,True,True,Toxicodendron radicans,Toxicodendron,Anacardiaceae,0.96,True,True,True,Toxicodendron radicans,Toxicodendron,Anacardiaceae,0.9,True,True,True
thomas/0301-02-03,thomas/0301-02,thomas_0301-02-03.jpg,Toxicodendron radicans,inflorescence,inflorescence,whole - unspecified,https://bioimages.vanderbilt.edu/gq/thomas/g0301-02-03.jpg,Toxicodendron,Anacardiaceae,Toxicodendron radicans,Toxicodendron,Anacardiaceae,0.99999988,True,True,True,Toxicodendron radicans,Toxicodendron,Anacardiaceae,0.93335694,True,True,True,Cornus amomum,Cornus,Cornaceae,0.43,False,False,False,Lindera benzoin,Lindera,Lauraceae,0.8,False,False,False
baskauf/89954,vanderbilt/11-283,baskauf_89954.jpg,Platanus occidentalis,whole tree (or vine),whole tree (or vine),view up trunk,https://bioimages.vanderbilt.edu/gq/baskauf/g89954.jpg,Platanus,Platanaceae,Platanus occidentalis,Platanus,Platanaceae,1.0,True,True,True,Platanus occidentalis,Platanus,Platanaceae,0.9662499,True,True,True,Platanus occidentalis,Platanus,Platanaceae,0.99,True,True,True,Platanus occidentalis,Platanus,Platanaceae,0.9,True,True,True
baskauf/89955,vanderbilt/11-283,baskauf_89955.jpg,Platanus occidentalis,bark,bark,of a large tree,https://bioimages.vanderbilt.edu/gq/baskauf/g89955.jpg,Platanus,Platanaceae,Platanus occidentalis,Platanus,Platanaceae,0.99998522,True,True,True,Aesculus glabra,Aesculus,Hippocastanaceae,0.32765915,False,False,False,Pyrus calleryana,Pyrus,Rosaceae,0.56,False,False,False,Platanus occidentalis,Platanus,Platanaceae,0.8,True,True,True
baskauf/89960a,vanderbilt/11-283,baskauf_89960a.jpg,Platanus occidentalis,whole tree (or vine),whole tree (or vine),winter,https://bioimages.vanderbilt.edu/gq/baskauf/g89960a.jpg,Platanus,Platanaceae,Platanus occidentalis,Platanus,Platanaceae,1.0,True,True,True,Platanus occidentalis,Platanus,Platanaceae,0.97135946,True,True,True,Platanus occidentalis,Platanus,Platanaceae,0.98,True,True,True,Platanus occidentalis,Platanus,Platanaceae,0.9,True,True,True
baskauf/89963,vanderbilt/11-283,baskauf_89963.jpg,Platanus occidentalis,whole tree (or vine),whole tree (or vine),winter,https://bioimages.vanderbilt.edu/gq/baskauf/g89963.jpg,Platanus,Platanaceae,Platanus occidentalis,Platanus,Platanaceae,1.0,True,True,True,Platanus occidentalis,Platanus,Platanaceae,0.9605602,True,True,True,Platanus occidentalis,Platanus,Platanaceae,0.98,True,True,True,Platanus occidentalis,Platanus,Platanaceae,0.9,True,True,True
baskauf/90872,vanderbilt/11-283,baskauf_90872.jpg,Platanus occidentalis,whole tree (or vine),whole tree (or vine),general,https://bioimages.vanderbilt.edu/gq/baskauf/g90872.jpg,Platanus,Platanaceae,Platanus occidentalis,Platanus,Platanaceae,1.0,True,True,True,Platanus occidentalis,Platanus,Platanaceae,0.93090966,True,True,True,Platanus occidentalis,Platanus,Platanaceae,0.95,True,True,True,Platanus occidentalis,Platanus,Platanaceae,0.9,True,True,True
baskauf/90874,vanderbilt/11-283,baskauf_90874.jpg,Platanus occidentalis,whole tree (or vine),whole tree (or vine),general,https://bioimages.vanderbilt.edu/gq/baskauf/g90874.jpg,Platanus,Platanaceae,Platanus occidentalis,Platanus,Platanaceae,1.0,True,True,True,Platanus occidentalis,Platanus,Platanaceae,0.98635439,True,True,True,Platanus occidentalis,Platanus,Platanaceae,0.97,True,True,True,Platanus occidentalis,Platanus,Platanaceae,0.9,True,True,True
baskauf/51183,vanderbilt/12-11,baskauf_51183.jpg,Quercus bicolor,inflorescence,inflorescence,whole - unspecified,https://bioimages.vanderbilt.edu/gq/baskauf/gqubi--flinflor51183.jpg,Quercus,Fagaceae,Quercus muehlenbergii,Quercus,Fagaceae,0.79827452,False,True,True,Quercus bicolor,Quercus,Fagaceae,0.22148149,True,True,True,Quercus rubra,Quercus,Fagaceae,0.42,False,True,True,Quercus alba,Quercus,Fagaceae,0.8,False,True,True
baskauf/51186,vanderbilt/12-11,baskauf_51186.jpg,Quercus bicolor,inflorescence,inflorescence,whole - male,https://bioimages.vanderbilt.edu/gq/baskauf/gqubi--flmale51186.jpg,Quercus,Fagaceae,Quercus palustris,Quercus,Fagaceae,0.89822119,False,True,True,Quercus palustris,Quercus,Fagaceae,0.31776012,False,True,True,Quercus alba,Quercus,Fagaceae,0.42,False,True,True,Quercus alba,Quercus,Fagaceae,0.8,False,True,True
baskauf/52483,vanderbilt/12-11,baskauf_52483.jpg,Quercus bicolor,leaf,leaf,margin of upper + lower surface,https://bioimages.vanderbilt.edu/gq/baskauf/gqubi--lfmargin-uplow52483.jpg,Quercus,Fagaceae,Quercus bicolor,Quercus,Fagaceae,0.91679919,True,True,True,Quercus bicolor,Quercus,Fagaceae,0.40479378,True,True,True,Quercus bicolor,Quercus,Fagaceae,0.44,True,True,True,Quercus alba,Quercus,Fagaceae,0.8,False,True,True
baskauf/91110,vanderbilt/12-11,baskauf_91110.jpg,Quercus bicolor,whole tree (or vine),whole tree (or vine),general,https://bioimages.vanderbilt.edu/gq/baskauf/g91110.jpg,Quercus,Fagaceae,Ostrya virginiana,Ostrya,Betulaceae,0.73424089,False,False,False,Fraxinus americana,Fraxinus,Oleaceae,0.24221475,False,False,False,Quercus alba,Quercus,Fagaceae,0.43,False,True,True,Quercus alba,Quercus,Fagaceae,0.7,False,True,True
baskauf/10502,vanderbilt/12-126,baskauf_10502.jpg,Ginkgo biloba,twig,twig,showing attachment of needles,https://bioimages.vanderbilt.edu/gq/baskauf/ggibi2-lfdevel10502.jpg,Ginkgo,Ginkgoaceae,Ginkgo biloba,Ginkgo,Ginkgoaceae,0.99313545,True,True,True,Ginkgo biloba,Ginkgo,Ginkgoaceae,0.38533916,True,True,True,Ginkgo biloba,Ginkgo,Ginkgoaceae,0.99,True,True,True,Ginkgo biloba,Ginkgo,Ginkgoaceae,0.9,True,True,True
baskauf/10554,vanderbilt/12-126,baskauf_10554.jpg,Ginkgo biloba,cone,cone,male,https://bioimages.vanderbilt.edu/gq/baskauf/ggibi2-comale10554.jpg,Ginkgo,Ginkgoaceae,Ginkgo biloba,Ginkgo,Ginkgoaceae,0.99998796,True,True,True,Ginkgo biloba,Ginkgo,Ginkgoaceae,0.89376993,True,True,True,Ginkgo biloba,Ginkgo,Ginkgoaceae,0.99,True,True,True,Ginkgo biloba,Ginkgo,Ginkgoaceae,1.0,True,True,True
baskauf/10556,vanderbilt/12-126,baskauf_10556.jpg,Ginkgo biloba,leaf,leaf,showing orientation on twig,https://bioimages.vanderbilt.edu/gq/baskauf/ggibi2-lfpetiole-close10556.jpg,Ginkgo,Ginkgoaceae,Ginkgo biloba,Ginkgo,Ginkgoaceae,0.24933225,True,True,True,Ginkgo biloba,Ginkgo,Ginkgoaceae,0.95484931,True,True,True,Ginkgo biloba,Ginkgo,Ginkgoaceae,0.87,True,True,True,Ginkgo biloba,Ginkgo,Ginkgoaceae,0.9,True,True,True
baskauf/10557,vanderbilt/12-126,baskauf_10557.jpg,Ginkgo biloba,twig,twig,showing attachment of needles,https://bioimages.vanderbilt.edu/gq/baskauf/ggibi2-twdevel-lf10557.jpg,Ginkgo,Ginkgoaceae,Ginkgo biloba,Ginkgo,Ginkgoaceae,0.99996936,True,True,True,Ginkgo biloba,Ginkgo,Ginkgoaceae,0.92703828,True,True,True,Ginkgo biloba,Ginkgo,Ginkgoaceae,0.99,True,True,True,Ginkgo biloba,Ginkgo,Ginkgoaceae,0.95,True,True,True
baskauf/91126,vanderbilt/12-126,baskauf_91126.jpg,Ginkgo biloba,whole tree,whole tree,general,https://bioimages.vanderbilt.edu/gq/baskauf/g91126.jpg,Ginkgo,Ginkgoaceae,Ginkgo biloba,Ginkgo,Ginkgoaceae,0.92769545,True,True,True,Ginkgo biloba,Ginkgo,Ginkgoaceae,0.67286474,True,True,True,Ginkgo biloba,Ginkgo,Ginkgoaceae,0.97,True,True,True,Ginkgo biloba,Ginkgo,Ginkgoaceae,0.9,True,True,True
baskauf/15984,vanderbilt/12-177,baskauf_15984.jpg,Gymnocladus dioicus,whole tree (or vine),whole tree (or vine),view up trunk,https://bioimages.vanderbilt.edu/gq/baskauf/ggydi--wplookup-large15984.jpg,Gymnocladus,Fabaceae,Gymnocladus dioicus,Gymnocladus,Fabaceae,0.99998903,True,True,True,Acer saccharum,Acer,Aceraceae,0.24182814,False,False,False,Robinia pseudoacacia,Robinia,Fabaceae,0.71,False,False,True,Gymnocladus dioicus,Gymnocladus,Fabaceae,0.7,True,True,True
baskauf/15988,vanderbilt/12-177,baskauf_15988.jpg,Gymnocladus dioicus,bark,bark,of a large tree,https://bioimages.vanderbilt.edu/gq/baskauf/ggydi--brlarge15988.jpg,Gymnocladus,Fabaceae,Gleditsia triacanthos,Gleditsia,Fabaceae,0.73100847,False,False,True,Gymnocladus dioicus,Gymnocladus,Fabaceae,0.29892333,True,True,True,Prunus serotina,Prunus,Rosaceae,0.45,False,False,False,Carpinus caroliniana,Carpinus,Betulaceae,0.7,False,False,False
baskauf/91144,vanderbilt/12-177,baskauf_91144.jpg,Gymnocladus dioicus,whole tree (or vine),whole tree (or vine),general,https://bioimages.vanderbilt.edu/gq/baskauf/g91144.jpg,Gymnocladus,Fabaceae,Gymnocladus dioicus,Gymnocladus,Fabaceae,0.95047671,True,True,True,Fraxinus americana,Fraxinus,Oleaceae,0.5311235,False,False,False,Gleditsia triacanthos,Gleditsia,Fabaceae,0.73,False,False,True,Magnolia acuminata,Magnolia,Magnoliaceae,0.7,False,False,False
baskauf/50992,vanderbilt/12-33,baskauf_50992.jpg,Celtis occidentalis,inflorescence,inflorescence,whole - unspecified,https://bioimages.vanderbilt.edu/gq/baskauf/gceoco2flinflor50992.jpg,Celtis,Ulmaceae,Celtis occidentalis,Celtis,Ulmaceae,1.0,True,True,True,Viburnum lantanoides,Viburnum,Caprifoliaceae,0.36854451,False,False,False,Cornus amomum,Cornus,Cornaceae,0.56,False,False,False,Celtis occidentalis,Celtis,Ulmaceae,0.7,True,True,True
baskauf/50993,vanderbilt/12-33,baskauf_50993.jpg,Celtis occidentalis,inflorescence,inflorescence,lateral view of flower,https://bioimages.vanderbilt.edu/gq/baskauf/gceoco2fl50993.jpg,Celtis,Ulmaceae,Celtis occidentalis,Celtis,Ulmaceae,1.0,True,True,True,Acer negundo,Acer,Aceraceae,0.31299563,False,False,False,Ulmus rubra,Ulmus,Ulmaceae,0.79,False,False,True,Carpinus caroliniana,Carpinus,Betulaceae,0.7,False,False,False
ssmv/2-638-01,vanderbilt/3-108,ssmv_2-638-01.jpg,Fraxinus americana,bark,bark,of a large tree,https://bioimages.vanderbilt.edu/gq/ssmv/g2-638-01.jpg,Fraxinus,Oleaceae,Fraxinus pennsylvanica,Fraxinus,Oleaceae,0.58801085,False,True,True,Sassafras albidum,Sassafras,Lauraceae,0.48752604,False,False,False,Quercus alba,Quercus,Fagaceae,0.45,False,False,False,Quercus alba,Quercus,Fagaceae,0.7,False,False,False
ssmv/2-638-02,vanderbilt/3-108,ssmv_2-638-02.jpg,Fraxinus americana,whole tree (or vine),whole tree (or vine),general,https://bioimages.vanderbilt.edu/gq/ssmv/g2-638-02.jpg,Fraxinus,Oleaceae,Quercus palustris,Quercus,Fagaceae,0.64122391,False,False,False,Quercus alba,Quercus,Fagaceae,0.4874627,False,False,False,Gleditsia triacanthos,Gleditsia,Fabaceae,0.58,False,False,False,Quercus alba,Quercus,Fagaceae,0.7,False,False,False
ssmv/2-638-03,vanderbilt/3-108,ssmv_2-638-03.jpg,Fraxinus americana,leaf,leaf,whole upper surface,https://bioimages.vanderbilt.edu/gq/ssmv/g2-638-03.jpg,Fraxinus,Oleaceae,Fraxinus pennsylvanica,Fraxinus,Oleaceae,0.61914062,False,True,True,Fraxinus americana,Fraxinus,Oleaceae,0.33081418,True,True,True,Fraxinus americana,Fraxinus,Oleaceae,0.72,True,True,True,Ailanthus altissima,Ailanthus,Simaroubaceae,0.7,False,False,False
ssmv/2-638-04,vanderbilt/3-108,ssmv_2-638-04.jpg,Fraxinus americana,whole tree (or vine),whole tree (or vine),general,https://bioimages.vanderbilt.edu/gq/ssmv/g2-638-04.jpg,Fraxinus,Oleaceae,Quercus palustris,Quercus,Fagaceae,0.68342853,False,False,False,Quercus alba,Quercus,Fagaceae,0.45695058,False,False,False,Fraxinus americana,Fraxinus,Oleaceae,0.42,True,True,True,Quercus alba,Quercus,Fagaceae,0.7,False,False,False
baskauf/15615,vanderbilt/6-135,baskauf_15615.jpg,Quercus macrocarpa,fruit,fruit,as borne on the plant,https://bioimages.vanderbilt.edu/gq/baskauf/gquma2-fr15615.jpg,Quercus,Fagaceae,Quercus macrocarpa,Quercus,Fagaceae,0.99999166,True,True,True,Quercus alba,Quercus,Fagaceae,0.65126906,False,True,True,Quercus macrocarpa,Quercus,Fagaceae,0.97,True,True,True,Quercus alba,Quercus,Fagaceae,0.9,False,True,True
baskauf/15620,vanderbilt/6-135,baskauf_15620.jpg,Quercus macrocarpa,twig,twig,orientation of petioles,https://bioimages.vanderbilt.edu/gq/baskauf/gquma2-tw15620.jpg,Quercus,Fagaceae,Quercus macrocarpa,Quercus,Fagaceae,0.55942434,True,True,True,Quercus alba,Quercus,Fagaceae,0.77827649,False,True,True,Quercus alba,Quercus,Fagaceae,0.54,False,True,True,Quercus alba,Quercus,Fagaceae,0.7,False,True,True
baskauf/15624,vanderbilt/6-135,baskauf_15624.jpg,Quercus macrocarpa,leaf,leaf,margin of upper + lower surface,https://bioimages.vanderbilt.edu/gq/baskauf/gquma2-lfmargin-uplow15624.jpg,Quercus,Fagaceae,Quercus macrocarpa,Quercus,Fagaceae,0.97551471,True,True,True,Quercus bicolor,Quercus,Fagaceae,0.39480956,False,True,True,Quercus alba,Quercus,Fagaceae,0.73,False,True,True,Quercus alba,Quercus,Fagaceae,0.9,False,True,True
baskauf/90661,vanderbilt/6-135,baskauf_90661.jpg,Quercus macrocarpa,whole tree (or vine),whole tree (or vine),general,https://bioimages.vanderbilt.edu/gq/baskauf/g90661.jpg,Quercus,Fagaceae,Quercus macrocarpa,Quercus,Fagaceae,0.69323432,True,True,True,Fraxinus pennsylvanica,Fraxinus,Oleaceae,0.3511053,False,False,False,Quercus alba,Quercus,Fagaceae,0.38,False,True,True,Quercus alba,Quercus,Fagaceae,0.7,False,True,True
baskauf/17542,vanderbilt/6-15,baskauf_17542.jpg,Pinus strobus,twig,twig,showing attachment of needles,https://bioimages.vanderbilt.edu/gq/baskauf/gpist--tw17542.jpg,Pinus,Pinaceae,Pinus strobus,Pinus,Pinaceae,0.99999964,True,True,True,Pinus strobus,Pinus,Pinaceae,0.92004147,True,True,True,Pinus strobus,Pinus,Pinaceae,0.98,True,True,True,Pinus strobus,Pinus,Pinaceae,0.8,True,True,True
baskauf/17544,vanderbilt/6-15,baskauf_17544.jpg,Pinus strobus,bark,bark,of a medium tree or large branch,https://bioimages.vanderbilt.edu/gq/baskauf/gpist--brmedium17544.jpg,Pinus,Pinaceae,Pinus strobus,Pinus,Pinaceae,0.98624086,True,True,True,Quercus bicolor,Quercus,Fagaceae,0.18682411,False,False,False,Robinia pseudoacacia,Robinia,Fabaceae,0.7,False,False,False,Pinus strobus,Pinus,Pinaceae,0.7,True,True,True
baskauf/17546,vanderbilt/6-15,baskauf_17546.jpg,Pinus strobus,bark,bark,of a small tree or small branch,https://bioimages.vanderbilt.edu/gq/baskauf/gpist--brsmall17546.jpg,Pinus,Pinaceae,Pinus strobus,Pinus,Pinaceae,0.99980134,True,True,True,Pinus strobus,Pinus,Pinaceae,0.45403212,True,True,True,Betula papyrifera,Betula,Betulaceae,0.88,False,False,False,Pinus strobus,Pinus,Pinaceae,0.8,True,True,True
baskauf/43789,vanderbilt/6-189,baskauf_43789.jpg,Carpinus caroliniana,fruit,fruit,lateral or general close-up,https://bioimages.vanderbilt.edu/gq/baskauf/gcaca18frmature43789.jpg,Carpinus,Betulaceae,Carpinus caroliniana,Carpinus,Betulaceae,0.99999213,True,True,True,Carpinus caroliniana,Carpinus,Betulaceae,0.20288979,True,True,True,Acer negundo,Acer,Aceraceae,0.74,False,False,False,Carpinus caroliniana,Carpinus,Betulaceae,0.7,True,True,True
baskauf/43792,vanderbilt/6-189,baskauf_43792.jpg,Carpinus caroliniana,fruit,fruit,lateral or general close-up,https://bioimages.vanderbilt.edu/gq/baskauf/gcaca18frmature43792.jpg,Carpinus,Betulaceae,Carpinus caroliniana,Carpinus,Betulaceae,0.99956948,True,True,True,Carpinus caroliniana,Carpinus,Betulaceae,0.17983348,True,True,True,Acer negundo,Acer,Aceraceae,0.8,False,False,False,Acer saccharum,Acer,Aceraceae,0.8,False,False,False
baskauf/50597,vanderbilt/6-189,baskauf_50597.jpg,Carpinus caroliniana,inflorescence,inflorescence,whole - female,https://bioimages.vanderbilt.edu/gq/baskauf/gcaca18flfemale50597.jpg,Carpinus,Betulaceae,Carpinus caroliniana,Carpinus,Betulaceae,0.98545849,True,True,True,Carpinus caroliniana,Carpinus,Betulaceae,0.75366569,True,True,True,Ostrya virginiana,Ostrya,Betulaceae,0.72,False,False,True,Carpinus caroliniana,Carpinus,Betulaceae,0.7,True,True,True
baskauf/50598,vanderbilt/6-189,baskauf_50598.jpg,Carpinus caroliniana,inflorescence,inflorescence,whole - male,https://bioimages.vanderbilt.edu/gq/baskauf/gcaca18flmale50598.jpg,Carpinus,Betulaceae,Carpinus caroliniana,Carpinus,Betulaceae,0.99998701,True,True,True,Carpinus caroliniana,Carpinus,Betulaceae,0.82522776,True,True,True,Ostrya virginiana,Ostrya,Betulaceae,0.7,False,False,True,Ostrya virginiana,Ostrya,Betulaceae,0.8,False,False,True
baskauf/50601,vanderbilt/6-189,baskauf_50601.jpg,Carpinus caroliniana,inflorescence,inflorescence,whole - unspecified,https://bioimages.vanderbilt.edu/gq/baskauf/gcaca18flinflor50601.jpg,Carpinus,Betulaceae,Carpinus caroliniana,Carpinus,Betulaceae,0.98877305,True,True,True,Carpinus caroliniana,Carpinus,Betulaceae,0.49617565,True,True,True,Betula lenta,Betula,Betulaceae,0.56,False,False,True,Ostrya virginiana,Ostrya,Betulaceae,0.8,False,False,True
baskauf/91059,vanderbilt/6-189,baskauf_91059.jpg,Carpinus caroliniana,whole tree (or vine),whole tree (or vine),general,https://bioimages.vanderbilt.edu/gq/baskauf/g91059.jpg,Carpinus,Betulaceae,Fagus grandifolia,Fagus,Fagaceae,0.52703249,False,False,False,Cornus florida,Cornus,Cornaceae,0.17821449,False,False,False,Cornus florida,Cornus,Cornaceae,0.35,False,False,False,Carpinus caroliniana,Carpinus,Betulaceae,0.7,True,True,True
baskauf/50973,vanderbilt/6-215,baskauf_50973.jpg,Sassafras albidum,inflorescence,inflorescence,whole - female,https://bioimages.vanderbilt.edu/gq/baskauf/gsaal5-flfemale50973.jpg,Sassafras,Lauraceae,Sassafras albidum,Sassafras,Lauraceae,0.99997246,True,True,True,Fraxinus pennsylvanica,Fraxinus,Oleaceae,0.22545329,False,False,False,Acer saccharum,Acer,Aceraceae,0.72,False,False,False,Carpinus caroliniana,Carpinus,Betulaceae,0.7,False,False,False
baskauf/50974,vanderbilt/6-215,baskauf_50974.jpg,Sassafras albidum,inflorescence,inflorescence,lateral view of flower,https://bioimages.vanderbilt.edu/gq/baskauf/gsaal5-flfemale-side50974.jpg,Sassafras,Lauraceae,Sassafras albidum,Sassafras,Lauraceae,0.99998701,True,True,True,Sassafras albidum,Sassafras,Lauraceae,0.41179985,True,True,True,Acer saccharinum,Acer,Aceraceae,0.42,False,False,False,Carpinus caroliniana,Carpinus,Betulaceae,0.7,False,False,False
baskauf/50977,vanderbilt/6-215,baskauf_50977.jpg,Sassafras albidum,inflorescence,inflorescence,frontal view of flower,https://bioimages.vanderbilt.edu/gq/baskauf/gsaal5-flfemale-front50977.jpg,Sassafras,Lauraceae,Sassafras albidum,Sassafras,Lauraceae,0.99999571,True,True,True,Sassafras albidum,Sassafras,Lauraceae,0.59436946,True,True,True,Tilia americana,Tilia,Tiliaceae,0.98,False,False,False,Acer saccharum,Acer,Aceraceae,0.8,False,False,False
baskauf/50978,vanderbilt/6-215,baskauf_50978.jpg,Sassafras albidum,inflorescence,inflorescence,whole - female,https://bioimages.vanderbilt.edu/gq/baskauf/gsaal5-flfemale-inflor50978.jpg,Sassafras,Lauraceae,Sassafras albidum,Sassafras,Lauraceae,0.99989331,True,True,True,Fraxinus pennsylvanica,Fraxinus,Oleaceae,0.43630862,False,False,False,Acer saccharum,Acer,Aceraceae,0.79,False,False,False,Gymnocladus dioicus,Gymnocladus,Fabaceae,0.7,False,False,False
baskauf/91056,vanderbilt/6-215,baskauf_91056.jpg,Sassafras albidum,whole tree (or vine),whole tree (or vine),general,https://bioimages.vanderbilt.edu/gq/baskauf/g91056.jpg,Sassafras,Lauraceae,Sassafras albidum,Sassafras,Lauraceae,0.54089016,True,True,True,Quercus macrocarpa,Quercus,Fagaceae,0.31510001,False,False,False,Ailanthus altissima,Ailanthus,Simaroubaceae,0.54,False,False,False,Quercus alba,Quercus,Fagaceae,0.6,False,False,False
baskauf/51397,vanderbilt/6-239,baskauf_51397.jpg,Nyssa sylvatica,inflorescence,inflorescence,frontal view of flower,https://bioimages.vanderbilt.edu/gq/baskauf/gnysy--flfem-front51397.jpg,Nyssa,Cornaceae,Sassafras albidum,Sassafras,Lauraceae,0.40656304,False,False,False,Nyssa sylvatica,Nyssa,Cornaceae,0.58223987,True,True,True,Lonicera morrowii,Lonicera,Caprifoliaceae,0.56,False,False,False,Lindera benzoin,Lindera,Lauraceae,0.7,False,False,False
baskauf/51398,vanderbilt/6-239,baskauf_51398.jpg,Nyssa sylvatica,inflorescence,inflorescence,lateral view of flower,https://bioimages.vanderbilt.edu/gq/baskauf/gnysy--flfemside51398.jpg,Nyssa,Cornaceae,Lindera benzoin,Lindera,Lauraceae,0.64254552,False,False,False,Cornus amomum,Cornus,Cornaceae,0.2205907,False,False,True,Lonicera morrowii,Lonicera,Caprifoliaceae,0.93,False,False,False,Lonicera morrowii,Lonicera,Caprifoliaceae,0.7,False,False,False
baskauf/51402,vanderbilt/6-239,baskauf_51402.jpg,Nyssa sylvatica,inflorescence,inflorescence,lateral view of flower,https://bioimages.vanderbilt.edu/gq/baskauf/gnysy--flfem51402.jpg,Nyssa,Cornaceae,Nyssa sylvatica,Nyssa,Cornaceae,0.89608264,True,True,True,Nyssa sylvatica,Nyssa,Cornaceae,0.66133075,True,True,True,Lonicera morrowii,Lonicera,Caprifoliaceae,0.95,False,False,False,Cornus florida,Cornus,Cornaceae,0.7,False,False,True
baskauf/51406,vanderbilt/6-239,baskauf_51406.jpg,Nyssa sylvatica,inflorescence,inflorescence,whole - female,https://bioimages.vanderbilt.edu/gq/baskauf/gnysy--flfem-inflor51406.jpg,Nyssa,Cornaceae,Amelanchier arborea,Amelanchier,Rosaceae,0.58522868,False,False,False,Nyssa sylvatica,Nyssa,Cornaceae,0.22742427,True,True,True,Cornus amomum,Cornus,Cornaceae,0.64,False,False,True,Lindera benzoin,Lindera,Lauraceae,0.8,False,False,False
baskauf/91065,vanderbilt/6-239,baskauf_91065.jpg,Nyssa sylvatica,whole tree (or vine),whole tree (or vine),general,https://bioimages.vanderbilt.edu/gq/baskauf/g91065.jpg,Nyssa,Cornaceae,Ilex verticillata,Ilex,Aquifoliaceae,0.51074648,False,False,False,Tilia americana,Tilia,Tiliaceae,0.21988692,False,False,False,Pyrus calleryana,Pyrus,Rosaceae,0.68,False,False,False,Acer rubrum,Acer,Aceraceae,0.7,False,False,False
baskauf/89381,vanderbilt/7-298,baskauf_89381.jpg,Acer rubrum,whole tree (or vine),whole tree (or vine),winter,https://bioimages.vanderbilt.edu/gq/baskauf/g89381.jpg,Acer,Aceraceae,Gleditsia triacanthos,Gleditsia,Fabaceae,0.9854123,False,False,False,Juglans cinerea,Juglans,Juglandaceae,0.21052764,False,False,False,Fraxinus americana,Fraxinus,Oleaceae,0.42,False,False,False,Platanus occidentalis,Platanus,Platanaceae,0.6,False,False,False
baskauf/91011,vanderbilt/7-298,baskauf_91011.jpg,Acer rubrum,whole tree (or vine),whole tree (or vine),general,https://bioimages.vanderbilt.edu/gq/baskauf/g91011.jpg,Acer,Aceraceae,Acer saccharum,Acer,Aceraceae,0.99014777,False,True,True,Ginkgo biloba,Ginkgo,Ginkgoaceae,0.19653423,False,False,False,Fraxinus americana,Fraxinus,Oleaceae,0.36,False,False,False,Acer saccharum,Acer,Aceraceae,0.6,False,True,True
baskauf/91016,vanderbilt/7-298,baskauf_91016.jpg,Acer rubrum,whole tree (or vine),whole tree (or vine),general,https://bioimages.vanderbilt.edu/gq/baskauf/g91016.jpg,Acer,Aceraceae,Pyrus calleryana,Pyrus,Rosaceae,0.95014876,False,False,False,Quercus bicolor,Quercus,Fagaceae,0.15531439,False,False,False,Gleditsia triacanthos,Gleditsia,Fabaceae,0.48,False,False,False,Acer saccharum,Acer,Aceraceae,0.7,False,True,True
baskauf/15643,vanderbilt/7-306,baskauf_15643.jpg,Quercus rubra,leaf,leaf,margin of upper + lower surface,https://bioimages.vanderbilt.edu/gq/baskauf/gquru--lfmargin-uplow15643.jpg,Quercus,Fagaceae,Quercus rubra,Quercus,Fagaceae,0.95211172,True,True,True,Quercus rubra,Quercus,Fagaceae,0.64122675,True,True,True,Quercus rubra,Quercus,Fagaceae,0.74,True,True,True,Quercus alba,Quercus,Fagaceae,0.8,False,True,True
baskauf/89376,vanderbilt/7-306,baskauf_89376.jpg,Quercus rubra,whole tree (or vine),whole tree (or vine),winter,https://bioimages.vanderbilt.edu/gq/baskauf/g89376.jpg,Quercus,Fagaceae,Fagus grandifolia,Fagus,Fagaceae,0.76808923,False,False,True,Ulmus americana,Ulmus,Ulmaceae,0.47096377,False,False,False,Fraxinus americana,Fraxinus,Oleaceae,0.39,False,False,False,Quercus alba,Quercus,Fagaceae,0.7,False,True,True
baskauf/90969,vanderbilt/7-306,baskauf_90969.jpg,Quercus rubra,whole tree (or vine),whole tree (or vine),general,https://bioimages.vanderbilt.edu/gq/baskauf/g90969.jpg,Quercus,Fagaceae,Amelanchier arborea,Amelanchier,Rosaceae,0.92158687,False,False,False,Quercus rubra,Quercus,Fagaceae,0.1847519,True,True,True,Acer platanoides,Acer,Aceraceae,0.61,False,False,False,Quercus alba,Quercus,Fagaceae,0.7,False,True,True
baskauf/90972,vanderbilt/7-306,baskauf_90972.jpg,Quercus rubra,whole tree (or vine),whole tree (or vine),general,https://bioimages.vanderbilt.edu/gq/baskauf/g90972.jpg,Quercus,Fagaceae,Amelanchier arborea,Amelanchier,Rosaceae,0.92292809,False,False,False,Fraxinus americana,Fraxinus,Oleaceae,0.21943117,False,False,False,Gleditsia triacanthos,Gleditsia,Fabaceae,0.46,False,False,False,Quercus alba,Quercus,Fagaceae,0.7,False,True,True
baskauf/12403,vanderbilt/7-324,baskauf_12403.jpg,Quercus alba,leaf,leaf,showing orientation on twig,https://bioimages.vanderbilt.edu/gq/baskauf/gqual--lfsun12403.jpg,Quercus,Fagaceae,Quercus alba,Quercus,Fagaceae,0.99844801,True,True,True,Quercus alba,Quercus,Fagaceae,0.97492667,True,True,True,Quercus alba,Quercus,Fagaceae,0.87,True,True,True,Quercus alba,Quercus,Fagaceae,0.8,True,True,True
baskauf/12405,vanderbilt/7-324,baskauf_12405.jpg,Quercus alba,fruit,fruit,immature,https://bioimages.vanderbilt.edu/gq/baskauf/gqual--frdevel12405.jpg,Quercus,Fagaceae,Quercus alba,Quercus,Fagaceae,0.99890435,True,True,True,Quercus alba,Quercus,Fagaceae,0.88861441,True,True,True,Cornus florida,Cornus,Cornaceae,0.93,False,False,False,Quercus alba,Quercus,Fagaceae,0.8,True,True,True
baskauf/12407,vanderbilt/7-324,baskauf_12407.jpg,Quercus alba,leaf,leaf,showing orientation on twig,https://bioimages.vanderbilt.edu/gq/baskauf/gqual--lfshade12407.jpg,Quercus,Fagaceae,Quercus alba,Quercus,Fagaceae,0.99967754,True,True,True,Quercus alba,Quercus,Fagaceae,0.98721352,True,True,True,Quercus alba,Quercus,Fagaceae,0.94,True,True,True,Quercus alba,Quercus,Fagaceae,0.8,True,True,True
baskauf/12409,vanderbilt/7-324,baskauf_12409.jpg,Quercus alba,whole tree (or vine),whole tree (or vine),general,https://bioimages.vanderbilt.edu/gq/baskauf/gqual--wplarge12409.jpg,Quercus,Fagaceae,Quercus alba,Quercus,Fagaceae,0.71185577,True,True,True,Quercus muehlenbergii,Quercus,Fagaceae,0.34764925,False,True,True,Fraxinus americana,Fraxinus,Oleaceae,0.58,False,False,False,Quercus alba,Quercus,Fagaceae,0.7,True,True,True
baskauf/12511,vanderbilt/7-324,baskauf_12511.jpg,Quercus alba,leaf,leaf,unspecified,https://bioimages.vanderbilt.edu/gq/baskauf/gqual--lflower12511.jpg,Quercus,Fagaceae,Quercus alba,Quercus,Fagaceae,0.90161812,True,True,True,Quercus alba,Quercus,Fagaceae,0.84696641,True,True,True,Quercus alba,Quercus,Fagaceae,0.86,True,True,True,Quercus alba,Quercus,Fagaceae,0.8,True,True,True
baskauf/12516,vanderbilt/7-324,baskauf_12516.jpg,Quercus alba,leaf,leaf,unspecified,https://bioimages.vanderbilt.edu/gq/baskauf/gqual--lfsun-shade12516.jpg,Quercus,Fagaceae,Quercus alba,Quercus,Fagaceae,0.99957901,True,True,True,Quercus alba,Quercus,Fagaceae,0.92567102,True,True,True,Quercus alba,Quercus,Fagaceae,0.88,True,True,True,Quercus alba,Quercus,Fagaceae,0.9,True,True,True
baskauf/12528,vanderbilt/7-324,baskauf_12528.jpg,Quercus alba,leaf,leaf,unspecified,https://bioimages.vanderbilt.edu/gq/baskauf/gqual--lflower-micro12528.jpg,Quercus,Fagaceae,Quercus muehlenbergii,Quercus,Fagaceae,0.83252007,False,True,True,Quercus macrocarpa,Quercus,Fagaceae,0.31583215,False,True,True,Cornus florida,Cornus,Cornaceae,0.58,False,False,False,Carpinus caroliniana,Carpinus,Betulaceae,0.7,False,False,False
baskauf/90785a,vanderbilt/9-89,baskauf_90785a.jpg,Fraxinus pennsylvanica,whole tree (or vine),whole tree (or vine),general,https://bioimages.vanderbilt.edu/gq/baskauf/g90785a.jpg,Fraxinus,Oleaceae,Fraxinus pennsylvanica,Fraxinus,Oleaceae,0.77577966,True,True,True,Juglans nigra,Juglans,Juglandaceae,0.47252183,False,False,False,Fraxinus americana,Fraxinus,Oleaceae,0.43,False,True,True,Ailanthus altissima,Ailanthus,Simaroubaceae,0.7,False,False,False
baskauf/90789,vanderbilt/9-89,baskauf_90789.jpg,Fraxinus pennsylvanica,whole tree (or vine),whole tree (or vine),view up trunk,https://bioimages.vanderbilt.edu/gq/baskauf/g90789.jpg,Fraxinus,Oleaceae,Quercus macrocarpa,Quercus,Fagaceae,0.68653321,False,False,False,Fraxinus pennsylvanica,Fraxinus,Oleaceae,0.55699944,True,True,True,Fraxinus americana,Fraxinus,Oleaceae,0.53,False,True,True,Juglans nigra,Juglans,Juglandaceae,0.7,False,False,False
baskauf/90799,vanderbilt/9-89,baskauf_90799.jpg,Fraxinus pennsylvanica,whole tree (or vine),whole tree (or vine),general,https://bioimages.vanderbilt.edu/gq/baskauf/g90799.jpg,Fraxinus,Oleaceae,Fraxinus pennsylvanica,Fraxinus,Oleaceae,0.945364,True,True,True,Quercus rubra,Quercus,Fagaceae,0.34494723,False,False,False,Fraxinus americana,Fraxinus,Oleaceae,0.54,False,True,True,Juglans nigra,Juglans,Juglandaceae,0.7,False,False,False
