image_id,status
baskauf/00000,downloaded
baskauf/00001,downloaded
baskauf/10206,downloaded
baskauf/10207,downloaded
baskauf/10213,downloaded
baskauf/10218,downloaded
baskauf/10220,downloaded
baskauf/10221,downloaded
baskauf/10225,downloaded
baskauf/10332,downloaded
baskauf/10333,downloaded
baskauf/10336,downloaded
baskauf/10338,downloaded
baskauf/10339,downloaded
baskauf/10341,downloaded
baskauf/10343,downloaded
baskauf/10344,downloaded
baskauf/10374,downloaded
baskauf/10376,downloaded
baskauf/10380,downloaded
baskauf/10386,downloaded
baskauf/10392,downloaded
baskauf/10393,downloaded
baskauf/10414,downloaded
baskauf/10415,downloaded
baskauf/10420,downloaded
baskauf/10427,downloaded
baskauf/10430,downloaded
baskauf/10431,downloaded
baskauf/10432,downloaded
baskauf/10457,downloaded
baskauf/10460,downloaded
baskauf/10462,downloaded
baskauf/10463,downloaded
baskauf/10464,downloaded
baskauf/10469,downloaded
baskauf/10470,downloaded
baskauf/10474,downloaded
baskauf/10485,downloaded
baskauf/10491,downloaded
baskauf/10492,downloaded
baskauf/10493,downloaded
baskauf/10494,downloaded
baskauf/10495,downloaded
baskauf/10496,downloaded
baskauf/10497,downloaded
baskauf/10498,downloaded
baskauf/10502,downloaded
baskauf/10503,downloaded
baskauf/10504,downloaded
baskauf/10506,downloaded
baskauf/10515,downloaded
baskauf/10516,downloaded
baskauf/10534,downloaded
baskauf/10535,downloaded
baskauf/10536,downloaded
baskauf/10537,downloaded
baskauf/10539,downloaded
baskauf/10554,downloaded
baskauf/10556,downloaded
baskauf/10557,downloaded
baskauf/10564,downloaded
baskauf/10565,downloaded
baskauf/10570,downloaded
baskauf/10574,downloaded
baskauf/10602,downloaded
baskauf/10603,downloaded
baskauf/10606,downloaded
baskauf/10643,downloaded
baskauf/10651,downloaded
baskauf/10652,downloaded
baskauf/10673,downloaded
baskauf/10674,downloaded
baskauf/10683,downloaded
baskauf/10685,downloaded
baskauf/10688,downloaded
baskauf/10689,downloaded
baskauf/10690,downloaded
baskauf/10692,downloaded
baskauf/10739,downloaded
baskauf/10757,downloaded
baskauf/10766,downloaded
baskauf/10791,downloaded
baskauf/10793,downloaded
baskauf/10794,downloaded
baskauf/10805,downloaded
baskauf/10832,downloaded
baskauf/10833,downloaded
baskauf/10834,downloaded
baskauf/10858,downloaded
baskauf/10861,downloaded
baskauf/10890,downloaded
baskauf/10892,downloaded
baskauf/10893,downloaded
baskauf/10897,downloaded
baskauf/10904,downloaded
baskauf/10935,downloaded
baskauf/10936,downloaded
baskauf/10938,downloaded
baskauf/10939,downloaded
baskauf/10941,downloaded
baskauf/10942,downloaded
baskauf/10978,downloaded
baskauf/10980,downloaded
baskauf/10981,downloaded
baskauf/10987,downloaded
baskauf/10988,downloaded
baskauf/10991,downloaded
baskauf/10992,downloaded
baskauf/10993,downloaded
baskauf/10997,downloaded
baskauf/10998,downloaded
baskauf/10999,downloaded
baskauf/11019,downloaded
baskauf/11030,downloaded
baskauf/11037,downloaded
baskauf/11038,downloaded
baskauf/11053,downloaded
baskauf/11054,downloaded
baskauf/11064,downloaded
baskauf/11066,downloaded
baskauf/11070,downloaded
baskauf/11078,downloaded
baskauf/11086,downloaded
baskauf/11091,downloaded
baskauf/11093,downloaded
baskauf/11094,downloaded
baskauf/11100,downloaded
baskauf/11102,downloaded
baskauf/11105,downloaded
baskauf/11106,downloaded
baskauf/11107,downloaded
baskauf/11109,downloaded
baskauf/11125,downloaded
baskauf/11127,downloaded
baskauf/11166,downloaded
baskauf/11174,downloaded
baskauf/11176,downloaded
baskauf/11181,downloaded
baskauf/11182,downloaded
baskauf/11187,downloaded
baskauf/11188,downloaded
baskauf/11202,downloaded
baskauf/11206,downloaded
baskauf/11208,downloaded
baskauf/11211,downloaded
baskauf/11213,downloaded
baskauf/11227,downloaded
baskauf/11243,downloaded
baskauf/11248,downloaded
baskauf/11251,downloaded
baskauf/11288,downloaded
baskauf/11294,downloaded
baskauf/11301,downloaded
baskauf/11304,downloaded
baskauf/11320,downloaded
baskauf/11327,downloaded
baskauf/11331,downloaded
baskauf/11335,downloaded
baskauf/11336,downloaded
baskauf/11392,downloaded
baskauf/11394,downloaded
baskauf/11404,downloaded
baskauf/11427,downloaded
baskauf/11430,downloaded
baskauf/11432,downloaded
baskauf/11434,downloaded
baskauf/11454,downloaded
baskauf/11457,downloaded
baskauf/11458,downloaded
baskauf/11463,downloaded
baskauf/11464,downloaded
baskauf/11469,downloaded
baskauf/11471,downloaded
baskauf/11477,downloaded
baskauf/11479,downloaded
baskauf/11481,downloaded
baskauf/11482,downloaded
baskauf/11490,downloaded
baskauf/11492,downloaded
baskauf/11493,downloaded
baskauf/11495,downloaded
baskauf/11497,downloaded
baskauf/11498,downloaded
baskauf/11499,downloaded
baskauf/11504,downloaded
baskauf/11506,downloaded
baskauf/11508,downloaded
baskauf/11509,downloaded
baskauf/11510,downloaded
baskauf/11511,downloaded
baskauf/11522,downloaded
baskauf/11524,downloaded
baskauf/11535,downloaded
baskauf/11612,downloaded
baskauf/11614,downloaded
baskauf/11632,downloaded
baskauf/11633,downloaded
baskauf/11643,downloaded
baskauf/11644,downloaded
baskauf/11645,downloaded
baskauf/11646,downloaded
baskauf/11657,downloaded
baskauf/11666,downloaded
baskauf/11687,downloaded
baskauf/11688,downloaded
baskauf/11689,downloaded
baskauf/11690,downloaded
baskauf/11691,downloaded
baskauf/11695,downloaded
baskauf/11696,downloaded
baskauf/11698,downloaded
baskauf/11699,downloaded
baskauf/11719,downloaded
baskauf/11722,downloaded
baskauf/11726,downloaded
baskauf/11727,downloaded
baskauf/11729,downloaded
baskauf/11730,downloaded
baskauf/11731,downloaded
baskauf/11732,downloaded
baskauf/11733,downloaded
baskauf/11744,downloaded
baskauf/11746,downloaded
baskauf/11751,downloaded
baskauf/11752,downloaded
baskauf/11753,downloaded
baskauf/11812,downloaded
baskauf/11813,downloaded
baskauf/11815,downloaded
baskauf/11839,downloaded
baskauf/11840,downloaded
baskauf/11843,downloaded
baskauf/11845,downloaded
baskauf/11848,downloaded
baskauf/11854,downloaded
baskauf/11894,downloaded
baskauf/11896,downloaded
baskauf/11902,downloaded
baskauf/11905,downloaded
baskauf/11916,downloaded
baskauf/11920,downloaded
baskauf/11924,downloaded
baskauf/11926,downloaded
baskauf/11927,downloaded
baskauf/11930,downloaded
baskauf/11958,downloaded
baskauf/11960,downloaded
baskauf/11961,downloaded
baskauf/11962,downloaded
baskauf/11964,downloaded
baskauf/11966,downloaded
baskauf/11973,downloaded
baskauf/11993,downloaded
baskauf/11996,downloaded
baskauf/11997,downloaded
baskauf/12036,downloaded
baskauf/12037,downloaded
baskauf/12039,downloaded
baskauf/12041,downloaded
baskauf/12043,downloaded
baskauf/12045,downloaded
baskauf/12050,downloaded
baskauf/12055,downloaded
baskauf/12060,downloaded
baskauf/12128,downloaded
baskauf/12129,downloaded
baskauf/12131,downloaded
baskauf/12171,downloaded
baskauf/12175,downloaded
baskauf/12178,downloaded
baskauf/12190,downloaded
baskauf/12192,downloaded
baskauf/12242,downloaded
baskauf/12246,downloaded
baskauf/12307,downloaded
baskauf/12309,downloaded
baskauf/12318,downloaded
baskauf/12319,downloaded
baskauf/12321,downloaded
baskauf/12324,downloaded
baskauf/12328,downloaded
baskauf/12356,downloaded
baskauf/12361,downloaded
baskauf/12363,downloaded
baskauf/12366,downloaded
baskauf/12368,downloaded
baskauf/12376,downloaded
baskauf/12382,downloaded
baskauf/12393,downloaded
baskauf/12396,downloaded
baskauf/12403,downloaded
baskauf/12405,downloaded
baskauf/12407,downloaded
baskauf/12409,downloaded
baskauf/12411,downloaded
baskauf/12413,downloaded
baskauf/12420,downloaded
baskauf/12435,downloaded
baskauf/12438,downloaded
baskauf/12440,downloaded
baskauf/12447,downloaded
baskauf/12453,downloaded
baskauf/12456,downloaded
baskauf/12457,downloaded
baskauf/12460,downloaded
baskauf/12462,downloaded
baskauf/12465,downloaded
baskauf/12467,downloaded
baskauf/12469,downloaded
baskauf/12493,downloaded
baskauf/12500,downloaded
baskauf/12501,downloaded
baskauf/12505,downloaded
baskauf/12509,downloaded
baskauf/12511,downloaded
baskauf/12516,downloaded
baskauf/12520,downloaded
baskauf/12522,downloaded
baskauf/12528,downloaded
baskauf/12538,downloaded
baskauf/12560,downloaded
baskauf/12567,downloaded
baskauf/12572,downloaded
baskauf/12578,downloaded
baskauf/12580,downloaded
baskauf/12583,downloaded
baskauf/12585,downloaded
baskauf/12698,downloaded
baskauf/12700,downloaded
baskauf/12757,downloaded
baskauf/12760,downloaded
baskauf/12761,downloaded
baskauf/12763,downloaded
baskauf/12764,downloaded
baskauf/12768,downloaded
baskauf/12800,downloaded
baskauf/12801,downloaded
baskauf/13113,downloaded
baskauf/13118,downloaded
baskauf/13122,downloaded
baskauf/13132,downloaded
baskauf/13135,downloaded
baskauf/13145,downloaded
baskauf/13151,downloaded
baskauf/13159,downloaded
baskauf/13161,downloaded
baskauf/13165,downloaded
baskauf/13169,downloaded
baskauf/13172,downloaded
baskauf/13379,downloaded
baskauf/13380,downloaded
baskauf/13383,downloaded
baskauf/13386,downloaded
baskauf/13392,downloaded
baskauf/13393,downloaded
baskauf/13397,downloaded
baskauf/13401,downloaded
baskauf/13403,downloaded
baskauf/13406,downloaded
baskauf/13410,downloaded
baskauf/13412,downloaded
baskauf/13417,downloaded
baskauf/13418,downloaded
baskauf/13474,downloaded
baskauf/13515,downloaded
baskauf/13516,downloaded
baskauf/13518,downloaded
baskauf/13534,downloaded
baskauf/13535,downloaded
baskauf/13537,downloaded
baskauf/13540,downloaded
baskauf/13574,downloaded
baskauf/13576,downloaded
baskauf/13580,downloaded
baskauf/13583,downloaded
baskauf/13585,downloaded
baskauf/13588,downloaded
baskauf/13589,downloaded
baskauf/13594,downloaded
baskauf/13654,downloaded
baskauf/13707,downloaded
baskauf/13709,downloaded
baskauf/13712,downloaded
baskauf/13975,downloaded
baskauf/13977,downloaded
baskauf/13980,downloaded
baskauf/13981,downloaded
baskauf/14024,downloaded
baskauf/14027,downloaded
baskauf/14029,downloaded
baskauf/14031,downloaded
baskauf/14034,downloaded
baskauf/15003,downloaded
baskauf/15007,downloaded
baskauf/15009,downloaded
baskauf/15010,downloaded
baskauf/15050,downloaded
baskauf/15051,downloaded
baskauf/15074,downloaded
baskauf/15075,downloaded
baskauf/15076,downloaded
baskauf/15078,downloaded
baskauf/15103,downloaded
baskauf/15104,downloaded
baskauf/15105,downloaded
baskauf/15112,downloaded
baskauf/15117,downloaded
baskauf/15129,downloaded
baskauf/15141,downloaded
baskauf/15143,downloaded
baskauf/15144,downloaded
baskauf/15172,downloaded
baskauf/15175,downloaded
baskauf/15180,downloaded
baskauf/15184,downloaded
baskauf/15185,downloaded
baskauf/15187,downloaded
baskauf/15190,downloaded
baskauf/15192,downloaded
baskauf/15196,downloaded
baskauf/15197,downloaded
baskauf/15200,downloaded
baskauf/15203,downloaded
baskauf/15205,downloaded
baskauf/15207,downloaded
baskauf/15211,downloaded
baskauf/15212,downloaded
baskauf/15216,downloaded
baskauf/15225,downloaded
baskauf/15227,downloaded
baskauf/15230,downloaded
baskauf/15235,downloaded
baskauf/15238,downloaded
baskauf/15241,downloaded
baskauf/15272,downloaded
baskauf/15307,downloaded
baskauf/15308,downloaded
baskauf/15313,downloaded
baskauf/15316,downloaded
baskauf/15320,downloaded
baskauf/15335,downloaded
baskauf/15339,downloaded
baskauf/15343,downloaded
baskauf/15346,downloaded
baskauf/15347,downloaded
baskauf/15353,downloaded
baskauf/15356,downloaded
baskauf/15358,downloaded
baskauf/15360,downloaded
baskauf/15363,downloaded
baskauf/15364,downloaded
baskauf/15367,downloaded
baskauf/15370,downloaded
baskauf/15381,downloaded
baskauf/15387,downloaded
baskauf/15388,downloaded
baskauf/15391,downloaded
baskauf/15395,downloaded
baskauf/15412,downloaded
baskauf/15417,downloaded
baskauf/15424,downloaded
baskauf/15444,downloaded
baskauf/15445,downloaded
baskauf/15477,downloaded
baskauf/15521,downloaded
baskauf/15531,downloaded
baskauf/15533,downloaded
baskauf/15549,downloaded
baskauf/15573,downloaded
baskauf/15576,downloaded
baskauf/15581,downloaded
baskauf/15598,downloaded
baskauf/15604,downloaded
baskauf/15607,downloaded
baskauf/15615,downloaded
baskauf/15620,downloaded
baskauf/15624,downloaded
baskauf/15626,downloaded
baskauf/15641,downloaded
baskauf/15643,downloaded
baskauf/15652,downloaded
baskauf/15662,downloaded
baskauf/15663,downloaded
baskauf/15687,downloaded
baskauf/15688,downloaded
baskauf/15691,downloaded
baskauf/15692,downloaded
baskauf/15696,downloaded
baskauf/15719,downloaded
baskauf/15728,downloaded
baskauf/15729,downloaded
baskauf/15734,downloaded
baskauf/15742,downloaded
baskauf/15745,downloaded
baskauf/15748,downloaded
baskauf/15750,downloaded
baskauf/15756,downloaded
baskauf/15823,downloaded
baskauf/15827,downloaded
baskauf/15861,downloaded
baskauf/15864,downloaded
baskauf/15867,downloaded
baskauf/15868,downloaded
baskauf/15894,downloaded
baskauf/15898,downloaded
baskauf/15912,downloaded
baskauf/15925,downloaded
baskauf/15935,downloaded
baskauf/15942,downloaded
baskauf/15946,downloaded
baskauf/15948,downloaded
baskauf/15951,downloaded
baskauf/15984,downloaded
baskauf/15988,downloaded
baskauf/15991,downloaded
baskauf/15994,downloaded
baskauf/15999,downloaded
baskauf/16026,downloaded
baskauf/16046,downloaded
baskauf/16050,downloaded
baskauf/16083,downloaded
baskauf/16094,downloaded
baskauf/16192,downloaded
baskauf/16195,downloaded
baskauf/16201,downloaded
baskauf/16207,downloaded
baskauf/16240,downloaded
baskauf/16278,downloaded
baskauf/16321,downloaded
baskauf/16324,downloaded
baskauf/16325,downloaded
baskauf/16416,downloaded
baskauf/16418,downloaded
baskauf/16498,downloaded
baskauf/16500,downloaded
baskauf/16502,downloaded
baskauf/16506,downloaded
baskauf/16509,downloaded
baskauf/16684,downloaded
baskauf/16710,downloaded
baskauf/16712,downloaded
baskauf/16715,downloaded
baskauf/16720,downloaded
baskauf/16722,downloaded
baskauf/16724,downloaded
baskauf/16741,downloaded
baskauf/16760,downloaded
baskauf/16835,downloaded
baskauf/17265,downloaded
baskauf/17316,downloaded
baskauf/17339,downloaded
baskauf/17455,downloaded
baskauf/17457,downloaded
baskauf/17536,downloaded
baskauf/17542,downloaded
baskauf/17546,downloaded
baskauf/17548,downloaded
baskauf/17553,downloaded
baskauf/17569,downloaded
baskauf/17771,downloaded
baskauf/17959,downloaded
baskauf/18004,downloaded
baskauf/18076,downloaded
baskauf/18084,downloaded
baskauf/18093,downloaded
baskauf/18096,downloaded
baskauf/18141,downloaded
baskauf/18150,downloaded
baskauf/18219,downloaded
baskauf/18225,downloaded
baskauf/18234,downloaded
baskauf/18483,downloaded
baskauf/18746,downloaded
baskauf/18748,downloaded
baskauf/18836,downloaded
baskauf/18839,downloaded
baskauf/18850,downloaded
baskauf/18855,downloaded
baskauf/18859,downloaded
baskauf/18969,downloaded
baskauf/18976,downloaded
baskauf/19080,downloaded
baskauf/19171,downloaded
baskauf/19182,downloaded
baskauf/19269,downloaded
baskauf/19291,downloaded
baskauf/19311,downloaded
baskauf/19319,downloaded
baskauf/19354,downloaded
baskauf/19361,downloaded
baskauf/19366,downloaded
baskauf/19371,downloaded
baskauf/19373,downloaded
baskauf/19392,downloaded
baskauf/19402,downloaded
baskauf/19579,downloaded
baskauf/19587,downloaded
baskauf/19631,downloaded
baskauf/19705,downloaded
baskauf/20031,downloaded
baskauf/2014-08-23-16-39-52,downloaded
baskauf/2014-08-23-16-40-08,downloaded
baskauf/2014-08-23-16-40-31,downloaded
baskauf/2014-08-23-16-40-51,downloaded
baskauf/20452,downloaded
baskauf/20454,downloaded
baskauf/21454,downloaded
baskauf/21457,downloaded
baskauf/21465,downloaded
baskauf/21592,downloaded
baskauf/21595,downloaded
baskauf/21605,downloaded
baskauf/21608,downloaded
baskauf/21611,downloaded
baskauf/21618,downloaded
baskauf/21865,downloaded
baskauf/21906,downloaded
baskauf/21999,downloaded
baskauf/22004,downloaded
baskauf/22014,downloaded
baskauf/22184,downloaded
baskauf/22601,downloaded
baskauf/22607,downloaded
baskauf/22873,downloaded
baskauf/22882,downloaded
baskauf/22885,downloaded
baskauf/23002,downloaded
baskauf/23004,downloaded
baskauf/23007,downloaded
baskauf/23013,downloaded
baskauf/23020,downloaded
baskauf/23022,downloaded
baskauf/23025,downloaded
baskauf/23997,downloaded
baskauf/24001,downloaded
baskauf/24227,downloaded
baskauf/24245,downloaded
baskauf/24248,downloaded
baskauf/24251,downloaded
baskauf/24254,downloaded
baskauf/24520,downloaded
baskauf/24849,downloaded
baskauf/25478,downloaded
baskauf/25625,downloaded
baskauf/25640,downloaded
baskauf/25646,downloaded
baskauf/26114,downloaded
baskauf/26119,downloaded
baskauf/26127,downloaded
baskauf/26131,downloaded
baskauf/26141,downloaded
baskauf/26143,downloaded
baskauf/26147,downloaded
baskauf/26149,downloaded
baskauf/26153,downloaded
baskauf/26308,downloaded
baskauf/26311,downloaded
baskauf/26321,downloaded
baskauf/26325,downloaded
baskauf/26421,downloaded
baskauf/26426,downloaded
baskauf/26495,downloaded
baskauf/26496,downloaded
baskauf/26502,downloaded
baskauf/26508,downloaded
baskauf/26510,downloaded
baskauf/26511,downloaded
baskauf/26540,downloaded
baskauf/26705,downloaded
baskauf/26707,downloaded
baskauf/26710,downloaded
baskauf/26714,downloaded
baskauf/27132,downloaded
baskauf/27137,downloaded
baskauf/27143,downloaded
baskauf/27882,downloaded
baskauf/27886,downloaded
baskauf/27889,downloaded
baskauf/27927,downloaded
baskauf/27929,downloaded
baskauf/28499,downloaded
baskauf/28649,downloaded
baskauf/28652,downloaded
baskauf/28656,downloaded
baskauf/28666,downloaded
baskauf/28670,downloaded
baskauf/28672,downloaded
baskauf/28751,downloaded
baskauf/28754,downloaded
baskauf/28756,downloaded
baskauf/29397,downloaded
baskauf/29400,downloaded
baskauf/29666,downloaded
baskauf/29683,downloaded
baskauf/29685,downloaded
baskauf/29689,downloaded
baskauf/29691,downloaded
baskauf/29699,downloaded
baskauf/29705,downloaded
baskauf/29725,downloaded
baskauf/29730,downloaded
baskauf/29761,downloaded
baskauf/29766,downloaded
baskauf/29771,downloaded
baskauf/29773,downloaded
baskauf/29784,downloaded
baskauf/29787,downloaded
baskauf/29811,downloaded
baskauf/29813,downloaded
baskauf/29816,downloaded
baskauf/30096,downloaded
baskauf/30099,downloaded
baskauf/30195,downloaded
baskauf/30235,downloaded
baskauf/30240,downloaded
baskauf/30241,downloaded
baskauf/30246,downloaded
baskauf/30327,downloaded
baskauf/30435,downloaded
baskauf/30439,downloaded
baskauf/30724,downloaded
baskauf/30752,downloaded
baskauf/30756,downloaded
baskauf/30758,downloaded
baskauf/30760,downloaded
baskauf/30763,downloaded
baskauf/30769,downloaded
baskauf/30771,downloaded
baskauf/30773,downloaded
baskauf/30941,downloaded
baskauf/30984,downloaded
baskauf/30990,downloaded
baskauf/31257,downloaded
baskauf/31282,downloaded
baskauf/31283,downloaded
baskauf/31285,downloaded
baskauf/31288,downloaded
baskauf/31291,downloaded
baskauf/31312,downloaded
baskauf/31314,downloaded
baskauf/31400,downloaded
baskauf/31404,downloaded
baskauf/31411,downloaded
baskauf/31412,downloaded
baskauf/31418,downloaded
baskauf/31421,downloaded
baskauf/31425,downloaded
baskauf/31426,downloaded
baskauf/31433,downloaded
baskauf/31457,downloaded
baskauf/31462,downloaded
baskauf/31464,downloaded
baskauf/31637,downloaded
baskauf/31641,downloaded
baskauf/31644,downloaded
baskauf/31775,downloaded
baskauf/31778,downloaded
baskauf/31780,downloaded
baskauf/31911,downloaded
baskauf/31913,downloaded
baskauf/31917,downloaded
baskauf/31920,downloaded
baskauf/31926,downloaded
baskauf/31980,downloaded
baskauf/31981,downloaded
baskauf/31991,downloaded
baskauf/31996,downloaded
baskauf/32045,downloaded
baskauf/32123,downloaded
baskauf/32478,downloaded
baskauf/32481,downloaded
baskauf/32482,downloaded
baskauf/32629,downloaded
baskauf/32631,downloaded
baskauf/32633,downloaded
baskauf/32634,downloaded
baskauf/32748,downloaded
baskauf/32752,downloaded
baskauf/32764,downloaded
baskauf/32768,downloaded
baskauf/32770,downloaded
baskauf/32863,downloaded
baskauf/33644,downloaded
baskauf/33646,downloaded
baskauf/33649,downloaded
baskauf/33651,downloaded
baskauf/34159,downloaded
baskauf/34165,downloaded
baskauf/34172,downloaded
baskauf/34216,downloaded
baskauf/34219,downloaded
baskauf/35163,downloaded
baskauf/35167,downloaded
baskauf/35177,downloaded
baskauf/35180,downloaded
baskauf/35181,downloaded
baskauf/35184,downloaded
baskauf/35191,downloaded
baskauf/35214,downloaded
baskauf/35216,downloaded
baskauf/35218,downloaded
baskauf/35219,downloaded
baskauf/35221,downloaded
baskauf/35224,downloaded
baskauf/35364,downloaded
baskauf/35368,downloaded
baskauf/35369,downloaded
baskauf/35372,downloaded
baskauf/35439,downloaded
baskauf/35446,downloaded
baskauf/35450,downloaded
baskauf/35627,downloaded
baskauf/35633,downloaded
baskauf/35635,downloaded
baskauf/35713,downloaded
baskauf/35716,downloaded
baskauf/35720,downloaded
baskauf/35725,downloaded
baskauf/35728,downloaded
baskauf/35729,downloaded
baskauf/35731,downloaded
baskauf/35740,downloaded
baskauf/35743,downloaded
baskauf/35968,downloaded
baskauf/37293,downloaded
baskauf/37296,downloaded
baskauf/37494,downloaded
baskauf/37883,downloaded
baskauf/37886,downloaded
baskauf/38128,downloaded
baskauf/38132,downloaded
baskauf/38139,downloaded
baskauf/38140,downloaded
baskauf/38144,downloaded
baskauf/38145,downloaded
baskauf/38148,downloaded
baskauf/38151,downloaded
baskauf/38156,downloaded
baskauf/38433,downloaded
baskauf/38435,downloaded
baskauf/38436,downloaded
baskauf/38439,downloaded
baskauf/38441,downloaded
baskauf/38698,downloaded
baskauf/38700,downloaded
baskauf/39069,downloaded
baskauf/39134,downloaded
baskauf/39140,downloaded
baskauf/39142,downloaded
baskauf/39143,downloaded
baskauf/39144,downloaded
baskauf/39154,downloaded
baskauf/39156,downloaded
baskauf/39159,downloaded
baskauf/39161,downloaded
baskauf/39162,downloaded
baskauf/39164,downloaded
baskauf/39171,downloaded
baskauf/39173,downloaded
baskauf/39176,downloaded
baskauf/39181,downloaded
baskauf/39270,downloaded
baskauf/39273,downloaded
baskauf/39880,downloaded
baskauf/43251,downloaded
baskauf/43252,downloaded
baskauf/43578,downloaded
baskauf/43789,downloaded
baskauf/43792,downloaded
baskauf/49244,downloaded
baskauf/49247,downloaded
baskauf/49248,downloaded
baskauf/49249,downloaded
baskauf/49250,downloaded
baskauf/49290,downloaded
baskauf/49293,downloaded
baskauf/49300,downloaded
baskauf/49326,downloaded
baskauf/49330,downloaded
baskauf/49332,downloaded
baskauf/49334,downloaded
baskauf/49339,downloaded
baskauf/49341,downloaded
baskauf/49344,downloaded
baskauf/50460,downloaded
baskauf/50462,downloaded
baskauf/50467,downloaded
baskauf/50473,downloaded
baskauf/50474,downloaded
baskauf/50586,downloaded
baskauf/50587,downloaded
baskauf/50588,downloaded
baskauf/50598,downloaded
baskauf/50601,downloaded
baskauf/50606,downloaded
baskauf/50630,downloaded
baskauf/50632,downloaded
baskauf/50707,downloaded
baskauf/50709,downloaded
baskauf/50727,downloaded
baskauf/50729,downloaded
baskauf/50745,downloaded
baskauf/50749,downloaded
baskauf/50750,downloaded
baskauf/50913,downloaded
baskauf/50973,downloaded
baskauf/50974,downloaded
baskauf/50977,downloaded
baskauf/50985,downloaded
baskauf/50987,downloaded
baskauf/50988,downloaded
baskauf/50996,downloaded
baskauf/51003,downloaded
baskauf/51004,downloaded
baskauf/51013,downloaded
baskauf/51014,downloaded
baskauf/51027,downloaded
baskauf/51172,downloaded
baskauf/51174,downloaded
baskauf/51175,downloaded
baskauf/51183,downloaded
baskauf/51186,downloaded
baskauf/51397,downloaded
baskauf/51398,downloaded
baskauf/51402,downloaded
baskauf/51406,downloaded
baskauf/51409,downloaded
baskauf/51411,downloaded
baskauf/51414,downloaded
baskauf/51416,downloaded
baskauf/51418,downloaded
baskauf/51420,downloaded
baskauf/51572,downloaded
baskauf/51574,downloaded
baskauf/51575,downloaded
baskauf/51577,downloaded
baskauf/51578,downloaded
baskauf/51686,downloaded
baskauf/51688,downloaded
baskauf/51691,downloaded
baskauf/51694,downloaded
baskauf/51695,downloaded
baskauf/51704,downloaded
baskauf/51706,downloaded
baskauf/51730,downloaded
baskauf/51731,downloaded
baskauf/51734,downloaded
baskauf/51736,downloaded
baskauf/51741,downloaded
baskauf/51771,downloaded
baskauf/51793,downloaded
baskauf/51797,downloaded
baskauf/51799,downloaded
baskauf/51804,downloaded
baskauf/51807,downloaded
baskauf/51808,downloaded
baskauf/51813,downloaded
baskauf/51814,downloaded
baskauf/51815,downloaded
baskauf/51816,downloaded
baskauf/52430,downloaded
baskauf/52470,downloaded
baskauf/52471,downloaded
baskauf/52483,downloaded
baskauf/52519,downloaded
baskauf/52662,downloaded
baskauf/52663,downloaded
baskauf/52744,downloaded
baskauf/52747,downloaded
baskauf/54517,downloaded
baskauf/54519,downloaded
baskauf/54525,downloaded
baskauf/54528,downloaded
baskauf/54532,downloaded
baskauf/54534,downloaded
baskauf/54535,downloaded
baskauf/54536,downloaded
baskauf/54538,downloaded
baskauf/54555,downloaded
baskauf/54556,downloaded
baskauf/54564,downloaded
baskauf/54565,downloaded
baskauf/54568,downloaded
baskauf/54677,downloaded
baskauf/54680,downloaded
baskauf/54682,downloaded
baskauf/54683,downloaded
baskauf/54826,downloaded
baskauf/54828,downloaded
baskauf/54834,downloaded
baskauf/54836,downloaded
baskauf/54849,downloaded
baskauf/54851,downloaded
baskauf/54874,downloaded
baskauf/54876,downloaded
baskauf/54881,downloaded
baskauf/54884,downloaded
baskauf/54962,downloaded
baskauf/54969,downloaded
baskauf/54970,downloaded
baskauf/54972,downloaded
baskauf/55139,downloaded
baskauf/55141,downloaded
baskauf/55869,downloaded
baskauf/55872,downloaded
baskauf/55876,downloaded
baskauf/55877,downloaded
baskauf/58502,downloaded
baskauf/58504,downloaded
baskauf/63779,downloaded
baskauf/63781,downloaded
baskauf/63783,downloaded
baskauf/65631,downloaded
baskauf/65633,downloaded
baskauf/65637,downloaded
baskauf/65641,downloaded
baskauf/65642,downloaded
baskauf/65644,downloaded
baskauf/65645,downloaded
baskauf/65650,downloaded
baskauf/65651,downloaded
baskauf/65653,downloaded
baskauf/65654,downloaded
baskauf/65655,downloaded
baskauf/65657,downloaded
baskauf/65662,downloaded
baskauf/66134,downloaded
baskauf/66135,downloaded
baskauf/66137,downloaded
baskauf/66138,downloaded
baskauf/66140,downloaded
baskauf/66141,downloaded
baskauf/66144,downloaded
baskauf/66145,downloaded
baskauf/66147,downloaded
baskauf/66149,downloaded
baskauf/66153,downloaded
baskauf/66154,downloaded
baskauf/66155,downloaded
baskauf/66156,downloaded
baskauf/66157,downloaded
baskauf/66159,downloaded
baskauf/66161,downloaded
baskauf/66163,downloaded
baskauf/66164,downloaded
baskauf/66166,downloaded
baskauf/66167,downloaded
baskauf/66168,downloaded
baskauf/66169,downloaded
baskauf/66170,downloaded
baskauf/66172,downloaded
baskauf/66173,downloaded
baskauf/66174,downloaded
baskauf/66175,downloaded
baskauf/66176,downloaded
baskauf/66178,downloaded
baskauf/66180,downloaded
baskauf/66181,downloaded
baskauf/66182,downloaded
baskauf/66183,downloaded
baskauf/66184,downloaded
baskauf/66185,downloaded
baskauf/66187,downloaded
baskauf/66188,downloaded
baskauf/66190,downloaded
baskauf/66191,downloaded
baskauf/66192,downloaded
baskauf/70795,downloaded
baskauf/70799,downloaded
baskauf/70803,downloaded
baskauf/70804,downloaded
baskauf/70807,downloaded
baskauf/70808,downloaded
baskauf/70867,downloaded
baskauf/70869,downloaded
baskauf/70870,downloaded
baskauf/70872,downloaded
baskauf/70873,downloaded
baskauf/70874,downloaded
baskauf/70875,downloaded
baskauf/70876,downloaded
baskauf/79649,downloaded
baskauf/79651,downloaded
baskauf/79653,downloaded
baskauf/79657,downloaded
baskauf/89356,downloaded
baskauf/89363,downloaded
baskauf/89367,downloaded
baskauf/89376,downloaded
baskauf/89381,downloaded
baskauf/89384,downloaded
baskauf/89388,downloaded
baskauf/89391,downloaded
baskauf/89394,downloaded
baskauf/89397,downloaded
baskauf/89954,downloaded
baskauf/89960a,downloaded
baskauf/89963,downloaded
baskauf/90661,downloaded
baskauf/90696,downloaded
baskauf/90701,downloaded
baskauf/90712,downloaded
baskauf/90714,downloaded
baskauf/90718,downloaded
baskauf/90735,downloaded
baskauf/90737,downloaded
baskauf/90750,downloaded
baskauf/90752,downloaded
baskauf/90789,downloaded
baskauf/90792,downloaded
baskauf/90798,downloaded
baskauf/90799,downloaded
baskauf/90804,downloaded
baskauf/90807,downloaded
baskauf/90809,downloaded
baskauf/90812,downloaded
baskauf/90814,downloaded
baskauf/90815,downloaded
baskauf/90817,downloaded
baskauf/90820,downloaded
baskauf/90825,downloaded
baskauf/90872,downloaded
baskauf/90874,downloaded
baskauf/90876,downloaded
baskauf/90884,downloaded
baskauf/90889,downloaded
baskauf/90899,downloaded
baskauf/90902,downloaded
baskauf/90936,downloaded
baskauf/90947,downloaded
baskauf/90950,downloaded
baskauf/90969,downloaded
baskauf/90972,downloaded
baskauf/90975,downloaded
baskauf/90988,downloaded
baskauf/91000,downloaded
baskauf/91004,downloaded
baskauf/91006,downloaded
baskauf/91011,downloaded
baskauf/91016,downloaded
baskauf/91057,downloaded
baskauf/91059,downloaded
baskauf/91065,downloaded
baskauf/91067,downloaded
baskauf/91076,downloaded
baskauf/91081,downloaded
baskauf/91083,downloaded
baskauf/91091,downloaded
baskauf/91096,downloaded
baskauf/91098,downloaded
baskauf/91101,downloaded
baskauf/91105,downloaded
baskauf/91107,downloaded
baskauf/91110,downloaded
baskauf/91119,downloaded
baskauf/91122,downloaded
baskauf/91123,downloaded
baskauf/91126,downloaded
baskauf/91134,downloaded
baskauf/91139,downloaded
baskauf/91140,downloaded
baskauf/91143,downloaded
baskauf/91144,downloaded
baskauf/91146,downloaded
baskauf/91150,downloaded
baskauf/91152,downloaded
baskauf/91154,downloaded
baskauf/91159,downloaded
baskauf/91164,downloaded
baskauf/91173,downloaded
baskauf/d0127,downloaded
baskauf/d0420,downloaded
baskauf/d0425,downloaded
baskauf/d0426,downloaded
baskauf/d0997,downloaded
baskauf/d0999,downloaded
baskauf/d1104,downloaded
baskauf/d1110,downloaded
baskauf/d1112,downloaded
hessd/e5353,downloaded
hessd/e5381,downloaded
kaufmannm/ke142,downloaded
kaufmannm/mk466,downloaded
kirchoff/ac1447,downloaded
kirchoff/ac1448,downloaded
kirchoff/ac1468,downloaded
kirchoff/ac1469,downloaded
kirchoff/ac1470,downloaded
kirchoff/ac1472,downloaded
kirchoff/ac1473,downloaded
kirchoff/ac1477,downloaded
kirchoff/ac1478,downloaded
kirchoff/ac1479,downloaded
kirchoff/ac1515,downloaded
kirchoff/ac1516,downloaded
kirchoff/ac1517,downloaded
kirchoff/ac1518,downloaded
kirchoff/ac1519,downloaded
kirchoff/b5060,downloaded
kirchoff/b5061,downloaded
kirchoff/b5063,downloaded
kirchoff/b5064,downloaded
kirchoff/b5065,downloaded
kirchoff/b5067,downloaded
kirchoff/b5068,downloaded
kirchoff/b5069,downloaded
kirchoff/b5085,downloaded
kirchoff/b5086,downloaded
kirchoff/b5087,downloaded
kirchoff/b5088,downloaded
kirchoff/b5089,downloaded
kirchoff/b5091,downloaded
kirchoff/b5092,downloaded
kirchoff/b5093,downloaded
kirchoff/b5094,downloaded
kirchoff/b5095,downloaded
kirchoff/b5132,downloaded
kirchoff/b5147,downloaded
kirchoff/b5148,downloaded
kirchoff/b5149,downloaded
kirchoff/bkk2902,downloaded
kirchoff/bkk2903,downloaded
kirchoff/bkk2904,downloaded
kirchoff/bkk2905,downloaded
kirchoff/em1968,downloaded
kirchoff/em1969,downloaded
kirchoff/em1975,downloaded
kirchoff/em1998,downloaded
kirchoff/em2001,downloaded
kirchoff/em2002,downloaded
kirchoff/em2003,downloaded
kirchoff/em2010,downloaded
kirchoff/em2014,downloaded
kirchoff/em2017,downloaded
kirchoff/em2020,downloaded
kirchoff/em2061,downloaded
kirchoff/em2062,downloaded
kirchoff/em2063,downloaded
kirchoff/em2067,downloaded
kirchoff/em2070,downloaded
kirchoff/em2071,downloaded
kirchoff/em2072,downloaded
kirchoff/em2073,downloaded
kirchoff/em2092,downloaded
kirchoff/em2093,downloaded
kirchoff/em2094,downloaded
kirchoff/em2095,downloaded
kirchoff/em2096,downloaded
kirchoff/em2099,downloaded
kirchoff/em2100,downloaded
kirchoff/em2101,downloaded
kirchoff/em2102,downloaded
kirchoff/em2106,downloaded
kirchoff/em2107,downloaded
kirchoff/em2110,downloaded
kirchoff/em2112,downloaded
kirchoff/em2114,downloaded
kirchoff/em2115,downloaded
kirchoff/em2116,downloaded
kirchoff/em2119,downloaded
kirchoff/em2143,downloaded
kirchoff/em2144,downloaded
kirchoff/em2146,downloaded
kirchoff/em2147,downloaded
kirchoff/em2150,downloaded
kirchoff/em2152,downloaded
kirchoff/em2153,downloaded
kirchoff/em2154,downloaded
kirchoff/em2192,downloaded
kirchoff/em2194,downloaded
kirchoff/em2195,downloaded
kirchoff/em2196,downloaded
kirchoff/em2198,downloaded
kirchoff/em2200,downloaded
kirchoff/em2201,downloaded
kirchoff/em2312,downloaded
kirchoff/em2315,downloaded
kirchoff/em2321,downloaded
kirchoff/em2323,downloaded
kirchoff/em2324,downloaded
kirchoff/em2325,downloaded
kirchoff/em2328,downloaded
kirchoff/em2329,downloaded
kirchoff/em2330,downloaded
kirchoff/em2334,downloaded
kirchoff/em2335,downloaded
kirchoff/em2338,downloaded
kirchoff/em2339,downloaded
kirchoff/em2341,downloaded
kirchoff/em2343,downloaded
kirchoff/em2344,downloaded
kirchoff/em2347,downloaded
kirchoff/em2348,downloaded
kirchoff/em2349,downloaded
kirchoff/em2350,downloaded
kirchoff/em2354,downloaded
kirchoff/em2355,downloaded
kirchoff/em2358,downloaded
kirchoff/em2392,downloaded
kirchoff/em2393,downloaded
kirchoff/em2394,downloaded
kirchoff/em2396,downloaded
kirchoff/em2397,downloaded
kirchoff/em2399,downloaded
kirchoff/em2401,downloaded
kirchoff/em2402,downloaded
kirchoff/em2403,downloaded
kirchoff/em2404,downloaded
kirchoff/em2405,downloaded
kirchoff/em2406,downloaded
kirchoff/em2407,downloaded
kirchoff/em2408,downloaded
kirchoff/em2409,downloaded
kirchoff/em2414,downloaded
kirchoff/em2415,downloaded
kirchoff/em2418,downloaded
kirchoff/em2420,downloaded
kirchoff/em2421,downloaded
kirchoff/em2422,downloaded
kirchoff/em2424,downloaded
kirchoff/em2559,downloaded
kirchoff/em2561,downloaded
kirchoff/em2563,downloaded
kirchoff/em2566,downloaded
kirchoff/em2571,downloaded
kirchoff/em2572,downloaded
kirchoff/em2573,downloaded
kirchoff/em2574,downloaded
kirchoff/em2577,downloaded
kirchoff/em2579,downloaded
kirchoff/em2581,downloaded
kirchoff/em2583,downloaded
kirchoff/em2584,downloaded
kirchoff/em2585,downloaded
kirchoff/em2587,downloaded
kirchoff/em2590,downloaded
kirchoff/em2593,downloaded
kirchoff/em2596,downloaded
kirchoff/em2597,downloaded
kirchoff/em2598,downloaded
kirchoff/em2599,downloaded
kirchoff/em2600,downloaded
kirchoff/em2603,downloaded
kirchoff/em2607,downloaded
kirchoff/em2616,downloaded
kirchoff/em2618,downloaded
kirchoff/em2620,downloaded
kirchoff/em2703,downloaded
ssmv/2-1006-01,downloaded
ssmv/2-1006-02,downloaded
ssmv/2-1006-03,downloaded
ssmv/2-161-01,downloaded
ssmv/2-161-02,downloaded
ssmv/2-161-03,downloaded
ssmv/2-161-04,downloaded
ssmv/2-185-02,downloaded
ssmv/2-185-03,downloaded
ssmv/2-185-04,downloaded
ssmv/2-253-01,downloaded
ssmv/2-253-02,downloaded
ssmv/2-253-03,downloaded
ssmv/2-253-04,downloaded
ssmv/2-638-01,downloaded
ssmv/2-638-02,downloaded
ssmv/2-638-04,downloaded
ssmv/2-886-02,downloaded
thomas/0014-01-01,downloaded
thomas/0014-01-02,downloaded
thomas/0014-01-03,downloaded
thomas/0014-01-04,downloaded
thomas/0014-01-05,downloaded
thomas/0014-01-06,downloaded
thomas/0014-01-07,downloaded
thomas/0014-01-08,downloaded
thomas/0014-01-09,downloaded
thomas/0049-08-01,downloaded
thomas/0049-08-02,downloaded
thomas/0049-08-03,downloaded
thomas/0049-08-04,downloaded
thomas/0049-08-05,downloaded
thomas/0104-01-01,downloaded
thomas/0104-01-02,downloaded
thomas/0104-01-04,downloaded
thomas/0265-01-01,downloaded
thomas/0265-01-03,downloaded
thomas/0265-01-04,downloaded
thomas/0265-01-05,downloaded
thomas/0265-01-06,downloaded
thomas/0301-02-01,downloaded
thomas/0301-02-02,downloaded
thomas/0301-02-03,downloaded
thomas/0440-04-01,downloaded
thomas/0440-04-02,downloaded
thomas/0440-04-03,downloaded
thomas/0440-04-04,downloaded
thomas/0440-04-05,downloaded
thomas/0440-04-06,downloaded
thomas/0440-04-07,downloaded
thomas/0486-01-01,downloaded
thomas/0486-01-02,downloaded
thomas/0486-01-03,downloaded
thomas/0486-01-04,downloaded
thomas/0486-01-05,downloaded
thomas/0486-01-06,downloaded
thomas/0486-01-07,downloaded
thomas/0486-01-08,downloaded
thomas/0486-01-09,downloaded
thomas/0486-01-10,downloaded
thomas/0506-01-01,downloaded
thomas/0506-01-02,downloaded
thomas/0506-01-03,downloaded
thomas/0506-01-04,downloaded
thomas/0506-01-05,downloaded
thomas/0506-01-06,downloaded
thomas/0506-01-07,downloaded
thomas/0506-01-08,downloaded
thomas/0506-01-10,downloaded
