representation,k,seed,n_init,species_nmi,organ_nmi,species_purity,organ_purity,inertia,iterations
bioclip,10,42,1,0.44896970834737654,0.12805784342710252,0.21572212065813529,0.36989640463132234,859.6011352539062,26
bioclip,10,43,1,0.48307475248517123,0.12916766720758951,0.2230347349177331,0.3656307129798903,856.6373291015625,23
bioclip,10,44,1,0.461461873396937,0.12831469364238587,0.21633150517976843,0.3705057891529555,859.850830078125,20
bioclip,10,45,1,0.4791053582168871,0.1360313551892229,0.21937842778793418,0.3705057891529555,855.0256958007812,21
bioclip,10,46,1,0.4320428226197133,0.15002521393471546,0.20048750761730652,0.3814747105423522,866.5555419921875,14
bioclip,10,47,1,0.4462773573936819,0.13833336685498068,0.20048750761730652,0.364411943936624,869.3349609375,27
bioclip,10,48,1,0.47290029436231396,0.13112638639794832,0.21511273613650214,0.3692870201096892,857.00927734375,29
bioclip,10,49,1,0.4770486442623719,0.1347416648230019,0.2205971968312005,0.3668494820231566,853.3866577148438,28
bioclip,10,50,1,0.4874632423695581,0.12650113645965172,0.2205971968312005,0.364411943936624,857.7403564453125,19
bioclip,10,51,1,0.47451517614725514,0.13223471569383363,0.22181596587446678,0.36867763558805605,855.519775390625,15
bioclip,20,42,1,0.5952929439021748,0.1394664420935084,0.3485679463741621,0.3942717854966484,776.677490234375,15
bioclip,20,43,1,0.6152308172332536,0.12392220019333812,0.3583180987202925,0.3558805606337599,777.149169921875,13
bioclip,20,44,1,0.5908736958066966,0.14636607438547888,0.33089579524680074,0.40463132236441196,781.3078002929688,17
bioclip,20,45,1,0.5991333435115375,0.1482196641316376,0.35405240706886043,0.4028031687995125,770.7739868164062,22
bioclip,20,46,1,0.5925149548874332,0.1540916424534997,0.3272394881170018,0.39975624619134675,784.3629150390625,20
bioclip,20,47,1,0.5868614370208138,0.13939292183231627,0.33089579524680074,0.39366240097501526,784.2103271484375,13
bioclip,20,48,1,0.5889187112523181,0.16431210555290462,0.33638025594149906,0.40706886045094454,780.28515625,12
bioclip,20,49,1,0.6123033552233814,0.13523951776933588,0.35161486898232786,0.3924436319317489,774.611572265625,18
bioclip,20,50,1,0.5923406982347058,0.15123863111370298,0.3174893357708714,0.3973187081048141,784.0650024414062,16
bioclip,20,51,1,0.6005100164459448,0.15535795492096566,0.33638025594149906,0.3918342474101158,775.046630859375,25
bioclip,50,42,1,0.744066874044296,0.18623863803240154,0.5959780621572212,0.4558196221815966,619.7288818359375,20
bioclip,50,43,1,0.7310661946601738,0.20241651351148365,0.5880560633759903,0.47592931139549055,624.3102416992188,21
bioclip,50,44,1,0.7362393076591861,0.18413153624317108,0.5941499085923218,0.45947592931139547,622.2225952148438,16
bioclip,50,45,1,0.7327601969904824,0.1933022286284828,0.5722120658135283,0.4704448507007922,623.0980224609375,17
bioclip,50,46,1,0.7378208849857303,0.18807965347269606,0.603290676416819,0.47227300426569163,616.0206298828125,10
bioclip,50,47,1,0.7293677331406422,0.21453971654988427,0.5868372943327239,0.49177330895795246,617.2689819335938,12
bioclip,50,48,1,0.7270258053121113,0.19476878022380748,0.5673369896404631,0.4643510054844607,625.1463623046875,15
bioclip,50,49,1,0.7366595067248378,0.196108089166078,0.5978062157221207,0.46496039000609385,619.6661987304688,11
bioclip,50,50,1,0.7276891835985803,0.2122158671387441,0.578915295551493,0.4789762340036563,622.9667358398438,13
bioclip,50,51,1,0.7345788832499069,0.18786640412188163,0.5886654478976234,0.4582571602681292,619.9193115234375,9
dinov3,10,42,1,0.22419566918267347,0.4990978995479564,0.1267519804996953,0.7367458866544789,1066.6260986328125,28
dinov3,10,43,1,0.221646451088446,0.5078647067332431,0.11882998171846434,0.7422303473491774,1073.894287109375,50
dinov3,10,44,1,0.2223339355766057,0.49436784539528156,0.12492382693479585,0.7154174283973187,1066.6453857421875,18
dinov3,10,45,1,0.21871311258856435,0.49744243234292623,0.12248628884826325,0.720292504570384,1064.826171875,17
dinov3,10,46,1,0.19044980387289806,0.5635554388201324,0.11273613650213285,0.7873248019500305,1066.3760986328125,18
dinov3,10,47,1,0.2045119388058009,0.5039689588882547,0.12370505789152955,0.7458866544789763,1074.339599609375,43
dinov3,10,48,1,0.23869554779421914,0.4743406169227786,0.1218769043266301,0.70018281535649,1065.4134521484375,24
dinov3,10,49,1,0.20510160284677137,0.4962015379605218,0.12309567336989641,0.7172455819622182,1067.72900390625,33
dinov3,10,50,1,0.23173568555620563,0.46267161677402635,0.125533211456429,0.684338817794028,1071.7054443359375,21
dinov3,10,51,1,0.21666780639764469,0.5272752255684919,0.12736136502132847,0.7422303473491774,1071.3580322265625,13
dinov3,20,42,1,0.3055598778994158,0.49071126387143976,0.15722120658135283,0.7739183424741012,967.2073364257812,22
dinov3,20,43,1,0.3173619345455079,0.4716616615960969,0.1761121267519805,0.7525898842169408,973.4016723632812,14
dinov3,20,44,1,0.31488002672972387,0.5058680772009718,0.16514320536258378,0.7928092626447288,961.5789794921875,25
dinov3,20,45,1,0.3235134308640978,0.48121060900146356,0.17915904936014626,0.7641681901279708,965.486083984375,18
dinov3,20,46,1,0.3186663088553745,0.5257400826653248,0.16697135892748324,0.8080438756855576,952.9751586914062,20
dinov3,20,47,1,0.3448258856137998,0.49302097094992337,0.18525289457647776,0.7818403412553321,964.60107421875,21
dinov3,20,48,1,0.33395195259427696,0.46816838021084156,0.1809872029250457,0.7599024984765387,957.9925537109375,22
dinov3,20,49,1,0.30644138269628546,0.5352979374662766,0.16514320536258378,0.825716026812919,964.9671630859375,20
dinov3,20,50,1,0.3281367589443215,0.5022281262744422,0.1712370505789153,0.7739183424741012,957.35791015625,17
dinov3,20,51,1,0.32622342814307675,0.5110888180962636,0.17794028031687995,0.8037781840341255,954.3820190429688,14
dinov3,50,42,1,0.4606853572810827,0.48618785997336184,0.27544180377818406,0.8409506398537477,820.1380615234375,20
dinov3,50,43,1,0.4552975934700788,0.4942821841913961,0.2681291895185862,0.8391224862888482,820.900146484375,13
dinov3,50,44,1,0.4499441655405939,0.4889673254112037,0.2790981109079829,0.8348567946374162,817.9057006835938,10
dinov3,50,45,1,0.45831342966239147,0.5026755998208897,0.2845825716026813,0.8507007921998782,814.55322265625,12
dinov3,50,46,1,0.4506715812927215,0.488121520693474,0.2784887263863498,0.8391224862888482,814.8413696289062,11
dinov3,50,47,1,0.4481229945056598,0.48203689554636453,0.2681291895185862,0.8220597196831201,819.3152465820312,14
dinov3,50,48,1,0.4588190057995926,0.4828484959574946,0.295551492992078,0.8208409506398537,822.6138916015625,13
dinov3,50,49,1,0.46278190201148073,0.49575739580282563,0.28214503351614867,0.8324192565508836,816.4194946289062,21
dinov3,50,50,1,0.4600974901184161,0.4949162930197905,0.28153564899451555,0.8439975624619135,816.6371459960938,13
dinov3,50,51,1,0.4606591438125588,0.48125902208950283,0.2809262644728824,0.8281535648994516,816.2027587890625,12
efficientnet_b0,10,42,1,0.13279990319425586,0.5409727766268856,0.09201706276660573,0.7836684948202316,980.7825927734375,24
efficientnet_b0,10,43,1,0.12382595493429374,0.5486153281707365,0.09323583180987204,0.7836684948202316,986.2932739257812,9
efficientnet_b0,10,44,1,0.13045870895852482,0.5259439785502323,0.09506398537477148,0.7647775746496039,987.8397827148438,24
efficientnet_b0,10,45,1,0.1297771084598139,0.5310347613933373,0.08714198659354053,0.7794028031687995,981.599853515625,18
efficientnet_b0,10,46,1,0.11220158513273147,0.538310856447109,0.08957952468007313,0.7769652650822669,990.3189697265625,19
efficientnet_b0,10,47,1,0.13307169756078557,0.5346024308134929,0.09079829372333943,0.7757464960390006,979.8494262695312,27
efficientnet_b0,10,48,1,0.12194622914879448,0.5272688617778942,0.09262644728823888,0.7745277269957344,979.6827392578125,16
efficientnet_b0,10,49,1,0.13916445003720795,0.5344708300192348,0.09628275441803778,0.7562461913467398,980.5303955078125,16
efficientnet_b0,10,50,1,0.1275861183776762,0.527510944028862,0.09567336989640463,0.765386959171237,977.571044921875,13
efficientnet_b0,10,51,1,0.13205123469709273,0.5393476666069882,0.09201706276660573,0.7824497257769653,979.821533203125,26
efficientnet_b0,20,42,1,0.21205774690852477,0.49467104571466425,0.12370505789152955,0.7812309567336989,903.3455200195312,18
efficientnet_b0,20,43,1,0.21139556652892713,0.5041514799420275,0.11761121267519806,0.7940280316879951,897.5634765625,9
efficientnet_b0,20,44,1,0.21423932450729882,0.49833227168677313,0.125533211456429,0.7739183424741012,901.7218017578125,13
efficientnet_b0,20,45,1,0.21327739494756537,0.5106604380815263,0.11761121267519806,0.7897623400365631,902.111572265625,15
efficientnet_b0,20,46,1,0.2014599637906968,0.503009373524302,0.1194393662400975,0.7879341864716636,902.49755859375,20
efficientnet_b0,20,47,1,0.21234844689669416,0.48972787870262735,0.1218769043266301,0.7696526508226691,904.1663818359375,15
efficientnet_b0,20,48,1,0.21382419850768167,0.48377295377061386,0.125533211456429,0.7775746496039001,900.1343383789062,20
efficientnet_b0,20,49,1,0.2130866854039548,0.4834481715366439,0.11517367458866545,0.7702620353443023,904.10546875,14
efficientnet_b0,20,50,1,0.2190031959815489,0.49288781210289234,0.12492382693479585,0.7708714198659354,904.67529296875,16
efficientnet_b0,20,51,1,0.2106293011227181,0.5153338930756567,0.1267519804996953,0.7873248019500305,898.79296875,22
efficientnet_b0,50,42,1,0.32264837620632714,0.45829424017681,0.17915904936014626,0.8013406459475929,802.1639404296875,13
efficientnet_b0,50,43,1,0.3319533259654999,0.4580873298086963,0.18281535648994515,0.8043875685557587,793.6978759765625,24
efficientnet_b0,50,44,1,0.33191718740558024,0.4573602160698106,0.18708104814137722,0.7964655697745278,797.6497192382812,11
efficientnet_b0,50,45,1,0.33128873296771233,0.4625536586717614,0.182205971968312,0.8098720292504571,798.9351806640625,19
efficientnet_b0,50,46,1,0.31809386300188236,0.4530699381122412,0.17550274223034734,0.8037781840341255,800.623046875,12
efficientnet_b0,50,47,1,0.3246483810334028,0.459686046124615,0.1846435100548446,0.8001218769043267,803.2800903320312,14
efficientnet_b0,50,48,1,0.322493442112827,0.4521208863303697,0.1809872029250457,0.8062157221206582,800.9159545898438,17
efficientnet_b0,50,49,1,0.32578967864811065,0.4511084313392809,0.18037781840341255,0.7928092626447288,800.6343994140625,12
efficientnet_b0,50,50,1,0.33180441764019436,0.4493185044994478,0.18647166361974407,0.7842778793418648,794.4920043945312,15
efficientnet_b0,50,51,1,0.329837598406757,0.45818860037577164,0.18281535648994515,0.7989031078610603,796.1500244140625,13
