ground_truth_species,predicted_species,count,model_key,same_genus
Fraxinus americana,Fraxinus pennsylvanica,2,bioclip,True
Fraxinus americana,Quercus palustris,2,bioclip,False
Quercus rubra,Amelanchier arborea,2,bioclip,False
Acer rubrum,Acer saccharum,1,bioclip,True
Acer rubrum,Gleditsia triacanthos,1,bioclip,False
Acer rubrum,Pyrus calleryana,1,bioclip,False
Betula lenta,Amelanchier arborea,1,bioclip,False
Betula lenta,Betula alleghaniensis,1,bioclip,True
Betula lenta,Prunus serotina,1,bioclip,False
Carpinus caroliniana,Fagus grandifolia,1,bioclip,False
Dirca palustris,Lindera benzoin,1,bioclip,False
Fraxinus pennsylvanica,Quercus macrocarpa,1,bioclip,False
Gymnocladus dioicus,Gleditsia triacanthos,1,bioclip,False
Juglans cinerea,Gleditsia triacanthos,1,bioclip,False
Nyssa sylvatica,Amelanchier arborea,1,bioclip,False
Nyssa sylvatica,Ilex verticillata,1,bioclip,False
Nyssa sylvatica,Lindera benzoin,1,bioclip,False
Nyssa sylvatica,Sassafras albidum,1,bioclip,False
Pyrus calleryana,Amelanchier arborea,1,bioclip,False
Pyrus calleryana,Rhus copallinum,1,bioclip,False
Quercus alba,Quercus muehlenbergii,1,bioclip,True
Quercus bicolor,Ostrya virginiana,1,bioclip,False
Quercus bicolor,Quercus muehlenbergii,1,bioclip,True
Quercus bicolor,Quercus palustris,1,bioclip,True
Quercus rubra,Fagus grandifolia,1,bioclip,False
Rhus copallinum,Rhus glabra,1,bioclip,True
Ulmus americana,Robinia pseudoacacia,1,bioclip,False
Acer saccharum,Ailanthus altissima,3,dinov3,False
Fraxinus americana,Quercus alba,2,dinov3,False
Juglans cinerea,Robinia pseudoacacia,2,dinov3,False
Lonicera morrowii,Ilex verticillata,2,dinov3,False
Quercus macrocarpa,Quercus alba,2,dinov3,True
Quercus palustris,Quercus rubra,2,dinov3,True
Rhus aromatica,Sassafras albidum,2,dinov3,False
Rhus copallinum,Juglans nigra,2,dinov3,False
Sassafras albidum,Fraxinus pennsylvanica,2,dinov3,False
Ulmus americana,Betula alleghaniensis,2,dinov3,False
Viburnum lantanoides,Tilia americana,2,dinov3,False
Yucca filamentosa,Gymnocladus dioicus,2,dinov3,False
Zanthoxylum americanum,Quercus palustris,2,dinov3,False
Acer negundo,Juglans nigra,1,dinov3,False
Acer negundo,Ulmus rubra,1,dinov3,False
Acer rubrum,Ginkgo biloba,1,dinov3,False
Acer rubrum,Juglans cinerea,1,dinov3,False
Acer rubrum,Quercus bicolor,1,dinov3,False
Acer saccharum,Quercus palustris,1,dinov3,False
Ailanthus altissima,Gleditsia triacanthos,1,dinov3,False
Betula alleghaniensis,Prunus serotina,1,dinov3,False
Betula lenta,Betula alleghaniensis,1,dinov3,True
Betula lenta,Prunus serotina,1,dinov3,False
Betula lenta,Rhus aromatica,1,dinov3,False
Carpinus caroliniana,Cornus florida,1,dinov3,False
Carya cordiformis,Fraxinus pennsylvanica,1,dinov3,False
Carya cordiformis,Robinia pseudoacacia,1,dinov3,False
Carya cordiformis,Tilia americana,1,dinov3,False
Carya ovata,Quercus alba,1,dinov3,False
Carya ovata,Robinia pseudoacacia,1,dinov3,False
Celtis occidentalis,Acer negundo,1,dinov3,False
Celtis occidentalis,Viburnum lantanoides,1,dinov3,False
Fagus grandifolia,Carpinus caroliniana,1,dinov3,False
Fagus grandifolia,Platanus occidentalis,1,dinov3,False
Fraxinus americana,Sassafras albidum,1,dinov3,False
Fraxinus pennsylvanica,Juglans nigra,1,dinov3,False
Fraxinus pennsylvanica,Quercus rubra,1,dinov3,False
Fraxinus quadrangulata,Sorbus americana,1,dinov3,False
Gleditsia triacanthos,Rhus glabra,1,dinov3,False
Gymnocladus dioicus,Acer saccharum,1,dinov3,False
Gymnocladus dioicus,Fraxinus americana,1,dinov3,False
Juglans cinerea,Gymnocladus dioicus,1,dinov3,False
Juglans nigra,Rhus glabra,1,dinov3,False
Juniperus virginiana,Quercus alba,1,dinov3,False
Lonicera morrowii,Pyrus calleryana,1,dinov3,False
Nyssa sylvatica,Cornus amomum,1,dinov3,False
Nyssa sylvatica,Tilia americana,1,dinov3,False
Ostrya virginiana,Robinia pseudoacacia,1,dinov3,False
Pinus strobus,Quercus bicolor,1,dinov3,False
Platanus occidentalis,Aesculus glabra,1,dinov3,False
Populus deltoides,Quercus rubra,1,dinov3,False
Prunus serotina,Nyssa sylvatica,1,dinov3,False
Prunus serotina,Salix nigra,1,dinov3,False
Quercus alba,Quercus macrocarpa,1,dinov3,True
Quercus alba,Quercus muehlenbergii,1,dinov3,True
Quercus bicolor,Fraxinus americana,1,dinov3,False
Quercus bicolor,Quercus palustris,1,dinov3,True
Quercus macrocarpa,Fraxinus pennsylvanica,1,dinov3,False
Quercus macrocarpa,Quercus bicolor,1,dinov3,True
Quercus muehlenbergii,Carya ovata,1,dinov3,False
Quercus muehlenbergii,Tilia americana,1,dinov3,False
Quercus rubra,Fraxinus americana,1,dinov3,False
Quercus rubra,Ulmus americana,1,dinov3,False
Rhus copallinum,Lindera benzoin,1,dinov3,False
Rhus glabra,Rhus copallinum,1,dinov3,True
Salix nigra,Quercus palustris,1,dinov3,False
Sambucus nigra,Rhus copallinum,1,dinov3,False
Sambucus nigra,Sambucus racemosa,1,dinov3,True
Sassafras albidum,Quercus macrocarpa,1,dinov3,False
Sorbus americana,Ailanthus altissima,1,dinov3,False
Sorbus americana,Prunus serotina,1,dinov3,False
Ulmus americana,Carya ovata,1,dinov3,False
Ulmus rubra,Betula alleghaniensis,1,dinov3,False
Ulmus rubra,Tilia americana,1,dinov3,False
Yucca filamentosa,Juglans nigra,1,dinov3,False
Yucca filamentosa,Rhus glabra,1,dinov3,False
Zanthoxylum americanum,Acer negundo,1,dinov3,False
Zanthoxylum americanum,Gleditsia triacanthos,1,dinov3,False
Quercus palustris,Quercus alba,11,gemini_flash_lite,True
Quercus palustris,Quercus rubra,5,gemini_flash_lite,True
Acer saccharum,Fraxinus americana,4,gemini_flash_lite,False
Quercus bicolor,Quercus alba,4,gemini_flash_lite,True
Quercus macrocarpa,Quercus alba,4,gemini_flash_lite,True
Quercus rubra,Quercus alba,4,gemini_flash_lite,True
Fraxinus americana,Quercus alba,3,gemini_flash_lite,False
Sambucus racemosa,Sambucus nigra,3,gemini_flash_lite,True
Zanthoxylum americanum,Rhus glabra,3,gemini_flash_lite,False
Acer rubrum,Acer saccharum,2,gemini_flash_lite,True
Betula lenta,Carpinus caroliniana,2,gemini_flash_lite,False
Carpinus caroliniana,Ostrya virginiana,2,gemini_flash_lite,False
Carya cordiformis,Fraxinus americana,2,gemini_flash_lite,False
Fraxinus pennsylvanica,Juglans nigra,2,gemini_flash_lite,False
Ilex verticillata,Cephalanthus occidentalis,2,gemini_flash_lite,False
Nyssa sylvatica,Lindera benzoin,2,gemini_flash_lite,False
Populus deltoides,Populus tremuloides,2,gemini_flash_lite,True
Prunus serotina,Prunus virginiana,2,gemini_flash_lite,True
Pyrus calleryana,Lonicera morrowii,2,gemini_flash_lite,False
Sassafras albidum,Carpinus caroliniana,2,gemini_flash_lite,False
Viburnum lantanoides,Viburnum opulus,2,gemini_flash_lite,True
Acer negundo,Acer saccharum,1,gemini_flash_lite,True
Acer negundo,Carpinus caroliniana,1,gemini_flash_lite,False
Acer negundo,Cornus amomum,1,gemini_flash_lite,False
Acer negundo,Populus tremuloides,1,gemini_flash_lite,False
Acer rubrum,Platanus occidentalis,1,gemini_flash_lite,False
Aesculus glabra,Aesculus hippocastanum,1,gemini_flash_lite,True
Ailanthus altissima,Rhus glabra,1,gemini_flash_lite,False
Amelanchier arborea,Pyrus calleryana,1,gemini_flash_lite,False
Betula alleghaniensis,Betula papyrifera,1,gemini_flash_lite,True
Carpinus caroliniana,Acer saccharum,1,gemini_flash_lite,False
Carya cordiformis,Carpinus caroliniana,1,gemini_flash_lite,False
Carya cordiformis,Gleditsia triacanthos,1,gemini_flash_lite,False
Carya ovata,Aesculus hippocastanum,1,gemini_flash_lite,False
Carya ovata,Ostrya virginiana,1,gemini_flash_lite,False
Castanea dentata,Carpinus caroliniana,1,gemini_flash_lite,False
Celtis occidentalis,Carpinus caroliniana,1,gemini_flash_lite,False
Cornus amomum,Acer rubrum,1,gemini_flash_lite,False
Cornus florida,Cornus sericea,1,gemini_flash_lite,True
Dirca palustris,Lindera benzoin,1,gemini_flash_lite,False
Fagus grandifolia,Ostrya virginiana,1,gemini_flash_lite,False
Fraxinus americana,Ailanthus altissima,1,gemini_flash_lite,False
Fraxinus pennsylvanica,Ailanthus altissima,1,gemini_flash_lite,False
Fraxinus quadrangulata,Betula papyrifera,1,gemini_flash_lite,False
Gleditsia triacanthos,Zanthoxylum americanum,1,gemini_flash_lite,False
Gymnocladus dioicus,Carpinus caroliniana,1,gemini_flash_lite,False
Gymnocladus dioicus,Magnolia acuminata,1,gemini_flash_lite,False
Juglans cinerea,Gymnocladus dioicus,1,gemini_flash_lite,False
Juglans cinerea,Juglans nigra,1,gemini_flash_lite,True
Juglans cinerea,Ulmus rubra,1,gemini_flash_lite,False
Lindera benzoin,Hamamelis virginiana,1,gemini_flash_lite,False
Lonicera morrowii,Sambucus nigra,1,gemini_flash_lite,False
Nyssa sylvatica,Acer rubrum,1,gemini_flash_lite,False
Nyssa sylvatica,Cornus florida,1,gemini_flash_lite,False
Nyssa sylvatica,Lonicera morrowii,1,gemini_flash_lite,False
Ostrya virginiana,Carpinus caroliniana,1,gemini_flash_lite,False
Picea rubens,Picea glauca,1,gemini_flash_lite,True
Populus deltoides,Juglans nigra,1,gemini_flash_lite,False
Prunus serotina,Pyrus calleryana,1,gemini_flash_lite,False
Quercus alba,Carpinus caroliniana,1,gemini_flash_lite,False
Quercus muehlenbergii,Ostrya virginiana,1,gemini_flash_lite,False
Quercus muehlenbergii,Quercus alba,1,gemini_flash_lite,True
Rhus aromatica,Cephalanthus occidentalis,1,gemini_flash_lite,False
Rhus aromatica,Lindera benzoin,1,gemini_flash_lite,False
Rhus copallinum,Ailanthus altissima,1,gemini_flash_lite,False
Rhus copallinum,Carpinus caroliniana,1,gemini_flash_lite,False
Rhus copallinum,Juglans nigra,1,gemini_flash_lite,False
Sassafras albidum,Acer saccharum,1,gemini_flash_lite,False
Sassafras albidum,Gymnocladus dioicus,1,gemini_flash_lite,False
Sassafras albidum,Quercus alba,1,gemini_flash_lite,False
Tilia americana,Carpinus caroliniana,1,gemini_flash_lite,False
Toxicodendron radicans,Ailanthus altissima,1,gemini_flash_lite,False
Toxicodendron radicans,Lindera benzoin,1,gemini_flash_lite,False
Ulmus americana,Carpinus caroliniana,1,gemini_flash_lite,False
Ulmus americana,Ostrya virginiana,1,gemini_flash_lite,False
Ulmus americana,Ulmus rubra,1,gemini_flash_lite,True
Viburnum lantanoides,Carpinus caroliniana,1,gemini_flash_lite,False
Viburnum lantanoides,Cornus racemosa,1,gemini_flash_lite,False
Yucca filamentosa,Carpinus caroliniana,1,gemini_flash_lite,False
Yucca filamentosa,Rhus glabra,1,gemini_flash_lite,False
Yucca filamentosa,Staphylea trifolia,1,gemini_flash_lite,False
Zanthoxylum americanum,Lindera benzoin,1,gemini_flash_lite,False
Ulmus americana,Ostrya virginiana,4,gpt_5_4,False
Fraxinus pennsylvanica,Fraxinus americana,3,gpt_5_4,True
Nyssa sylvatica,Lonicera morrowii,3,gpt_5_4,False
Quercus macrocarpa,Quercus alba,3,gpt_5_4,True
Quercus palustris,Quercus alba,3,gpt_5_4,True
Acer rubrum,Fraxinus americana,2,gpt_5_4,False
Acer saccharum,Magnolia acuminata,2,gpt_5_4,False
Carpinus caroliniana,Acer negundo,2,gpt_5_4,False
Carpinus caroliniana,Ostrya virginiana,2,gpt_5_4,False
Pyrus calleryana,Fagus grandifolia,2,gpt_5_4,False
Quercus alba,Cornus florida,2,gpt_5_4,False
Quercus bicolor,Quercus alba,2,gpt_5_4,True
Quercus muehlenbergii,Ostrya virginiana,2,gpt_5_4,False
Quercus palustris,Quercus rubra,2,gpt_5_4,True
Sassafras albidum,Acer saccharum,2,gpt_5_4,False
Ulmus rubra,Ostrya virginiana,2,gpt_5_4,False
Acer negundo,Cornus amomum,1,gpt_5_4,False
Acer negundo,Cornus sericea,1,gpt_5_4,False
Acer negundo,Populus deltoides,1,gpt_5_4,False
Acer negundo,Prunus serotina,1,gpt_5_4,False
Acer rubrum,Gleditsia triacanthos,1,gpt_5_4,False
Acer saccharum,Betula lenta,1,gpt_5_4,False
Aesculus glabra,Aesculus hippocastanum,1,gpt_5_4,True
Ailanthus altissima,Rhus glabra,1,gpt_5_4,False
Amelanchier arborea,Cornus florida,1,gpt_5_4,False
Amelanchier arborea,Pyrus calleryana,1,gpt_5_4,False
Betula alleghaniensis,Populus tremuloides,1,gpt_5_4,False
Betula lenta,Ostrya virginiana,1,gpt_5_4,False
Betula lenta,Prunus serotina,1,gpt_5_4,False
Carpinus caroliniana,Betula lenta,1,gpt_5_4,False
Carpinus caroliniana,Cornus florida,1,gpt_5_4,False
Carya cordiformis,Ailanthus altissima,1,gpt_5_4,False
Carya cordiformis,Fraxinus pennsylvanica,1,gpt_5_4,False
Carya cordiformis,Lonicera morrowii,1,gpt_5_4,False
Carya cordiformis,Tilia americana,1,gpt_5_4,False
Carya ovata,Acer saccharinum,1,gpt_5_4,False
Castanea dentata,Carya ovata,1,gpt_5_4,False
Celtis occidentalis,Cornus amomum,1,gpt_5_4,False
Celtis occidentalis,Ulmus rubra,1,gpt_5_4,False
Cephalanthus occidentalis,Cornus florida,1,gpt_5_4,False
Cornus amomum,Cornus sericea,1,gpt_5_4,True
Dirca palustris,Lindera benzoin,1,gpt_5_4,False
Fagus grandifolia,Castanea dentata,1,gpt_5_4,False
Fraxinus americana,Gleditsia triacanthos,1,gpt_5_4,False
Fraxinus americana,Quercus alba,1,gpt_5_4,False
Fraxinus quadrangulata,Betula lenta,1,gpt_5_4,False
Gleditsia triacanthos,Ailanthus altissima,1,gpt_5_4,False
Gleditsia triacanthos,Juglans nigra,1,gpt_5_4,False
Gleditsia triacanthos,Prunus serotina,1,gpt_5_4,False
Gleditsia triacanthos,Prunus virginiana,1,gpt_5_4,False
Gymnocladus dioicus,Gleditsia triacanthos,1,gpt_5_4,False
Gymnocladus dioicus,Prunus serotina,1,gpt_5_4,False
Gymnocladus dioicus,Robinia pseudoacacia,1,gpt_5_4,False
Ilex verticillata,Lonicera morrowii,1,gpt_5_4,False
Juglans cinerea,Carya ovata,1,gpt_5_4,False
Juglans cinerea,Fraxinus americana,1,gpt_5_4,False
Juglans cinerea,Robinia pseudoacacia,1,gpt_5_4,False
Juglans nigra,Castanea dentata,1,gpt_5_4,False
Juglans nigra,Juglans cinerea,1,gpt_5_4,True
Juniperus virginiana,Thuja occidentalis,1,gpt_5_4,False
Lindera benzoin,Acer platanoides,1,gpt_5_4,False
Lindera benzoin,Acer saccharum,1,gpt_5_4,False
Nyssa sylvatica,Cornus amomum,1,gpt_5_4,False
Nyssa sylvatica,Pyrus calleryana,1,gpt_5_4,False
Picea rubens,Picea glauca,1,gpt_5_4,True
Pinus strobus,Betula papyrifera,1,gpt_5_4,False
Pinus strobus,Robinia pseudoacacia,1,gpt_5_4,False
Platanus occidentalis,Pyrus calleryana,1,gpt_5_4,False
Populus deltoides,Populus tremuloides,1,gpt_5_4,True
Prunus serotina,Betula lenta,1,gpt_5_4,False
Quercus alba,Fraxinus americana,1,gpt_5_4,False
Quercus bicolor,Quercus rubra,1,gpt_5_4,True
Quercus palustris,Acer saccharinum,1,gpt_5_4,False
Quercus palustris,Gleditsia triacanthos,1,gpt_5_4,False
Quercus palustris,Tilia americana,1,gpt_5_4,False
Quercus rubra,Acer platanoides,1,gpt_5_4,False
Quercus rubra,Fraxinus americana,1,gpt_5_4,False
Quercus rubra,Gleditsia triacanthos,1,gpt_5_4,False
Rhus aromatica,Acer platanoides,1,gpt_5_4,False
Rhus aromatica,Lindera benzoin,1,gpt_5_4,False
Rhus copallinum,Ailanthus altissima,1,gpt_5_4,False
Rhus copallinum,Betula lenta,1,gpt_5_4,False
Rhus copallinum,Cornus amomum,1,gpt_5_4,False
Salix nigra,Populus deltoides,1,gpt_5_4,False
Sambucus racemosa,Sambucus nigra,1,gpt_5_4,True
Sambucus racemosa,Viburnum opulus,1,gpt_5_4,False
Sassafras albidum,Acer saccharinum,1,gpt_5_4,False
Sassafras albidum,Ailanthus altissima,1,gpt_5_4,False
Sassafras albidum,Tilia americana,1,gpt_5_4,False
Sorbus americana,Prunus serotina,1,gpt_5_4,False
Sorbus americana,Sambucus nigra,1,gpt_5_4,False
Tilia americana,Lindera benzoin,1,gpt_5_4,False
Tilia americana,Staphylea trifolia,1,gpt_5_4,False
Toxicodendron radicans,Cornus amomum,1,gpt_5_4,False
Toxicodendron radicans,Cornus sericea,1,gpt_5_4,False
Tsuga canadensis,Pinus strobus,1,gpt_5_4,False
Viburnum lantanoides,Aesculus glabra,1,gpt_5_4,False
Viburnum lantanoides,Hamamelis virginiana,1,gpt_5_4,False
Viburnum lantanoides,Ostrya virginiana,1,gpt_5_4,False
Viburnum lantanoides,Staphylea trifolia,1,gpt_5_4,False
Yucca filamentosa,Ostrya virginiana,1,gpt_5_4,False
Yucca filamentosa,Sambucus racemosa,1,gpt_5_4,False
Zanthoxylum americanum,Acer saccharum,1,gpt_5_4,False
Zanthoxylum americanum,Cornus amomum,1,gpt_5_4,False
Zanthoxylum americanum,Lonicera morrowii,1,gpt_5_4,False
Zanthoxylum americanum,Pyrus calleryana,1,gpt_5_4,False
