observation_id,ground_truth_species,vernacular,family,image_count,image_ids,organ_categories,image_urls,bioclip_observation_prediction,bioclip_observation_correct,bioclip_vote_fraction,bioclip_winner_mean_score,bioclip_image_accuracy,bioclip_any_image_correct,bioclip_all_images_correct,dinov3_observation_prediction,dinov3_observation_correct,dinov3_vote_fraction,dinov3_winner_mean_score,dinov3_image_accuracy,dinov3_any_image_correct,dinov3_all_images_correct,gpt_5_4_observation_prediction,gpt_5_4_observation_correct,gpt_5_4_vote_fraction,gpt_5_4_winner_mean_score,gpt_5_4_image_accuracy,gpt_5_4_any_image_correct,gpt_5_4_all_images_correct,gemini_flash_lite_observation_prediction,gemini_flash_lite_observation_correct,gemini_flash_lite_vote_fraction,gemini_flash_lite_winner_mean_score,gemini_flash_lite_image_accuracy,gemini_flash_lite_any_image_correct,gemini_flash_lite_all_images_correct,observation_correct_count,observation_correctness_pattern
ind-baskauf/10432,Fagus grandifolia,American beech,Fagaceae,5,"[""baskauf/10432"", ""baskauf/10550"", ""baskauf/29683"", ""baskauf/29685"", ""baskauf/29773""]","[""bark"", ""fruit"", ""leaf"", ""twig"", ""whole tree (or vine)""]","[""https://bioimages.vanderbilt.edu/gq/baskauf/gfagr--br10432.jpg"", ""https://bioimages.vanderbilt.edu/gq/baskauf/gfagr--fr10550.jpg"", ""https://bioimages.vanderbilt.edu/gq/baskauf/gfagr--lf29683.jpg"", ""https://bioimages.vanderbilt.edu/gq/baskauf/gfagr--tw29685.jpg"", ""https://bioimages.vanderbilt.edu/gq/baskauf/gfagr--wp29773.jpg""]",Fagus grandifolia,True,1.0,0.990323042,1.0,True,True,Fagus grandifolia,True,0.6,0.39802954333333335,0.6,True,False,Fagus grandifolia,True,0.8,0.68,0.8,True,False,Fagus grandifolia,True,0.8,0.875,0.8,True,False,4,1111
ind-baskauf/10904,Ailanthus altissima,tree of heaven,Simaroubaceae,1,"[""baskauf/10904""]","[""whole tree (or vine)""]","[""https://bioimages.vanderbilt.edu/gq/baskauf/gaial--wpsmall10904.jpg""]",Ailanthus altissima,True,1.0,0.99999321,1.0,True,True,Gleditsia triacanthos,False,1.0,0.38346931,0.0,False,False,Rhus glabra,False,1.0,0.95,0.0,False,False,Rhus glabra,False,1.0,0.8,0.0,False,False,1,1000
ind-baskauf/10938,Rhus copallinum,winged sumac,Anacardiaceae,3,"[""baskauf/10938"", ""baskauf/10939"", ""baskauf/10942""]","[""leaf"", ""twig""]","[""https://bioimages.vanderbilt.edu/gq/baskauf/grhcol2lfseveral10938.jpg"", ""https://bioimages.vanderbilt.edu/gq/baskauf/grhcol2lf10939.jpg"", ""https://bioimages.vanderbilt.edu/gq/baskauf/grhcol2twclose10942.jpg""]",Rhus copallinum,True,0.6666666666666666,0.984344185,0.6666666666666666,True,False,Juglans nigra,False,0.6666666666666666,0.449150225,0.0,False,False,Ailanthus altissima,False,0.3333333333333333,0.97,0.0,False,False,Ailanthus altissima,False,0.3333333333333333,0.7,0.0,False,False,1,1000
ind-baskauf/11037,Ulmus rubra,slippery elm,Ulmaceae,2,"[""baskauf/11037"", ""baskauf/11038""]","[""leaf""]","[""https://bioimages.vanderbilt.edu/gq/baskauf/gulru--lfseveral11037.jpg"", ""https://bioimages.vanderbilt.edu/gq/baskauf/gulru--lf11038.jpg""]",Ulmus rubra,True,1.0,0.994041175,1.0,True,True,Tilia americana,False,0.5,0.34325743,0.0,False,False,Ostrya virginiana,False,1.0,0.72,0.0,False,False,Ulmus rubra,True,1.0,0.75,1.0,True,True,2,1001
ind-baskauf/11064,Populus deltoides,eastern cottonwood,Salicaceae,3,"[""baskauf/11064"", ""baskauf/11066"", ""baskauf/11070""]","[""bark"", ""fruit"", ""leaf""]","[""https://bioimages.vanderbilt.edu/gq/baskauf/gpode3-frin-fruit11064.jpg"", ""https://bioimages.vanderbilt.edu/gq/baskauf/gpode3-brlarge11066.jpg"", ""https://bioimages.vanderbilt.edu/gq/baskauf/gpode3-lf11070.jpg""]",Populus deltoides,True,1.0,0.9999895899999999,1.0,True,True,Populus deltoides,True,0.6666666666666666,0.570083775,0.6666666666666666,True,False,Populus deltoides,True,0.6666666666666666,0.79,0.6666666666666666,True,False,Populus tremuloides,False,0.6666666666666666,0.75,0.0,False,False,3,1110
ind-baskauf/11449,Betula alleghaniensis,yellow birch,Betulaceae,1,"[""baskauf/11449""]","[""bark""]","[""https://bioimages.vanderbilt.edu/gq/baskauf/gbeal2-brlarge11449.jpg""]",Betula alleghaniensis,True,1.0,0.92396325,1.0,True,True,Prunus serotina,False,1.0,0.25348712,0.0,False,False,Populus tremuloides,False,1.0,0.42,0.0,False,False,Betula papyrifera,False,1.0,0.7,0.0,False,False,1,1000
ind-baskauf/11492,Tsuga canadensis,eastern hemlock,Pinaceae,2,"[""baskauf/11492"", ""baskauf/11493""]","[""bark"", ""whole tree""]","[""https://bioimages.vanderbilt.edu/gq/baskauf/gtsca--wplarge-forest-11492.jpg"", ""https://bioimages.vanderbilt.edu/gq/baskauf/gtsca--br11493.jpg""]",Tsuga canadensis,True,1.0,0.99999684,1.0,True,True,Tsuga canadensis,True,1.0,0.696013145,1.0,True,True,Tsuga canadensis,True,0.5,0.78,0.5,True,False,Tsuga canadensis,True,1.0,0.8,1.0,True,True,4,1111
ind-baskauf/11522,Juniperus virginiana,eastern redcedar,Cupressaceae,2,"[""baskauf/11522"", ""baskauf/11524""]","[""bark"", ""whole tree""]","[""https://bioimages.vanderbilt.edu/gq/baskauf/gjuvi--wplarge11522.jpg"", ""https://bioimages.vanderbilt.edu/gq/baskauf/gjuvi--brlarge-tree11524.jpg""]",Juniperus virginiana,True,1.0,1.0,1.0,True,True,Juniperus virginiana,True,0.5,0.80078144,0.5,True,False,Juniperus virginiana,True,0.5,0.81,0.5,True,False,Juniperus virginiana,True,1.0,0.8,1.0,True,True,4,1111
ind-baskauf/11534,Castanea dentata,American chestnut,Fagaceae,1,"[""baskauf/11534""]","[""bark""]","[""https://bioimages.vanderbilt.edu/gq/baskauf/gcade12wplog11534.jpg""]",Castanea dentata,True,1.0,0.72563386,1.0,True,True,Castanea dentata,True,1.0,0.28263073,1.0,True,True,Carya ovata,False,1.0,0.42,0.0,False,False,Carpinus caroliniana,False,1.0,0.7,0.0,False,False,2,1100
ind-baskauf/11653,Tilia americana,white basswood,Tiliaceae,2,"[""baskauf/11653"", ""baskauf/11656""]","[""twig""]","[""https://bioimages.vanderbilt.edu/gq/baskauf/gtiamh-twbud11653.jpg"", ""https://bioimages.vanderbilt.edu/gq/baskauf/gtiamh-tw11656.jpg""]",Tilia americana,True,1.0,0.999341365,1.0,True,True,Tilia americana,True,1.0,0.5862302699999999,1.0,True,True,Lindera benzoin,False,0.5,0.46,0.0,False,False,Tilia americana,True,0.5,0.8,0.5,True,False,3,1101
ind-baskauf/11687,Ulmus americana,American elm,Ulmaceae,4,"[""baskauf/11687"", ""baskauf/11688"", ""baskauf/11689"", ""baskauf/11690""]","[""bark"", ""leaf""]","[""https://bioimages.vanderbilt.edu/gq/baskauf/gulam--lfseveral11687.jpg"", ""https://bioimages.vanderbilt.edu/gq/baskauf/gulam--lf11688.jpg"", ""https://bioimages.vanderbilt.edu/gq/baskauf/gulam--lflower11689.jpg"", ""https://bioimages.vanderbilt.edu/gq/baskauf/gulam--brsmall11690.jpg""]",Ulmus americana,True,0.75,0.99708768,0.75,True,False,Betula alleghaniensis,False,0.5,0.22371458,0.25,True,False,Ostrya virginiana,False,1.0,0.5725,0.0,False,False,Ulmus americana,True,0.25,0.8,0.25,True,False,2,1001
ind-baskauf/11812,Juglans cinerea,butternut,Juglandaceae,3,"[""baskauf/11812"", ""baskauf/11813"", ""baskauf/11815""]","[""bark"", ""whole tree (or vine)""]","[""https://bioimages.vanderbilt.edu/gq/baskauf/gjuci--brmed-close11812.jpg"", ""https://bioimages.vanderbilt.edu/gq/baskauf/gjuci--brmedium11813.jpg"", ""https://bioimages.vanderbilt.edu/gq/baskauf/gjuci--wplookup-med11815.jpg""]",Juglans cinerea,True,0.6666666666666666,0.99472177,0.6666666666666666,True,False,Robinia pseudoacacia,False,0.6666666666666666,0.36084224,0.0,False,False,Robinia pseudoacacia,False,0.3333333333333333,0.76,0.0,False,False,Gymnocladus dioicus,False,0.3333333333333333,0.7,0.0,False,False,1,1000
ind-baskauf/11961,Prunus serotina,black cherry,Rosaceae,4,"[""baskauf/11961"", ""baskauf/11962"", ""baskauf/11964"", ""baskauf/11966""]","[""fruit"", ""leaf""]","[""https://bioimages.vanderbilt.edu/gq/baskauf/gprse2-lfseveral11961.jpg"", ""https://bioimages.vanderbilt.edu/gq/baskauf/gprse2-lf11962.jpg"", ""https://bioimages.vanderbilt.edu/gq/baskauf/gprse2-frdevel-dist11964.jpg"", ""https://bioimages.vanderbilt.edu/gq/baskauf/gprse2-frdevel11966.jpg""]",Prunus serotina,True,1.0,0.9999697525,1.0,True,True,Prunus serotina,True,0.5,0.573727925,0.5,True,False,Prunus serotina,True,0.75,0.7266666666666666,0.75,True,False,Prunus virginiana,False,0.5,0.7,0.25,True,False,3,1110
ind-baskauf/11993,Carya cordiformis,bitternut hickory,Juglandaceae,4,"[""baskauf/11993"", ""baskauf/11995"", ""baskauf/11996"", ""baskauf/11997""]","[""leaf"", ""twig"", ""whole tree (or vine)""]","[""https://bioimages.vanderbilt.edu/gq/baskauf/gcaco15lf11993.jpg"", ""https://bioimages.vanderbilt.edu/gq/baskauf/gcaco15twax-bud11995.jpg"", ""https://bioimages.vanderbilt.edu/gq/baskauf/gcaco15wpsmall11996.jpg"", ""https://bioimages.vanderbilt.edu/gq/baskauf/gcaco15twterm-bud11997.jpg""]",Carya cordiformis,True,1.0,0.9504568875,1.0,True,True,Carya cordiformis,True,0.25,0.520124,0.25,True,False,Ailanthus altissima,False,0.25,0.82,0.0,False,False,Fraxinus americana,False,0.5,0.7,0.0,False,False,2,1100
ind-baskauf/12021,Ostrya virginiana,hophornbeam,Betulaceae,1,"[""baskauf/12021""]","[""bark""]","[""https://bioimages.vanderbilt.edu/gq/baskauf/gosvi--brmedium12021.jpg""]",Ostrya virginiana,True,1.0,0.99983239,1.0,True,True,Robinia pseudoacacia,False,1.0,0.50957417,0.0,False,False,Ostrya virginiana,True,1.0,0.62,1.0,True,True,Carpinus caroliniana,False,1.0,0.7,0.0,False,False,2,1010
ind-baskauf/12050,Quercus muehlenbergii,chinkapin oak,Fagaceae,2,"[""baskauf/12050"", ""baskauf/12055""]","[""bark"", ""whole tree (or vine)""]","[""https://bioimages.vanderbilt.edu/gq/baskauf/gqumu--brmed12050.jpg"", ""https://bioimages.vanderbilt.edu/gq/baskauf/gqumu--wpmed-in-forest12055.jpg""]",Quercus muehlenbergii,True,1.0,0.811832485,1.0,True,True,Carya ovata,False,0.5,0.32526021,0.0,False,False,Ostrya virginiana,False,1.0,0.77,0.0,False,False,Quercus alba,False,0.5,0.8,0.0,False,False,1,1000
ind-baskauf/13650,Carya ovata,shagbark hickory,Juglandaceae,2,"[""baskauf/13650"", ""baskauf/13654""]","[""bark"", ""whole tree (or vine)""]","[""https://bioimages.vanderbilt.edu/gq/baskauf/gcaov2-brlarge-tree13650.jpg"", ""https://bioimages.vanderbilt.edu/gq/baskauf/gcaov2-wplookup-large13654.jpg""]",Carya ovata,True,1.0,0.9997706399999999,1.0,True,True,Quercus alba,False,0.5,0.39361739,0.0,False,False,Acer saccharinum,False,0.5,0.82,0.5,True,False,Aesculus hippocastanum,False,0.5,0.7,0.0,False,False,1,1000
ind-baskauf/15103,Cornus florida,flowering dogwood,Cornaceae,3,"[""baskauf/15103"", ""baskauf/15104"", ""baskauf/15105""]","[""fruit"", ""twig""]","[""https://bioimages.vanderbilt.edu/gq/baskauf/gcofl2-fr15103.jpg"", ""https://bioimages.vanderbilt.edu/gq/baskauf/gcofl2-twbuds-fruit15104.jpg"", ""https://bioimages.vanderbilt.edu/gq/baskauf/gcofl2-tw15105.jpg""]",Cornus florida,True,1.0,0.9990768266666666,1.0,True,True,Cornus florida,True,1.0,0.9598850466666667,1.0,True,True,Cornus florida,True,1.0,0.9366666666666665,1.0,True,True,Cornus florida,True,0.6666666666666666,0.8,0.6666666666666666,True,False,4,1111
ind-baskauf/15307,Acer negundo,boxelder,Aceraceae,5,"[""baskauf/15307"", ""baskauf/15308"", ""baskauf/15313"", ""baskauf/15316"", ""baskauf/15320""]","[""bark"", ""leaf"", ""twig""]","[""https://bioimages.vanderbilt.edu/gq/baskauf/gacne2-lf5-lflets15307.jpg"", ""https://bioimages.vanderbilt.edu/gq/baskauf/gacne2-tw15308.jpg"", ""https://bioimages.vanderbilt.edu/gq/baskauf/gacne2-lf3-lflets15313.jpg"", ""https://bioimages.vanderbilt.edu/gq/baskauf/gacne2-lfmargin-uplow15316.jpg"", ""https://bioimages.vanderbilt.edu/gq/baskauf/gacne2-brsmall15320.jpg""]",Acer negundo,True,1.0,0.994156348,1.0,True,True,Acer negundo,True,0.6,0.8395299466666666,0.6,True,False,Acer negundo,True,0.2,0.92,0.2,True,False,Acer saccharum,False,0.2,0.8,0.2,True,False,3,1110
ind-baskauf/15477,Rhus glabra,smooth sumac,Anacardiaceae,1,"[""baskauf/15477""]","[""whole tree (or vine)""]","[""https://bioimages.vanderbilt.edu/gq/baskauf/grhgl--wp15477.jpg""]",Rhus glabra,True,1.0,0.97068125,1.0,True,True,Rhus copallinum,False,1.0,0.37835396,0.0,False,False,Rhus glabra,True,1.0,0.72,1.0,True,True,Rhus glabra,True,1.0,0.8,1.0,True,True,3,1011
ind-baskauf/15687,Sambucus nigra,American black elderberry,Caprifoliaceae,2,"[""baskauf/15687"", ""baskauf/15688""]","[""fruit""]","[""https://bioimages.vanderbilt.edu/gq/baskauf/gsanic4frin-fruit15687.jpg"", ""https://bioimages.vanderbilt.edu/gq/baskauf/gsanic4frcloseup15688.jpg""]",Sambucus nigra,True,1.0,0.9962175449999999,1.0,True,True,Rhus copallinum,False,0.5,0.50447003,0.0,False,False,Sambucus nigra,True,1.0,0.9450000000000001,1.0,True,True,Sambucus nigra,True,1.0,0.9,1.0,True,True,3,1011
ind-baskauf/21454,Salix nigra,black willow,Salicaceae,3,"[""baskauf/21454"", ""baskauf/21457"", ""baskauf/21465""]","[""fruit"", ""inflorescence""]","[""https://bioimages.vanderbilt.edu/gq/baskauf/gsani--flinflor21454.jpg"", ""https://bioimages.vanderbilt.edu/gq/baskauf/gsani--fl21457.jpg"", ""https://bioimages.vanderbilt.edu/gq/baskauf/gsani--frdevel21465.jpg""]",Salix nigra,True,1.0,0.9999341566666667,1.0,True,True,Salix nigra,True,0.6666666666666666,0.29036483,0.6666666666666666,True,False,Salix nigra,True,0.6666666666666666,0.9450000000000001,0.6666666666666666,True,False,Salix nigra,True,1.0,0.8000000000000002,1.0,True,True,4,1111
ind-baskauf/21860,Fraxinus quadrangulata,blue ash,Oleaceae,1,"[""baskauf/21865""]","[""bark""]","[""https://bioimages.vanderbilt.edu/gq/baskauf/gfrqu--br21865.jpg""]",Fraxinus quadrangulata,True,1.0,0.97408789,1.0,True,True,Sorbus americana,False,1.0,0.08411937,0.0,False,False,Betula lenta,False,1.0,0.44,0.0,False,False,Betula papyrifera,False,1.0,0.7,0.0,False,False,1,1000
ind-baskauf/21999,Robinia pseudoacacia,black locust,Fabaceae,3,"[""baskauf/21999"", ""baskauf/22004"", ""baskauf/22014""]","[""inflorescence""]","[""https://bioimages.vanderbilt.edu/gq/baskauf/grops--flinflor21999.jpg"", ""https://bioimages.vanderbilt.edu/gq/baskauf/grops--fl22004.jpg"", ""https://bioimages.vanderbilt.edu/gq/baskauf/grops--flinflor-close22014.jpg""]",Robinia pseudoacacia,True,1.0,0.99999662,1.0,True,True,Robinia pseudoacacia,True,1.0,0.8485284466666667,1.0,True,True,Robinia pseudoacacia,True,1.0,0.98,1.0,True,True,Robinia pseudoacacia,True,1.0,0.9,1.0,True,True,4,1111
ind-baskauf/23021,Juglans nigra,black walnut,Juglandaceae,2,"[""baskauf/23022"", ""baskauf/23025""]","[""inflorescence""]","[""https://bioimages.vanderbilt.edu/gq/baskauf/gjuni--fl23022.jpg"", ""https://bioimages.vanderbilt.edu/gq/baskauf/gjuni--flmale23025.jpg""]",Juglans nigra,True,1.0,0.856235805,1.0,True,True,Juglans nigra,True,0.5,0.88518229,0.5,True,False,Juglans cinerea,False,0.5,0.88,0.0,False,False,Juglans nigra,True,1.0,0.8500000000000001,1.0,True,True,3,1101
ind-baskauf/26128,Picea rubens,red spruce,Pinaceae,1,"[""baskauf/26131""]","[""leaf""]","[""https://bioimages.vanderbilt.edu/gq/baskauf/gpiru--lf26131.jpg""]",Picea rubens,True,1.0,0.99999893,1.0,True,True,Picea rubens,True,1.0,0.87639903,1.0,True,True,Picea glauca,False,1.0,0.74,0.0,False,False,Picea glauca,False,1.0,0.8,0.0,False,False,2,1100
ind-baskauf/26298,Viburnum lantanoides,hobblebush,Caprifoliaceae,4,"[""baskauf/26308"", ""baskauf/26311"", ""baskauf/26321"", ""baskauf/26325""]","[""fruit"", ""leaf"", ""twig""]","[""https://bioimages.vanderbilt.edu/gq/baskauf/gvila11tw26308.jpg"", ""https://bioimages.vanderbilt.edu/gq/baskauf/gvila11lfseveral26311.jpg"", ""https://bioimages.vanderbilt.edu/gq/baskauf/gvila11frdevel-infruct26321.jpg"", ""https://bioimages.vanderbilt.edu/gq/baskauf/gvila11frdevel26325.jpg""]",Viburnum lantanoides,True,1.0,0.9999997625,1.0,True,True,Viburnum lantanoides,True,0.5,0.627438355,0.5,True,False,Staphylea trifolia,False,0.25,0.89,0.0,False,False,Viburnum opulus,False,0.5,0.75,0.0,False,False,2,1100
ind-baskauf/27131,Yucca filamentosa,Adam's needle,Agavaceae,4,"[""baskauf/27132"", ""baskauf/27137"", ""baskauf/27139"", ""baskauf/27143""]","[""bark"", ""fruit"", ""twig""]","[""https://bioimages.vanderbilt.edu/gq/baskauf/gyufl2-fr27132.jpg"", ""https://bioimages.vanderbilt.edu/gq/baskauf/gyufl2-fr27137.jpg"", ""https://bioimages.vanderbilt.edu/gq/baskauf/gyufl2-br27139.jpg"", ""https://bioimages.vanderbilt.edu/gq/baskauf/gyufl2-tw27143.jpg""]",Yucca filamentosa,True,1.0,0.8135774425,1.0,True,True,Gymnocladus dioicus,False,0.5,0.51040686,0.0,False,False,Yucca filamentosa,True,0.5,0.97,0.5,True,False,Staphylea trifolia,False,0.25,0.8,0.25,True,False,2,1010
ind-baskauf/28751,Sambucus racemosa,red elderberry,Caprifoliaceae,3,"[""baskauf/28751"", ""baskauf/28754"", ""baskauf/28756""]","[""fruit"", ""leaf""]","[""https://bioimages.vanderbilt.edu/gq/baskauf/gsarar3frinfruct28751.jpg"", ""https://bioimages.vanderbilt.edu/gq/baskauf/gsarar3fr28754.jpg"", ""https://bioimages.vanderbilt.edu/gq/baskauf/gsarar3lf28756.jpg""]",Sambucus racemosa,True,1.0,0.99730291,1.0,True,True,Sambucus racemosa,True,1.0,0.6752963033333333,1.0,True,True,Viburnum opulus,False,0.3333333333333333,0.93,0.3333333333333333,True,False,Sambucus nigra,False,1.0,0.8000000000000002,0.0,False,False,2,1100
ind-baskauf/30937,Cornus amomum,silky dogwood,Cornaceae,1,"[""baskauf/30941""]","[""twig""]","[""https://bioimages.vanderbilt.edu/gq/baskauf/gcoob9-twpith30941.jpg""]",Cornus amomum,True,1.0,0.99977857,1.0,True,True,Cornus amomum,True,1.0,0.43767693,1.0,True,True,Cornus sericea,False,1.0,0.78,0.0,False,False,Acer rubrum,False,1.0,0.8,0.0,False,False,2,1100
ind-baskauf/32253,Rhus aromatica,fragrant sumac,Anacardiaceae,2,"[""baskauf/32255"", ""baskauf/32257""]","[""inflorescence"", ""whole tree (or vine)""]","[""https://bioimages.vanderbilt.edu/gq/baskauf/grhar4-wpin-bloom32255.jpg"", ""https://bioimages.vanderbilt.edu/gq/baskauf/grhar4-fl32257.jpg""]",Rhus aromatica,True,1.0,0.90154168,1.0,True,True,Sassafras albidum,False,1.0,0.464269665,0.0,False,False,Lindera benzoin,False,0.5,0.87,0.0,False,False,Cephalanthus occidentalis,False,0.5,0.8,0.0,False,False,1,1000
ind-baskauf/32477,Amelanchier arborea,common serviceberry,Rosaceae,3,"[""baskauf/32478"", ""baskauf/32481"", ""baskauf/32482""]","[""fruit"", ""leaf""]","[""https://bioimages.vanderbilt.edu/gq/baskauf/gamar3-frdevel32478.jpg"", ""https://bioimages.vanderbilt.edu/gq/baskauf/gamar3-frdevel-infruct32481.jpg"", ""https://bioimages.vanderbilt.edu/gq/baskauf/gamar3-lf32482.jpg""]",Amelanchier arborea,True,1.0,1.0,1.0,True,True,Amelanchier arborea,True,1.0,0.72252479,1.0,True,True,Cornus florida,False,0.3333333333333333,0.94,0.3333333333333333,True,False,Amelanchier arborea,True,0.6666666666666666,0.7,0.6666666666666666,True,False,3,1101
ind-baskauf/32766,Pyrus calleryana,Callery pear,Rosaceae,2,"[""baskauf/32768"", ""baskauf/32770""]","[""leaf""]","[""https://bioimages.vanderbilt.edu/gq/baskauf/gpyca80lfmargin-micro32768.jpg"", ""https://bioimages.vanderbilt.edu/gq/baskauf/gpyca80lfmargin-micro32770.jpg""]",Amelanchier arborea,False,0.5,0.9999696,0.0,False,False,Pyrus calleryana,True,1.0,0.73642668,1.0,True,True,Fagus grandifolia,False,1.0,0.42,0.0,False,False,Lonicera morrowii,False,1.0,0.7,0.0,False,False,1,0100
ind-baskauf/35627,Ilex verticillata,common winterberry,Aquifoliaceae,2,"[""baskauf/35627"", ""baskauf/35633""]","[""inflorescence""]","[""https://bioimages.vanderbilt.edu/gq/baskauf/gilve--flmale-several35627.jpg"", ""https://bioimages.vanderbilt.edu/gq/baskauf/gilve--flmale35633.jpg""]",Ilex verticillata,True,1.0,0.9999999399999999,1.0,True,True,Ilex verticillata,True,1.0,0.61631687,1.0,True,True,Lonicera morrowii,False,0.5,0.96,0.5,True,False,Cephalanthus occidentalis,False,1.0,0.7,0.0,False,False,2,1100
ind-baskauf/37284,Betula lenta,sweet birch,Betulaceae,3,"[""baskauf/37287"", ""baskauf/37293"", ""baskauf/37296""]","[""bark"", ""twig""]","[""https://bioimages.vanderbilt.edu/gq/baskauf/gbele--br37287.jpg"", ""https://bioimages.vanderbilt.edu/gq/baskauf/gbele--brsmall37293.jpg"", ""https://bioimages.vanderbilt.edu/gq/baskauf/gbele--tw37296.jpg""]",Betula alleghaniensis,False,0.3333333333333333,0.93834269,0.0,False,False,Betula alleghaniensis,False,0.3333333333333333,0.23740053,0.0,False,False,Prunus serotina,False,0.3333333333333333,0.63,0.3333333333333333,True,False,Carpinus caroliniana,False,0.6666666666666666,0.6499999999999999,0.3333333333333333,True,False,0,0000
ind-baskauf/39138,Acer saccharum,sugar maple,Aceraceae,4,"[""baskauf/39140"", ""baskauf/39144"", ""baskauf/39161"", ""baskauf/39181""]","[""twig""]","[""https://bioimages.vanderbilt.edu/gq/baskauf/gacsa3-twleaf-scar39140.jpg"", ""https://bioimages.vanderbilt.edu/gq/baskauf/gacsa3-twterm-bud39144.jpg"", ""https://bioimages.vanderbilt.edu/gq/baskauf/gacsa3-twopposite-buds39161.jpg"", ""https://bioimages.vanderbilt.edu/gq/baskauf/gacsa3-twterm-leaf-scar39181.jpg""]",Acer saccharum,True,1.0,0.9831221875,1.0,True,True,Ailanthus altissima,False,0.75,0.5182052033333333,0.0,False,False,Magnolia acuminata,False,0.5,0.8049999999999999,0.25,True,False,Fraxinus americana,False,1.0,0.7250000000000001,0.0,False,False,1,1000
ind-baskauf/39879,Aesculus glabra,Ohio buckeye,Hippocastanaceae,1,"[""baskauf/39880""]","[""fruit""]","[""https://bioimages.vanderbilt.edu/gq/baskauf/gaegl--frdevel39880.jpg""]",Aesculus glabra,True,1.0,0.99998689,1.0,True,True,Aesculus glabra,True,1.0,0.92049981,1.0,True,True,Aesculus hippocastanum,False,1.0,0.92,0.0,False,False,Aesculus hippocastanum,False,1.0,0.9,0.0,False,False,2,1100
ind-baskauf/49335,Sorbus americana,American mountain ash,Rosaceae,4,"[""baskauf/49335"", ""baskauf/49339"", ""baskauf/49341"", ""baskauf/49344""]","[""inflorescence"", ""whole tree (or vine)""]","[""https://bioimages.vanderbilt.edu/gq/baskauf/gsoam3-wpin-flower49335.jpg"", ""https://bioimages.vanderbilt.edu/gq/baskauf/gsoam3-flinflor49339.jpg"", ""https://bioimages.vanderbilt.edu/gq/baskauf/gsoam3-fl49341.jpg"", ""https://bioimages.vanderbilt.edu/gq/baskauf/gsoam3-fl49344.jpg""]",Sorbus americana,True,1.0,0.999915035,1.0,True,True,Sorbus americana,True,0.5,0.376437305,0.5,True,False,Sorbus americana,True,0.5,0.78,0.5,True,False,Sorbus americana,True,1.0,0.7250000000000001,1.0,True,True,4,1111
ind-baskauf/50458,Lindera benzoin,northern spicebush,Lauraceae,3,"[""baskauf/50460"", ""baskauf/50462"", ""baskauf/50467""]","[""inflorescence"", ""whole tree (or vine)""]","[""https://bioimages.vanderbilt.edu/gq/baskauf/glibe3-flinflor50460.jpg"", ""https://bioimages.vanderbilt.edu/gq/baskauf/glibe3-fl50462.jpg"", ""https://bioimages.vanderbilt.edu/gq/baskauf/glibe3-fldistant50467.jpg""]",Lindera benzoin,True,1.0,0.9999991666666667,1.0,True,True,Lindera benzoin,True,1.0,0.4277209866666667,1.0,True,True,Lindera benzoin,True,0.3333333333333333,0.88,0.3333333333333333,True,False,Lindera benzoin,True,0.6666666666666666,0.75,0.6666666666666666,True,False,4,1111
ind-baskauf/51813,Zanthoxylum americanum,common pricklyash,Rutaceae,4,"[""baskauf/51813"", ""baskauf/51814"", ""baskauf/51815"", ""baskauf/51816""]","[""inflorescence"", ""twig""]","[""https://bioimages.vanderbilt.edu/gq/baskauf/gzaam--flfemale-front51813.jpg"", ""https://bioimages.vanderbilt.edu/gq/baskauf/gzaam--flfemale-inflor51814.jpg"", ""https://bioimages.vanderbilt.edu/gq/baskauf/gzaam--flfemale-side51815.jpg"", ""https://bioimages.vanderbilt.edu/gq/baskauf/gzaam--twwith-flowers51816.jpg""]",Zanthoxylum americanum,True,1.0,0.9999638200000001,1.0,True,True,Quercus palustris,False,0.5,0.27843989,0.0,False,False,Lonicera morrowii,False,0.25,0.83,0.0,False,False,Rhus glabra,False,0.75,0.6999999999999998,0.0,False,False,1,1000
ind-baskauf/54562,Lonicera morrowii,Morrow's honeysuckle,Caprifoliaceae,3,"[""baskauf/54564"", ""baskauf/54565"", ""baskauf/54568""]","[""fruit"", ""whole tree (or vine)""]","[""https://bioimages.vanderbilt.edu/gq/baskauf/glomo2-wpin-fruit54564.jpg"", ""https://bioimages.vanderbilt.edu/gq/baskauf/glomo2-frdistant54565.jpg"", ""https://bioimages.vanderbilt.edu/gq/baskauf/glomo2-frclose54568.jpg""]",Lonicera morrowii,True,1.0,0.9088079333333333,1.0,True,True,Ilex verticillata,False,0.6666666666666666,0.27875604,0.0,False,False,Lonicera morrowii,True,1.0,0.9333333333333332,1.0,True,True,Lonicera morrowii,True,0.6666666666666666,0.8500000000000001,0.6666666666666666,True,False,3,1011
ind-baskauf/65657,Dirca palustris,eastern leatherwood,Thymelaeaceae,1,"[""baskauf/65657""]","[""whole tree (or vine)""]","[""https://bioimages.vanderbilt.edu/gq/baskauf/gdipa9-wp65657.jpg""]",Lindera benzoin,False,1.0,0.89642239,0.0,False,False,Dirca palustris,True,1.0,0.70589868,1.0,True,True,Lindera benzoin,False,1.0,0.72,0.0,False,False,Lindera benzoin,False,1.0,0.7,0.0,False,False,1,0100
ind-baskauf/66180,Gleditsia triacanthos,honeylocust,Fabaceae,11,"[""baskauf/66180"", ""baskauf/66181"", ""baskauf/66182"", ""baskauf/66183"", ""baskauf/66184"", ""baskauf/66185"", ""baskauf/66187"", ""baskauf/66188"", ""baskauf/66190"", ""baskauf/66191"", ""baskauf/66192""]","[""bark"", ""inflorescence"", ""twig"", ""whole tree (or vine)""]","[""https://bioimages.vanderbilt.edu/gq/baskauf/ggltr--wp66180.jpg"", ""https://bioimages.vanderbilt.edu/gq/baskauf/ggltr--brmedium66181.jpg"", ""https://bioimages.vanderbilt.edu/gq/baskauf/ggltr--brmedium66182.jpg"", ""https://bioimages.vanderbilt.edu/gq/baskauf/ggltr--flmale-distant66183.jpg"", ""https://bioimages.vanderbilt.edu/gq/baskauf/ggltr--flmale-inflor66184.jpg"", ""https://bioimages.vanderbilt.edu/gq/baskauf/ggltr--flmale-front66185.jpg"", ""https://bioimages.vanderbilt.edu/gq/baskauf/ggltr--flmale-side66187.jpg"", ""https://bioimages.vanderbilt.edu/gq/baskauf/ggltr--flmale-front66188.jpg"", ""https://bioimages.vanderbilt.edu/gq/baskauf/ggltr--twthorn66190.jpg"", ""https://bioimages.vanderbilt.edu/gq/baskauf/ggltr--flmale-distant66191.jpg"", ""https://bioimages.vanderbilt.edu/gq/baskauf/ggltr--flmale66192.jpg""]",Gleditsia triacanthos,True,1.0,0.9945032418181817,1.0,True,True,Gleditsia triacanthos,True,0.9090909090909091,0.7806107019999999,0.9090909090909091,True,False,Gleditsia triacanthos,True,0.6363636363636364,0.9485714285714286,0.6363636363636364,True,False,Gleditsia triacanthos,True,0.9090909090909091,0.7699999999999999,0.9090909090909091,True,False,4,1111
ind-kaufmannm/ke064,Populus tremuloides,quaking aspen,Salicaceae,1,"[""kaufmannm/ke064""]","[""whole tree (or vine)""]","[""https://bioimages.vanderbilt.edu/gq/kaufmannm/gpotr5-wpfall-color-mke064.jpg""]",Populus tremuloides,True,1.0,1.0,1.0,True,True,Populus tremuloides,True,1.0,0.8722459,1.0,True,True,Populus tremuloides,True,1.0,0.79,1.0,True,True,Populus tremuloides,True,1.0,0.8,1.0,True,True,4,1111
ind-kirchoff/mason19,Quercus palustris,pin oak,Fagaceae,16,"[""kirchoff/em2338"", ""kirchoff/em2339"", ""kirchoff/em2341"", ""kirchoff/em2342"", ""kirchoff/em2343"", ""kirchoff/em2344"", ""kirchoff/em2347"", ""kirchoff/em2348"", ""kirchoff/em2349"", ""kirchoff/em2350"", ""kirchoff/em2352"", ""kirchoff/em2353"", ""kirchoff/em2354"", ""kirchoff/em2355"", ""kirchoff/em2356"", ""kirchoff/em2358""]","[""bark"", ""fruit"", ""leaf"", ""twig"", ""whole tree (or vine)""]","[""https://bioimages.vanderbilt.edu/gq/kirchoff/gem2338.jpg"", ""https://bioimages.vanderbilt.edu/gq/kirchoff/gem2339.jpg"", ""https://bioimages.vanderbilt.edu/gq/kirchoff/gem2341.jpg"", ""https://bioimages.vanderbilt.edu/gq/kirchoff/gem2342.jpg"", ""https://bioimages.vanderbilt.edu/gq/kirchoff/gem2343.jpg"", ""https://bioimages.vanderbilt.edu/gq/kirchoff/gem2344.jpg"", ""https://bioimages.vanderbilt.edu/gq/kirchoff/gem2347.jpg"", ""https://bioimages.vanderbilt.edu/gq/kirchoff/gem2348.jpg"", ""https://bioimages.vanderbilt.edu/gq/kirchoff/gem2349.jpg"", ""https://bioimages.vanderbilt.edu/gq/kirchoff/gem2350.jpg"", ""https://bioimages.vanderbilt.edu/gq/kirchoff/gem2352.jpg"", ""https://bioimages.vanderbilt.edu/gq/kirchoff/gem2353.jpg"", ""https://bioimages.vanderbilt.edu/gq/kirchoff/gem2354.jpg"", ""https://bioimages.vanderbilt.edu/gq/kirchoff/gem2355.jpg"", ""https://bioimages.vanderbilt.edu/gq/kirchoff/gem2356.jpg"", ""https://bioimages.vanderbilt.edu/gq/kirchoff/gem2358.jpg""]",Quercus palustris,True,1.0,0.9850606237499999,1.0,True,True,Quercus palustris,True,0.875,0.8577843128571428,0.875,True,False,Quercus palustris,True,0.5,0.7375,0.5,True,False,Quercus alba,False,0.6875,0.7818181818181817,0.0,False,False,3,1110
thomas/0049-08,Cercis canadensis,eastern redbud,Fabaceae,5,"[""thomas/0049-08-01"", ""thomas/0049-08-02"", ""thomas/0049-08-03"", ""thomas/0049-08-04"", ""thomas/0049-08-05""]","[""inflorescence"", ""whole tree (or vine)""]","[""https://bioimages.vanderbilt.edu/gq/thomas/g0049-08-01.jpg"", ""https://bioimages.vanderbilt.edu/gq/thomas/g0049-08-02.jpg"", ""https://bioimages.vanderbilt.edu/gq/thomas/g0049-08-03.jpg"", ""https://bioimages.vanderbilt.edu/gq/thomas/g0049-08-04.jpg"", ""https://bioimages.vanderbilt.edu/gq/thomas/g0049-08-05.jpg""]",Cercis canadensis,True,1.0,0.9999999519999999,1.0,True,True,Cercis canadensis,True,1.0,0.8781528279999999,1.0,True,True,Cercis canadensis,True,1.0,0.984,1.0,True,True,Cercis canadensis,True,1.0,0.9,1.0,True,True,4,1111
thomas/0104-01,Cephalanthus occidentalis,common buttonbush,Rubiaceae,4,"[""thomas/0104-01-01"", ""thomas/0104-01-02"", ""thomas/0104-01-03"", ""thomas/0104-01-04""]","[""inflorescence"", ""leaf""]","[""https://bioimages.vanderbilt.edu/gq/thomas/g0104-01-01.jpg"", ""https://bioimages.vanderbilt.edu/gq/thomas/g0104-01-02.jpg"", ""https://bioimages.vanderbilt.edu/gq/thomas/g0104-01-03.jpg"", ""https://bioimages.vanderbilt.edu/gq/thomas/g0104-01-04.jpg""]",Cephalanthus occidentalis,True,1.0,0.99999997,1.0,True,True,Cephalanthus occidentalis,True,1.0,0.8292917725,1.0,True,True,Cephalanthus occidentalis,True,0.75,0.9866666666666667,0.75,True,False,Cephalanthus occidentalis,True,1.0,0.8500000000000001,1.0,True,True,4,1111
thomas/0301-02,Toxicodendron radicans,eastern poison ivy,Anacardiaceae,3,"[""thomas/0301-02-01"", ""thomas/0301-02-02"", ""thomas/0301-02-03""]","[""inflorescence"", ""leaf""]","[""https://bioimages.vanderbilt.edu/gq/thomas/g0301-02-01.jpg"", ""https://bioimages.vanderbilt.edu/gq/thomas/g0301-02-02.jpg"", ""https://bioimages.vanderbilt.edu/gq/thomas/g0301-02-03.jpg""]",Toxicodendron radicans,True,1.0,0.9999999599999999,1.0,True,True,Toxicodendron radicans,True,1.0,0.9418662566666667,1.0,True,True,Toxicodendron radicans,True,0.3333333333333333,0.96,0.3333333333333333,True,False,Toxicodendron radicans,True,0.3333333333333333,0.9,0.3333333333333333,True,False,4,1111
vanderbilt/11-283,Platanus occidentalis,American sycamore,Platanaceae,6,"[""baskauf/89954"", ""baskauf/89955"", ""baskauf/89960a"", ""baskauf/89963"", ""baskauf/90872"", ""baskauf/90874""]","[""bark"", ""whole tree (or vine)""]","[""https://bioimages.vanderbilt.edu/gq/baskauf/g89954.jpg"", ""https://bioimages.vanderbilt.edu/gq/baskauf/g89955.jpg"", ""https://bioimages.vanderbilt.edu/gq/baskauf/g89960a.jpg"", ""https://bioimages.vanderbilt.edu/gq/baskauf/g89963.jpg"", ""https://bioimages.vanderbilt.edu/gq/baskauf/g90872.jpg"", ""https://bioimages.vanderbilt.edu/gq/baskauf/g90874.jpg""]",Platanus occidentalis,True,1.0,0.9999975366666667,1.0,True,True,Platanus occidentalis,True,0.8333333333333334,0.9630867219999999,0.8333333333333334,True,False,Platanus occidentalis,True,0.8333333333333334,0.974,0.8333333333333334,True,False,Platanus occidentalis,True,1.0,0.8833333333333334,1.0,True,True,4,1111
vanderbilt/12-11,Quercus bicolor,swamp white oak,Fagaceae,4,"[""baskauf/51183"", ""baskauf/51186"", ""baskauf/52483"", ""baskauf/91110""]","[""inflorescence"", ""leaf"", ""whole tree (or vine)""]","[""https://bioimages.vanderbilt.edu/gq/baskauf/gqubi--flinflor51183.jpg"", ""https://bioimages.vanderbilt.edu/gq/baskauf/gqubi--flmale51186.jpg"", ""https://bioimages.vanderbilt.edu/gq/baskauf/gqubi--lfmargin-uplow52483.jpg"", ""https://bioimages.vanderbilt.edu/gq/baskauf/g91110.jpg""]",Quercus bicolor,True,0.25,0.91679919,0.25,True,False,Quercus bicolor,True,0.5,0.313137635,0.5,True,False,Quercus alba,False,0.5,0.425,0.25,True,False,Quercus alba,False,1.0,0.7750000000000001,0.0,False,False,2,1100
vanderbilt/12-126,Ginkgo biloba,maidenhair tree,Ginkgoaceae,5,"[""baskauf/10502"", ""baskauf/10554"", ""baskauf/10556"", ""baskauf/10557"", ""baskauf/91126""]","[""cone"", ""leaf"", ""twig"", ""whole tree""]","[""https://bioimages.vanderbilt.edu/gq/baskauf/ggibi2-lfdevel10502.jpg"", ""https://bioimages.vanderbilt.edu/gq/baskauf/ggibi2-comale10554.jpg"", ""https://bioimages.vanderbilt.edu/gq/baskauf/ggibi2-lfpetiole-close10556.jpg"", ""https://bioimages.vanderbilt.edu/gq/baskauf/ggibi2-twdevel-lf10557.jpg"", ""https://bioimages.vanderbilt.edu/gq/baskauf/g91126.jpg""]",Ginkgo biloba,True,1.0,0.8340240940000001,1.0,True,True,Ginkgo biloba,True,1.0,0.766772284,1.0,True,True,Ginkgo biloba,True,1.0,0.962,1.0,True,True,Ginkgo biloba,True,1.0,0.93,1.0,True,True,4,1111
vanderbilt/12-177,Gymnocladus dioicus,Kentucky coffeetree,Fabaceae,3,"[""baskauf/15984"", ""baskauf/15988"", ""baskauf/91144""]","[""bark"", ""whole tree (or vine)""]","[""https://bioimages.vanderbilt.edu/gq/baskauf/ggydi--wplookup-large15984.jpg"", ""https://bioimages.vanderbilt.edu/gq/baskauf/ggydi--brlarge15988.jpg"", ""https://bioimages.vanderbilt.edu/gq/baskauf/g91144.jpg""]",Gymnocladus dioicus,True,0.6666666666666666,0.9752328699999999,0.6666666666666666,True,False,Fraxinus americana,False,0.3333333333333333,0.5311235,0.3333333333333333,True,False,Gleditsia triacanthos,False,0.3333333333333333,0.73,0.0,False,False,Carpinus caroliniana,False,0.3333333333333333,0.7,0.3333333333333333,True,False,1,1000
vanderbilt/12-33,Celtis occidentalis,common hackberry,Ulmaceae,2,"[""baskauf/50992"", ""baskauf/50993""]","[""inflorescence""]","[""https://bioimages.vanderbilt.edu/gq/baskauf/gceoco2flinflor50992.jpg"", ""https://bioimages.vanderbilt.edu/gq/baskauf/gceoco2fl50993.jpg""]",Celtis occidentalis,True,1.0,1.0,1.0,True,True,Viburnum lantanoides,False,0.5,0.36854451,0.0,False,False,Ulmus rubra,False,0.5,0.79,0.0,False,False,Carpinus caroliniana,False,0.5,0.7,0.5,True,False,1,1000
vanderbilt/3-108,Fraxinus americana,white ash,Oleaceae,4,"[""ssmv/2-638-01"", ""ssmv/2-638-02"", ""ssmv/2-638-03"", ""ssmv/2-638-04""]","[""bark"", ""leaf"", ""whole tree (or vine)""]","[""https://bioimages.vanderbilt.edu/gq/ssmv/g2-638-01.jpg"", ""https://bioimages.vanderbilt.edu/gq/ssmv/g2-638-02.jpg"", ""https://bioimages.vanderbilt.edu/gq/ssmv/g2-638-03.jpg"", ""https://bioimages.vanderbilt.edu/gq/ssmv/g2-638-04.jpg""]",Quercus palustris,False,0.5,0.66232622,0.0,False,False,Quercus alba,False,0.5,0.47220664,0.25,True,False,Fraxinus americana,True,0.5,0.57,0.5,True,False,Quercus alba,False,0.75,0.6999999999999998,0.0,False,False,1,0010
vanderbilt/6-135,Quercus macrocarpa,bur oak,Fagaceae,4,"[""baskauf/15615"", ""baskauf/15620"", ""baskauf/15624"", ""baskauf/90661""]","[""fruit"", ""leaf"", ""twig"", ""whole tree (or vine)""]","[""https://bioimages.vanderbilt.edu/gq/baskauf/gquma2-fr15615.jpg"", ""https://bioimages.vanderbilt.edu/gq/baskauf/gquma2-tw15620.jpg"", ""https://bioimages.vanderbilt.edu/gq/baskauf/gquma2-lfmargin-uplow15624.jpg"", ""https://bioimages.vanderbilt.edu/gq/baskauf/g90661.jpg""]",Quercus macrocarpa,True,1.0,0.8070412574999999,1.0,True,True,Quercus alba,False,0.5,0.7147727749999999,0.0,False,False,Quercus alba,False,0.75,0.5499999999999999,0.25,True,False,Quercus alba,False,1.0,0.8,0.0,False,False,1,1000
vanderbilt/6-15,Pinus strobus,eastern white pine,Pinaceae,3,"[""baskauf/17542"", ""baskauf/17544"", ""baskauf/17546""]","[""bark"", ""twig""]","[""https://bioimages.vanderbilt.edu/gq/baskauf/gpist--tw17542.jpg"", ""https://bioimages.vanderbilt.edu/gq/baskauf/gpist--brmedium17544.jpg"", ""https://bioimages.vanderbilt.edu/gq/baskauf/gpist--brsmall17546.jpg""]",Pinus strobus,True,1.0,0.99534728,1.0,True,True,Pinus strobus,True,0.6666666666666666,0.687036795,0.6666666666666666,True,False,Pinus strobus,True,0.3333333333333333,0.98,0.3333333333333333,True,False,Pinus strobus,True,1.0,0.7666666666666666,1.0,True,True,4,1111
vanderbilt/6-189,Carpinus caroliniana,American hornbeam,Betulaceae,6,"[""baskauf/43789"", ""baskauf/43792"", ""baskauf/50597"", ""baskauf/50598"", ""baskauf/50601"", ""baskauf/91059""]","[""fruit"", ""inflorescence"", ""whole tree (or vine)""]","[""https://bioimages.vanderbilt.edu/gq/baskauf/gcaca18frmature43789.jpg"", ""https://bioimages.vanderbilt.edu/gq/baskauf/gcaca18frmature43792.jpg"", ""https://bioimages.vanderbilt.edu/gq/baskauf/gcaca18flfemale50597.jpg"", ""https://bioimages.vanderbilt.edu/gq/baskauf/gcaca18flmale50598.jpg"", ""https://bioimages.vanderbilt.edu/gq/baskauf/gcaca18flinflor50601.jpg"", ""https://bioimages.vanderbilt.edu/gq/baskauf/g91059.jpg""]",Carpinus caroliniana,True,0.8333333333333334,0.994756032,0.8333333333333334,True,False,Carpinus caroliniana,True,0.8333333333333334,0.49155847399999997,0.8333333333333334,True,False,Acer negundo,False,0.3333333333333333,0.77,0.0,False,False,Carpinus caroliniana,True,0.5,0.6999999999999998,0.5,True,False,3,1101
vanderbilt/6-215,Sassafras albidum,sassafras,Lauraceae,5,"[""baskauf/50973"", ""baskauf/50974"", ""baskauf/50977"", ""baskauf/50978"", ""baskauf/91056""]","[""inflorescence"", ""whole tree (or vine)""]","[""https://bioimages.vanderbilt.edu/gq/baskauf/gsaal5-flfemale50973.jpg"", ""https://bioimages.vanderbilt.edu/gq/baskauf/gsaal5-flfemale-side50974.jpg"", ""https://bioimages.vanderbilt.edu/gq/baskauf/gsaal5-flfemale-front50977.jpg"", ""https://bioimages.vanderbilt.edu/gq/baskauf/gsaal5-flfemale-inflor50978.jpg"", ""https://bioimages.vanderbilt.edu/gq/baskauf/g91056.jpg""]",Sassafras albidum,True,1.0,0.9081477299999999,1.0,True,True,Sassafras albidum,True,0.4,0.503084655,0.4,True,False,Acer saccharum,False,0.4,0.755,0.0,False,False,Carpinus caroliniana,False,0.4,0.7,0.0,False,False,2,1100
vanderbilt/6-239,Nyssa sylvatica,blackgum,Cornaceae,5,"[""baskauf/51397"", ""baskauf/51398"", ""baskauf/51402"", ""baskauf/51406"", ""baskauf/91065""]","[""inflorescence"", ""whole tree (or vine)""]","[""https://bioimages.vanderbilt.edu/gq/baskauf/gnysy--flfem-front51397.jpg"", ""https://bioimages.vanderbilt.edu/gq/baskauf/gnysy--flfemside51398.jpg"", ""https://bioimages.vanderbilt.edu/gq/baskauf/gnysy--flfem51402.jpg"", ""https://bioimages.vanderbilt.edu/gq/baskauf/gnysy--flfem-inflor51406.jpg"", ""https://bioimages.vanderbilt.edu/gq/baskauf/g91065.jpg""]",Nyssa sylvatica,True,0.2,0.89608264,0.2,True,False,Nyssa sylvatica,True,0.6,0.49033162999999996,0.6,True,False,Lonicera morrowii,False,0.6,0.8133333333333335,0.0,False,False,Lindera benzoin,False,0.4,0.75,0.0,False,False,2,1100
vanderbilt/7-298,Acer rubrum,red maple,Aceraceae,3,"[""baskauf/89381"", ""baskauf/91011"", ""baskauf/91016""]","[""whole tree (or vine)""]","[""https://bioimages.vanderbilt.edu/gq/baskauf/g89381.jpg"", ""https://bioimages.vanderbilt.edu/gq/baskauf/g91011.jpg"", ""https://bioimages.vanderbilt.edu/gq/baskauf/g91016.jpg""]",Acer saccharum,False,0.3333333333333333,0.99014777,0.0,False,False,Juglans cinerea,False,0.3333333333333333,0.21052764,0.0,False,False,Fraxinus americana,False,0.6666666666666666,0.39,0.0,False,False,Acer saccharum,False,0.6666666666666666,0.6499999999999999,0.0,False,False,0,0000
vanderbilt/7-306,Quercus rubra,northern red oak,Fagaceae,4,"[""baskauf/15643"", ""baskauf/89376"", ""baskauf/90969"", ""baskauf/90972""]","[""leaf"", ""whole tree (or vine)""]","[""https://bioimages.vanderbilt.edu/gq/baskauf/gquru--lfmargin-uplow15643.jpg"", ""https://bioimages.vanderbilt.edu/gq/baskauf/g89376.jpg"", ""https://bioimages.vanderbilt.edu/gq/baskauf/g90969.jpg"", ""https://bioimages.vanderbilt.edu/gq/baskauf/g90972.jpg""]",Amelanchier arborea,False,0.5,0.92225748,0.25,True,False,Quercus rubra,True,0.5,0.41298932499999996,0.5,True,False,Quercus rubra,True,0.25,0.74,0.25,True,False,Quercus alba,False,1.0,0.7250000000000001,0.0,False,False,2,0110
vanderbilt/7-324,Quercus alba,white oak,Fagaceae,7,"[""baskauf/12403"", ""baskauf/12405"", ""baskauf/12407"", ""baskauf/12409"", ""baskauf/12511"", ""baskauf/12516"", ""baskauf/12528""]","[""fruit"", ""leaf"", ""whole tree (or vine)""]","[""https://bioimages.vanderbilt.edu/gq/baskauf/gqual--lfsun12403.jpg"", ""https://bioimages.vanderbilt.edu/gq/baskauf/gqual--frdevel12405.jpg"", ""https://bioimages.vanderbilt.edu/gq/baskauf/gqual--lfshade12407.jpg"", ""https://bioimages.vanderbilt.edu/gq/baskauf/gqual--wplarge12409.jpg"", ""https://bioimages.vanderbilt.edu/gq/baskauf/gqual--lflower12511.jpg"", ""https://bioimages.vanderbilt.edu/gq/baskauf/gqual--lfsun-shade12516.jpg"", ""https://bioimages.vanderbilt.edu/gq/baskauf/gqual--lflower-micro12528.jpg""]",Quercus alba,True,0.8571428571428571,0.9350138,0.8571428571428571,True,False,Quercus alba,True,0.7142857142857143,0.924678406,0.7142857142857143,True,False,Quercus alba,True,0.5714285714285714,0.8875,0.5714285714285714,True,False,Quercus alba,True,0.8571428571428571,0.8000000000000002,0.8571428571428571,True,False,4,1111
vanderbilt/9-89,Fraxinus pennsylvanica,green ash,Oleaceae,3,"[""baskauf/90785a"", ""baskauf/90789"", ""baskauf/90799""]","[""whole tree (or vine)""]","[""https://bioimages.vanderbilt.edu/gq/baskauf/g90785a.jpg"", ""https://bioimages.vanderbilt.edu/gq/baskauf/g90789.jpg"", ""https://bioimages.vanderbilt.edu/gq/baskauf/g90799.jpg""]",Fraxinus pennsylvanica,True,0.6666666666666666,0.86057183,0.6666666666666666,True,False,Fraxinus pennsylvanica,True,0.3333333333333333,0.55699944,0.3333333333333333,True,False,Fraxinus americana,False,1.0,0.5,0.0,False,False,Juglans nigra,False,0.6666666666666666,0.7,0.0,False,False,2,1100
