ground_truth_species,predicted_species,count
Quercus rubra,Quercus palustris,14
Fraxinus americana,Fraxinus pennsylvanica,13
Carya laciniosa,Carya ovata,12
Acer nigrum,Acer saccharum,11
Pyrus calleryana,Amelanchier arborea,10
Quercus velutina,Quercus palustris,9
Cornus amomum,Cornus racemosa,8
Dirca palustris,Lindera benzoin,8
Quercus alba,Quercus muehlenbergii,7
Quercus bicolor,Quercus macrocarpa,6
Ginkgo biloba,Magnolia acuminata,6
Juglans nigra,Juglans cinerea,6
Cornus amomum,Cornus sericea,5
Gymnocladus dioicus,Magnolia acuminata,5
Quercus bicolor,Quercus muehlenbergii,5
Aesculus glabra,Aesculus hippocastanum,5
Carya laciniosa,Carya cordiformis,5
Fraxinus americana,Quercus palustris,5
Betula lenta,Betula alleghaniensis,4
Picea rubens,Picea mariana,4
Prunus serotina,Prunus virginiana,4
Dirca palustris,Zanthoxylum americanum,4
Acer saccharum,Acer platanoides,3
Betula lenta,Fagus grandifolia,3
Nyssa sylvatica,Magnolia acuminata,3
Thuja occidentalis,Juniperus virginiana,3
Quercus alba,Quercus macrocarpa,3
Quercus alba,Quercus palustris,3
Quercus macrocarpa,Quercus palustris,3
Juglans nigra,Carya ovata,3
Pinus resinosa,Pinus rigida,3
Ulmus rubra,Ulmus americana,3
Acer nigrum,Magnolia acuminata,2
Acer rubrum,Acer saccharinum,2
Rhus aromatica,Amelanchier arborea,2
Ostrya virginiana,Carpinus caroliniana,2
Nyssa sylvatica,Sassafras albidum,2
Nyssa sylvatica,Lindera benzoin,2
Nyssa sylvatica,Prunus pensylvanica,2
Gymnocladus dioicus,Gleditsia triacanthos,2
Quercus muehlenbergii,Quercus alba,2
Quercus palustris,Quercus muehlenbergii,2
Quercus palustris,Populus tremuloides,2
Quercus rubra,Quercus velutina,2
Carya cordiformis,Ailanthus altissima,2
Carya cordiformis,Celtis occidentalis,2
Juglans cinerea,Carya ovata,2
Juglans cinerea,Gleditsia triacanthos,2
Juglans cinerea,Staphylea trifolia,2
Juglans nigra,Gymnocladus dioicus,2
Sassafras albidum,Magnolia acuminata,2
Fraxinus americana,Quercus muehlenbergii,2
Fraxinus americana,Magnolia acuminata,2
Fraxinus pennsylvanica,Quercus macrocarpa,2
Fraxinus pennsylvanica,Quercus muehlenbergii,2
Fraxinus quadrangulata,Fraxinus pennsylvanica,2
Picea glauca,Picea rubens,2
Pinus strobus,Pinus rigida,2
Pyrus calleryana,Gleditsia triacanthos,2
Pyrus calleryana,Zanthoxylum americanum,2
Ulmus americana,Celtis occidentalis,2
Acer negundo,Acer saccharinum,1
Acer negundo,Toxicodendron radicans,1
Acer nigrum,Zanthoxylum americanum,1
Acer nigrum,Acer rubrum,1
Acer rubrum,Acer saccharum,1
Acer rubrum,Pyrus calleryana,1
Acer rubrum,Gleditsia triacanthos,1
Acer saccharinum,Gymnocladus dioicus,1
Acer saccharum,Quercus muehlenbergii,1
Acer saccharum,Ulmus americana,1
Acer saccharum,Quercus palustris,1
Acer saccharum,Acer rubrum,1
Acer saccharum,Celtis occidentalis,1
Acer saccharum,Quercus alba,1
Yucca filamentosa,Magnolia acuminata,1
Rhus aromatica,Rhus copallinum,1
Rhus aromatica,Toxicodendron radicans,1
Rhus copallinum,Rhus glabra,1
Rhus glabra,Gleditsia triacanthos,1
Rhus glabra,Gymnocladus dioicus,1
Toxicodendron radicans,Hamamelis virginiana,1
Betula alleghaniensis,Carpinus caroliniana,1
Betula alleghaniensis,Castanea dentata,1
Betula alleghaniensis,Prunus pensylvanica,1
Betula lenta,Prunus serotina,1
Betula lenta,Prunus pensylvanica,1
Betula lenta,Carpinus caroliniana,1
Betula lenta,Amelanchier arborea,1
Carpinus caroliniana,Betula papyrifera,1
Carpinus caroliniana,Fagus grandifolia,1
Carpinus caroliniana,Ilex verticillata,1
Ostrya virginiana,Lindera benzoin,1
Ostrya virginiana,Cornus florida,1
Ostrya virginiana,Celtis occidentalis,1
Lonicera morrowii,Viburnum opulus,1
Sambucus nigra,Sambucus racemosa,1
Viburnum lantanoides,Zanthoxylum americanum,1
Viburnum opulus,Celtis occidentalis,1
Viburnum opulus,Cornus sericea,1
Cornus florida,Ilex verticillata,1
Cornus florida,Cornus amomum,1
Cornus racemosa,Amelanchier arborea,1
Cornus racemosa,Cephalanthus occidentalis,1
Cornus racemosa,Ilex verticillata,1
Cornus sericea,Magnolia acuminata,1
Nyssa sylvatica,Quercus macrocarpa,1
Nyssa sylvatica,Fraxinus quadrangulata,1
Nyssa sylvatica,Pyrus calleryana,1
Nyssa sylvatica,Cephalanthus occidentalis,1
Nyssa sylvatica,Acer negundo,1
Nyssa sylvatica,Ulmus americana,1
Nyssa sylvatica,Fagus grandifolia,1
Nyssa sylvatica,Ilex verticillata,1
Nyssa sylvatica,Castanea dentata,1
Thuja occidentalis,Picea rubens,1
Cercis canadensis,Gleditsia triacanthos,1
Cercis canadensis,Lindera benzoin,1
Cercis canadensis,Magnolia acuminata,1
Gleditsia triacanthos,Carpinus caroliniana,1
Gleditsia triacanthos,Celtis occidentalis,1
Gymnocladus dioicus,Staphylea trifolia,1
Gymnocladus dioicus,Juglans cinerea,1
Robinia pseudoacacia,Fraxinus americana,1
Robinia pseudoacacia,Prunus pensylvanica,1
Robinia pseudoacacia,Juglans cinerea,1
Robinia pseudoacacia,Gleditsia triacanthos,1
Robinia pseudoacacia,Gymnocladus dioicus,1
Castanea dentata,Acer saccharum,1
Castanea dentata,Magnolia acuminata,1
Castanea dentata,Quercus palustris,1
Fagus grandifolia,Amelanchier arborea,1
Fagus grandifolia,Populus tremuloides,1
Quercus alba,Quercus bicolor,1
Quercus alba,Magnolia acuminata,1
Quercus bicolor,Carya laciniosa,1
Quercus bicolor,Quercus alba,1
Quercus bicolor,Quercus palustris,1
Quercus bicolor,Magnolia acuminata,1
Quercus macrocarpa,Ulmus americana,1
Quercus macrocarpa,Quercus bicolor,1
Quercus macrocarpa,Quercus muehlenbergii,1
Quercus muehlenbergii,Quercus macrocarpa,1
Quercus muehlenbergii,Quercus bicolor,1
Quercus rubra,Quercus muehlenbergii,1
Quercus rubra,Quercus macrocarpa,1
Quercus rubra,Prunus pensylvanica,1
Quercus rubra,Quercus bicolor,1
Quercus rubra,Ulmus americana,1
Quercus rubra,Celtis occidentalis,1
Quercus rubra,Magnolia acuminata,1
Quercus rubra,Amelanchier arborea,1
Quercus rubra,Quercus alba,1
Quercus rubra,Platanus occidentalis,1
Quercus rubra,Populus deltoides,1
Quercus rubra,Fagus grandifolia,1
Quercus velutina,Quercus rubra,1
Quercus velutina,Magnolia acuminata,1
Quercus velutina,Platanus occidentalis,1
Quercus velutina,Fagus grandifolia,1
Ginkgo biloba,Gymnocladus dioicus,1
Ginkgo biloba,Pinus rigida,1
Ginkgo biloba,Juniperus virginiana,1
Ginkgo biloba,Staphylea trifolia,1
Ginkgo biloba,Populus deltoides,1
Hamamelis virginiana,Prunus pensylvanica,1
Hamamelis virginiana,Ostrya virginiana,1
Aesculus glabra,Fraxinus pennsylvanica,1
Aesculus glabra,Acer saccharinum,1
Aesculus glabra,Quercus muehlenbergii,1
Aesculus hippocastanum,Ulmus rubra,1
Carya laciniosa,Juglans cinerea,1
Carya ovata,Ostrya virginiana,1
Carya ovata,Amelanchier arborea,1
Carya ovata,Rhus copallinum,1
Carya ovata,Carya cordiformis,1
Carya ovata,Ilex verticillata,1
Carya ovata,Carya laciniosa,1
Juglans cinerea,Juglans nigra,1
Juglans cinerea,Cephalanthus occidentalis,1
Juglans cinerea,Quercus muehlenbergii,1
Juglans nigra,Carya cordiformis,1
Juglans nigra,Ailanthus altissima,1
Juglans nigra,Celtis occidentalis,1
Juglans nigra,Acer saccharinum,1
Juglans nigra,Magnolia acuminata,1
Lindera benzoin,Amelanchier arborea,1
Sassafras albidum,Carya laciniosa,1
Sassafras albidum,Lindera benzoin,1
Sassafras albidum,Castanea dentata,1
Sassafras albidum,Tilia americana,1
Magnolia acuminata,Sorbus americana,1
Magnolia acuminata,Celtis occidentalis,1
Magnolia acuminata,Ostrya virginiana,1
Fraxinus americana,Robinia pseudoacacia,1
Fraxinus americana,Gymnocladus dioicus,1
Fraxinus americana,Quercus bicolor,1
Fraxinus americana,Aesculus hippocastanum,1
Fraxinus pennsylvanica,Ailanthus altissima,1
Fraxinus pennsylvanica,Sassafras albidum,1
Fraxinus pennsylvanica,Quercus palustris,1
Fraxinus pennsylvanica,Gymnocladus dioicus,1
Fraxinus pennsylvanica,Fraxinus quadrangulata,1
Fraxinus pennsylvanica,Quercus alba,1
Fraxinus quadrangulata,Toxicodendron radicans,1
Fraxinus quadrangulata,Staphylea trifolia,1
Fraxinus quadrangulata,Fraxinus americana,1
Pinus strobus,Pinus resinosa,1
Pinus strobus,Staphylea trifolia,1
Pinus strobus,Picea rubens,1
Tsuga canadensis,Pinus strobus,1
Platanus occidentalis,Quercus muehlenbergii,1
Platanus occidentalis,Staphylea trifolia,1
Amelanchier arborea,Prunus pensylvanica,1
Prunus pensylvanica,Castanea dentata,1
Prunus serotina,Prunus pensylvanica,1
Prunus serotina,Amelanchier arborea,1
Pyrus calleryana,Gymnocladus dioicus,1
Pyrus calleryana,Acer saccharinum,1
Pyrus calleryana,Prunus pensylvanica,1
Pyrus calleryana,Populus deltoides,1
Pyrus calleryana,Rhus copallinum,1
Pyrus calleryana,Lindera benzoin,1
Cephalanthus occidentalis,Quercus bicolor,1
Cephalanthus occidentalis,Viburnum opulus,1
Populus deltoides,Juglans cinerea,1
Salix nigra,Carya laciniosa,1
Salix nigra,Ulmus americana,1
Ailanthus altissima,Juglans cinerea,1
Ailanthus altissima,Zanthoxylum americanum,1
Ailanthus altissima,Carya ovata,1
Staphylea trifolia,Carya cordiformis,1
Dirca palustris,Hamamelis virginiana,1
Dirca palustris,Staphylea trifolia,1
Tilia americana,Amelanchier arborea,1
Celtis occidentalis,Gymnocladus dioicus,1
Celtis occidentalis,Quercus macrocarpa,1
Ulmus americana,Robinia pseudoacacia,1
Ulmus americana,Ostrya virginiana,1
Ulmus americana,Amelanchier arborea,1
Ulmus americana,Carpinus caroliniana,1
Ulmus americana,Fraxinus pennsylvanica,1
Ulmus rubra,Quercus macrocarpa,1
Ulmus rubra,Carya laciniosa,1
