model_key,ground_truth_species,predicted_species,count
bioclip_zero_shot,Quercus rubra,Quercus palustris,14
bioclip_zero_shot,Fraxinus americana,Fraxinus pennsylvanica,13
bioclip_zero_shot,Carya laciniosa,Carya ovata,12
bioclip_zero_shot,Acer nigrum,Acer saccharum,11
bioclip_zero_shot,Pyrus calleryana,Amelanchier arborea,10
bioclip_zero_shot,Quercus velutina,Quercus palustris,9
bioclip_zero_shot,Cornus amomum,Cornus racemosa,8
bioclip_zero_shot,Dirca palustris,Lindera benzoin,8
bioclip_zero_shot,Quercus alba,Quercus muehlenbergii,7
bioclip_zero_shot,Ginkgo biloba,Magnolia acuminata,6
bioclip_zero_shot,Juglans nigra,Juglans cinerea,6
bioclip_zero_shot,Quercus bicolor,Quercus macrocarpa,6
bioclip_zero_shot,Aesculus glabra,Aesculus hippocastanum,5
bioclip_zero_shot,Carya laciniosa,Carya cordiformis,5
bioclip_zero_shot,Cornus amomum,Cornus sericea,5
bioclip_zero_shot,Fraxinus americana,Quercus palustris,5
bioclip_zero_shot,Gymnocladus dioicus,Magnolia acuminata,5
bioclip_zero_shot,Quercus bicolor,Quercus muehlenbergii,5
bioclip_zero_shot,Betula lenta,Betula alleghaniensis,4
bioclip_zero_shot,Dirca palustris,Zanthoxylum americanum,4
bioclip_zero_shot,Picea rubens,Picea mariana,4
bioclip_zero_shot,Prunus serotina,Prunus virginiana,4
bioclip_zero_shot,Acer saccharum,Acer platanoides,3
bioclip_zero_shot,Betula lenta,Fagus grandifolia,3
bioclip_zero_shot,Juglans nigra,Carya ovata,3
bioclip_zero_shot,Nyssa sylvatica,Magnolia acuminata,3
bioclip_zero_shot,Pinus resinosa,Pinus rigida,3
bioclip_zero_shot,Quercus alba,Quercus macrocarpa,3
bioclip_zero_shot,Quercus alba,Quercus palustris,3
bioclip_zero_shot,Quercus macrocarpa,Quercus palustris,3
bioclip_zero_shot,Thuja occidentalis,Juniperus virginiana,3
bioclip_zero_shot,Ulmus rubra,Ulmus americana,3
bioclip_zero_shot,Acer nigrum,Magnolia acuminata,2
bioclip_zero_shot,Acer rubrum,Acer saccharinum,2
bioclip_zero_shot,Carya cordiformis,Ailanthus altissima,2
bioclip_zero_shot,Carya cordiformis,Celtis occidentalis,2
bioclip_zero_shot,Fraxinus americana,Magnolia acuminata,2
bioclip_zero_shot,Fraxinus americana,Quercus muehlenbergii,2
bioclip_zero_shot,Fraxinus pennsylvanica,Quercus macrocarpa,2
bioclip_zero_shot,Fraxinus pennsylvanica,Quercus muehlenbergii,2
bioclip_zero_shot,Fraxinus quadrangulata,Fraxinus pennsylvanica,2
bioclip_zero_shot,Gymnocladus dioicus,Gleditsia triacanthos,2
bioclip_zero_shot,Juglans cinerea,Carya ovata,2
bioclip_zero_shot,Juglans cinerea,Gleditsia triacanthos,2
bioclip_zero_shot,Juglans cinerea,Staphylea trifolia,2
bioclip_zero_shot,Juglans nigra,Gymnocladus dioicus,2
bioclip_zero_shot,Nyssa sylvatica,Lindera benzoin,2
bioclip_zero_shot,Nyssa sylvatica,Prunus pensylvanica,2
bioclip_zero_shot,Nyssa sylvatica,Sassafras albidum,2
bioclip_zero_shot,Ostrya virginiana,Carpinus caroliniana,2
bioclip_zero_shot,Picea glauca,Picea rubens,2
bioclip_zero_shot,Pinus strobus,Pinus rigida,2
bioclip_zero_shot,Pyrus calleryana,Gleditsia triacanthos,2
bioclip_zero_shot,Pyrus calleryana,Zanthoxylum americanum,2
bioclip_zero_shot,Quercus muehlenbergii,Quercus alba,2
bioclip_zero_shot,Quercus palustris,Populus tremuloides,2
bioclip_zero_shot,Quercus palustris,Quercus muehlenbergii,2
bioclip_zero_shot,Quercus rubra,Quercus velutina,2
bioclip_zero_shot,Rhus aromatica,Amelanchier arborea,2
bioclip_zero_shot,Sassafras albidum,Magnolia acuminata,2
bioclip_zero_shot,Ulmus americana,Celtis occidentalis,2
bioclip_zero_shot,Acer negundo,Acer saccharinum,1
bioclip_zero_shot,Acer negundo,Toxicodendron radicans,1
bioclip_zero_shot,Acer nigrum,Acer rubrum,1
bioclip_zero_shot,Acer nigrum,Zanthoxylum americanum,1
bioclip_zero_shot,Acer rubrum,Acer saccharum,1
bioclip_zero_shot,Acer rubrum,Gleditsia triacanthos,1
bioclip_zero_shot,Acer rubrum,Pyrus calleryana,1
bioclip_zero_shot,Acer saccharinum,Gymnocladus dioicus,1
bioclip_zero_shot,Acer saccharum,Acer rubrum,1
bioclip_zero_shot,Acer saccharum,Celtis occidentalis,1
bioclip_zero_shot,Acer saccharum,Quercus alba,1
bioclip_zero_shot,Acer saccharum,Quercus muehlenbergii,1
bioclip_zero_shot,Acer saccharum,Quercus palustris,1
bioclip_zero_shot,Acer saccharum,Ulmus americana,1
bioclip_zero_shot,Aesculus glabra,Acer saccharinum,1
bioclip_zero_shot,Aesculus glabra,Fraxinus pennsylvanica,1
bioclip_zero_shot,Aesculus glabra,Quercus muehlenbergii,1
bioclip_zero_shot,Aesculus hippocastanum,Ulmus rubra,1
bioclip_zero_shot,Ailanthus altissima,Carya ovata,1
bioclip_zero_shot,Ailanthus altissima,Juglans cinerea,1
bioclip_zero_shot,Ailanthus altissima,Zanthoxylum americanum,1
bioclip_zero_shot,Amelanchier arborea,Prunus pensylvanica,1
bioclip_zero_shot,Betula alleghaniensis,Carpinus caroliniana,1
bioclip_zero_shot,Betula alleghaniensis,Castanea dentata,1
bioclip_zero_shot,Betula alleghaniensis,Prunus pensylvanica,1
bioclip_zero_shot,Betula lenta,Amelanchier arborea,1
bioclip_zero_shot,Betula lenta,Carpinus caroliniana,1
bioclip_zero_shot,Betula lenta,Prunus pensylvanica,1
bioclip_zero_shot,Betula lenta,Prunus serotina,1
bioclip_zero_shot,Carpinus caroliniana,Betula papyrifera,1
bioclip_zero_shot,Carpinus caroliniana,Fagus grandifolia,1
bioclip_zero_shot,Carpinus caroliniana,Ilex verticillata,1
bioclip_zero_shot,Carya laciniosa,Juglans cinerea,1
bioclip_zero_shot,Carya ovata,Amelanchier arborea,1
bioclip_zero_shot,Carya ovata,Carya cordiformis,1
bioclip_zero_shot,Carya ovata,Carya laciniosa,1
bioclip_zero_shot,Carya ovata,Ilex verticillata,1
bioclip_zero_shot,Carya ovata,Ostrya virginiana,1
bioclip_zero_shot,Carya ovata,Rhus copallinum,1
bioclip_zero_shot,Castanea dentata,Acer saccharum,1
bioclip_zero_shot,Castanea dentata,Magnolia acuminata,1
bioclip_zero_shot,Castanea dentata,Quercus palustris,1
bioclip_zero_shot,Celtis occidentalis,Gymnocladus dioicus,1
bioclip_zero_shot,Celtis occidentalis,Quercus macrocarpa,1
bioclip_zero_shot,Cephalanthus occidentalis,Quercus bicolor,1
bioclip_zero_shot,Cephalanthus occidentalis,Viburnum opulus,1
bioclip_zero_shot,Cercis canadensis,Gleditsia triacanthos,1
bioclip_zero_shot,Cercis canadensis,Lindera benzoin,1
bioclip_zero_shot,Cercis canadensis,Magnolia acuminata,1
bioclip_zero_shot,Cornus florida,Cornus amomum,1
bioclip_zero_shot,Cornus florida,Ilex verticillata,1
bioclip_zero_shot,Cornus racemosa,Amelanchier arborea,1
bioclip_zero_shot,Cornus racemosa,Cephalanthus occidentalis,1
bioclip_zero_shot,Cornus racemosa,Ilex verticillata,1
bioclip_zero_shot,Cornus sericea,Magnolia acuminata,1
bioclip_zero_shot,Dirca palustris,Hamamelis virginiana,1
bioclip_zero_shot,Dirca palustris,Staphylea trifolia,1
bioclip_zero_shot,Fagus grandifolia,Amelanchier arborea,1
bioclip_zero_shot,Fagus grandifolia,Populus tremuloides,1
bioclip_zero_shot,Fraxinus americana,Aesculus hippocastanum,1
bioclip_zero_shot,Fraxinus americana,Gymnocladus dioicus,1
bioclip_zero_shot,Fraxinus americana,Quercus bicolor,1
bioclip_zero_shot,Fraxinus americana,Robinia pseudoacacia,1
bioclip_zero_shot,Fraxinus pennsylvanica,Ailanthus altissima,1
bioclip_zero_shot,Fraxinus pennsylvanica,Fraxinus quadrangulata,1
bioclip_zero_shot,Fraxinus pennsylvanica,Gymnocladus dioicus,1
bioclip_zero_shot,Fraxinus pennsylvanica,Quercus alba,1
bioclip_zero_shot,Fraxinus pennsylvanica,Quercus palustris,1
bioclip_zero_shot,Fraxinus pennsylvanica,Sassafras albidum,1
bioclip_zero_shot,Fraxinus quadrangulata,Fraxinus americana,1
bioclip_zero_shot,Fraxinus quadrangulata,Staphylea trifolia,1
bioclip_zero_shot,Fraxinus quadrangulata,Toxicodendron radicans,1
bioclip_zero_shot,Ginkgo biloba,Gymnocladus dioicus,1
bioclip_zero_shot,Ginkgo biloba,Juniperus virginiana,1
bioclip_zero_shot,Ginkgo biloba,Pinus rigida,1
bioclip_zero_shot,Ginkgo biloba,Populus deltoides,1
bioclip_zero_shot,Ginkgo biloba,Staphylea trifolia,1
bioclip_zero_shot,Gleditsia triacanthos,Carpinus caroliniana,1
bioclip_zero_shot,Gleditsia triacanthos,Celtis occidentalis,1
bioclip_zero_shot,Gymnocladus dioicus,Juglans cinerea,1
bioclip_zero_shot,Gymnocladus dioicus,Staphylea trifolia,1
bioclip_zero_shot,Hamamelis virginiana,Ostrya virginiana,1
bioclip_zero_shot,Hamamelis virginiana,Prunus pensylvanica,1
bioclip_zero_shot,Juglans cinerea,Cephalanthus occidentalis,1
bioclip_zero_shot,Juglans cinerea,Juglans nigra,1
bioclip_zero_shot,Juglans cinerea,Quercus muehlenbergii,1
bioclip_zero_shot,Juglans nigra,Acer saccharinum,1
bioclip_zero_shot,Juglans nigra,Ailanthus altissima,1
bioclip_zero_shot,Juglans nigra,Carya cordiformis,1
bioclip_zero_shot,Juglans nigra,Celtis occidentalis,1
bioclip_zero_shot,Juglans nigra,Magnolia acuminata,1
bioclip_zero_shot,Lindera benzoin,Amelanchier arborea,1
bioclip_zero_shot,Lonicera morrowii,Viburnum opulus,1
bioclip_zero_shot,Magnolia acuminata,Celtis occidentalis,1
bioclip_zero_shot,Magnolia acuminata,Ostrya virginiana,1
bioclip_zero_shot,Magnolia acuminata,Sorbus americana,1
bioclip_zero_shot,Nyssa sylvatica,Acer negundo,1
bioclip_zero_shot,Nyssa sylvatica,Castanea dentata,1
bioclip_zero_shot,Nyssa sylvatica,Cephalanthus occidentalis,1
bioclip_zero_shot,Nyssa sylvatica,Fagus grandifolia,1
bioclip_zero_shot,Nyssa sylvatica,Fraxinus quadrangulata,1
bioclip_zero_shot,Nyssa sylvatica,Ilex verticillata,1
bioclip_zero_shot,Nyssa sylvatica,Pyrus calleryana,1
bioclip_zero_shot,Nyssa sylvatica,Quercus macrocarpa,1
bioclip_zero_shot,Nyssa sylvatica,Ulmus americana,1
bioclip_zero_shot,Ostrya virginiana,Celtis occidentalis,1
bioclip_zero_shot,Ostrya virginiana,Cornus florida,1
bioclip_zero_shot,Ostrya virginiana,Lindera benzoin,1
bioclip_zero_shot,Pinus strobus,Picea rubens,1
bioclip_zero_shot,Pinus strobus,Pinus resinosa,1
bioclip_zero_shot,Pinus strobus,Staphylea trifolia,1
bioclip_zero_shot,Platanus occidentalis,Quercus muehlenbergii,1
bioclip_zero_shot,Platanus occidentalis,Staphylea trifolia,1
bioclip_zero_shot,Populus deltoides,Juglans cinerea,1
bioclip_zero_shot,Prunus pensylvanica,Castanea dentata,1
bioclip_zero_shot,Prunus serotina,Amelanchier arborea,1
bioclip_zero_shot,Prunus serotina,Prunus pensylvanica,1
bioclip_zero_shot,Pyrus calleryana,Acer saccharinum,1
bioclip_zero_shot,Pyrus calleryana,Gymnocladus dioicus,1
bioclip_zero_shot,Pyrus calleryana,Lindera benzoin,1
bioclip_zero_shot,Pyrus calleryana,Populus deltoides,1
bioclip_zero_shot,Pyrus calleryana,Prunus pensylvanica,1
bioclip_zero_shot,Pyrus calleryana,Rhus copallinum,1
bioclip_zero_shot,Quercus alba,Magnolia acuminata,1
bioclip_zero_shot,Quercus alba,Quercus bicolor,1
bioclip_zero_shot,Quercus bicolor,Carya laciniosa,1
bioclip_zero_shot,Quercus bicolor,Magnolia acuminata,1
bioclip_zero_shot,Quercus bicolor,Quercus alba,1
bioclip_zero_shot,Quercus bicolor,Quercus palustris,1
bioclip_zero_shot,Quercus macrocarpa,Quercus bicolor,1
bioclip_zero_shot,Quercus macrocarpa,Quercus muehlenbergii,1
bioclip_zero_shot,Quercus macrocarpa,Ulmus americana,1
bioclip_zero_shot,Quercus muehlenbergii,Quercus bicolor,1
bioclip_zero_shot,Quercus muehlenbergii,Quercus macrocarpa,1
bioclip_zero_shot,Quercus rubra,Amelanchier arborea,1
bioclip_zero_shot,Quercus rubra,Celtis occidentalis,1
bioclip_zero_shot,Quercus rubra,Fagus grandifolia,1
bioclip_zero_shot,Quercus rubra,Magnolia acuminata,1
bioclip_zero_shot,Quercus rubra,Platanus occidentalis,1
bioclip_zero_shot,Quercus rubra,Populus deltoides,1
bioclip_zero_shot,Quercus rubra,Prunus pensylvanica,1
bioclip_zero_shot,Quercus rubra,Quercus alba,1
bioclip_zero_shot,Quercus rubra,Quercus bicolor,1
bioclip_zero_shot,Quercus rubra,Quercus macrocarpa,1
bioclip_zero_shot,Quercus rubra,Quercus muehlenbergii,1
bioclip_zero_shot,Quercus rubra,Ulmus americana,1
bioclip_zero_shot,Quercus velutina,Fagus grandifolia,1
bioclip_zero_shot,Quercus velutina,Magnolia acuminata,1
bioclip_zero_shot,Quercus velutina,Platanus occidentalis,1
bioclip_zero_shot,Quercus velutina,Quercus rubra,1
bioclip_zero_shot,Rhus aromatica,Rhus copallinum,1
bioclip_zero_shot,Rhus aromatica,Toxicodendron radicans,1
bioclip_zero_shot,Rhus copallinum,Rhus glabra,1
bioclip_zero_shot,Rhus glabra,Gleditsia triacanthos,1
bioclip_zero_shot,Rhus glabra,Gymnocladus dioicus,1
bioclip_zero_shot,Robinia pseudoacacia,Fraxinus americana,1
bioclip_zero_shot,Robinia pseudoacacia,Gleditsia triacanthos,1
bioclip_zero_shot,Robinia pseudoacacia,Gymnocladus dioicus,1
bioclip_zero_shot,Robinia pseudoacacia,Juglans cinerea,1
bioclip_zero_shot,Robinia pseudoacacia,Prunus pensylvanica,1
bioclip_zero_shot,Salix nigra,Carya laciniosa,1
bioclip_zero_shot,Salix nigra,Ulmus americana,1
bioclip_zero_shot,Sambucus nigra,Sambucus racemosa,1
bioclip_zero_shot,Sassafras albidum,Carya laciniosa,1
bioclip_zero_shot,Sassafras albidum,Castanea dentata,1
bioclip_zero_shot,Sassafras albidum,Lindera benzoin,1
bioclip_zero_shot,Sassafras albidum,Tilia americana,1
bioclip_zero_shot,Staphylea trifolia,Carya cordiformis,1
bioclip_zero_shot,Thuja occidentalis,Picea rubens,1
bioclip_zero_shot,Tilia americana,Amelanchier arborea,1
bioclip_zero_shot,Toxicodendron radicans,Hamamelis virginiana,1
bioclip_zero_shot,Tsuga canadensis,Pinus strobus,1
bioclip_zero_shot,Ulmus americana,Amelanchier arborea,1
bioclip_zero_shot,Ulmus americana,Carpinus caroliniana,1
bioclip_zero_shot,Ulmus americana,Fraxinus pennsylvanica,1
bioclip_zero_shot,Ulmus americana,Ostrya virginiana,1
bioclip_zero_shot,Ulmus americana,Robinia pseudoacacia,1
bioclip_zero_shot,Ulmus rubra,Carya laciniosa,1
bioclip_zero_shot,Ulmus rubra,Quercus macrocarpa,1
bioclip_zero_shot,Viburnum lantanoides,Zanthoxylum americanum,1
bioclip_zero_shot,Viburnum opulus,Celtis occidentalis,1
bioclip_zero_shot,Viburnum opulus,Cornus sericea,1
bioclip_zero_shot,Yucca filamentosa,Magnolia acuminata,1
gemini_flash_lite,Quercus palustris,Quercus alba,68
gemini_flash_lite,Quercus palustris,Quercus rubra,31
gemini_flash_lite,Quercus rubra,Quercus alba,28
gemini_flash_lite,Quercus bicolor,Quercus alba,24
gemini_flash_lite,Quercus macrocarpa,Quercus alba,19
gemini_flash_lite,Aesculus glabra,Aesculus hippocastanum,18
gemini_flash_lite,Quercus velutina,Quercus alba,18
gemini_flash_lite,Juglans cinerea,Juglans nigra,17
gemini_flash_lite,Quercus muehlenbergii,Quercus alba,17
gemini_flash_lite,Sambucus racemosa,Sambucus nigra,14
gemini_flash_lite,Ostrya virginiana,Carpinus caroliniana,13
gemini_flash_lite,Populus deltoides,Populus tremuloides,12
gemini_flash_lite,Rhus copallinum,Rhus glabra,12
gemini_flash_lite,Ulmus americana,Ulmus rubra,12
gemini_flash_lite,Acer platanoides,Acer saccharum,10
gemini_flash_lite,Fraxinus americana,Quercus alba,10
gemini_flash_lite,Robinia pseudoacacia,Gleditsia triacanthos,10
gemini_flash_lite,Carpinus caroliniana,Ostrya virginiana,9
gemini_flash_lite,Fagus grandifolia,Carpinus caroliniana,9
gemini_flash_lite,Pinus rigida,Pinus strobus,9
gemini_flash_lite,Zanthoxylum americanum,Rhus glabra,9
gemini_flash_lite,Acer rubrum,Acer saccharum,8
gemini_flash_lite,Betula lenta,Carpinus caroliniana,8
gemini_flash_lite,Fraxinus pennsylvanica,Fraxinus americana,8
gemini_flash_lite,Pinus resinosa,Pinus strobus,8
gemini_flash_lite,Viburnum lantanoides,Viburnum opulus,8
gemini_flash_lite,Acer nigrum,Ailanthus altissima,7
gemini_flash_lite,Betula alleghaniensis,Carpinus caroliniana,7
gemini_flash_lite,Carya cordiformis,Juglans nigra,7
gemini_flash_lite,Carya laciniosa,Juglans nigra,7
gemini_flash_lite,Dirca palustris,Lindera benzoin,7
gemini_flash_lite,Dirca palustris,Lonicera morrowii,7
gemini_flash_lite,Picea rubens,Picea glauca,7
gemini_flash_lite,Pyrus calleryana,Lonicera morrowii,7
gemini_flash_lite,Carya ovata,Ostrya virginiana,6
gemini_flash_lite,Juglans cinerea,Carpinus caroliniana,6
gemini_flash_lite,Acer negundo,Carpinus caroliniana,5
gemini_flash_lite,Acer saccharum,Fraxinus americana,5
gemini_flash_lite,Ailanthus altissima,Juglans nigra,5
gemini_flash_lite,Carya cordiformis,Carpinus caroliniana,5
gemini_flash_lite,Gymnocladus dioicus,Carpinus caroliniana,5
gemini_flash_lite,Gymnocladus dioicus,Gleditsia triacanthos,5
gemini_flash_lite,Juglans nigra,Gleditsia triacanthos,5
gemini_flash_lite,Quercus velutina,Carpinus caroliniana,5
gemini_flash_lite,Quercus velutina,Quercus rubra,5
gemini_flash_lite,Rhus aromatica,Toxicodendron radicans,5
gemini_flash_lite,Rhus copallinum,Ailanthus altissima,5
gemini_flash_lite,Sassafras albidum,Carpinus caroliniana,5
gemini_flash_lite,Tilia americana,Carpinus caroliniana,5
gemini_flash_lite,Ulmus americana,Quercus alba,5
gemini_flash_lite,Acer nigrum,Acer saccharum,4
gemini_flash_lite,Acer saccharinum,Acer saccharum,4
gemini_flash_lite,Betula alleghaniensis,Betula papyrifera,4
gemini_flash_lite,Carpinus caroliniana,Ulmus rubra,4
gemini_flash_lite,Carya cordiformis,Fraxinus americana,4
gemini_flash_lite,Castanea dentata,Carpinus caroliniana,4
gemini_flash_lite,Celtis occidentalis,Carpinus caroliniana,4
gemini_flash_lite,Cephalanthus occidentalis,Carpinus caroliniana,4
gemini_flash_lite,Cornus racemosa,Cornus amomum,4
gemini_flash_lite,Cornus racemosa,Lonicera morrowii,4
gemini_flash_lite,Fraxinus americana,Ailanthus altissima,4
gemini_flash_lite,Fraxinus americana,Carpinus caroliniana,4
gemini_flash_lite,Fraxinus americana,Juglans nigra,4
gemini_flash_lite,Fraxinus pennsylvanica,Juglans nigra,4
gemini_flash_lite,Gymnocladus dioicus,Lindera benzoin,4
gemini_flash_lite,Juglans nigra,Ailanthus altissima,4
gemini_flash_lite,Nyssa sylvatica,Lindera benzoin,4
gemini_flash_lite,Prunus serotina,Carpinus caroliniana,4
gemini_flash_lite,Quercus palustris,Ostrya virginiana,4
gemini_flash_lite,Quercus rubra,Acer saccharum,4
gemini_flash_lite,Rhus aromatica,Carpinus caroliniana,4
gemini_flash_lite,Sassafras albidum,Lindera benzoin,4
gemini_flash_lite,Ulmus americana,Carpinus caroliniana,4
gemini_flash_lite,Ulmus rubra,Carpinus caroliniana,4
gemini_flash_lite,Acer negundo,Acer saccharum,3
gemini_flash_lite,Ailanthus altissima,Carpinus caroliniana,3
gemini_flash_lite,Amelanchier arborea,Pyrus calleryana,3
gemini_flash_lite,Betula alleghaniensis,Ulmus rubra,3
gemini_flash_lite,Carya laciniosa,Carpinus caroliniana,3
gemini_flash_lite,Cercis canadensis,Carpinus caroliniana,3
gemini_flash_lite,Cornus amomum,Sambucus nigra,3
gemini_flash_lite,Cornus sericea,Cornus amomum,3
gemini_flash_lite,Dirca palustris,Ostrya virginiana,3
gemini_flash_lite,Fraxinus pennsylvanica,Acer negundo,3
gemini_flash_lite,Fraxinus pennsylvanica,Ailanthus altissima,3
gemini_flash_lite,Fraxinus quadrangulata,Carpinus caroliniana,3
gemini_flash_lite,Fraxinus quadrangulata,Toxicodendron radicans,3
gemini_flash_lite,Gleditsia triacanthos,Robinia pseudoacacia,3
gemini_flash_lite,Gymnocladus dioicus,Ailanthus altissima,3
gemini_flash_lite,Gymnocladus dioicus,Juglans nigra,3
gemini_flash_lite,Ilex verticillata,Cephalanthus occidentalis,3
gemini_flash_lite,Ilex verticillata,Lonicera morrowii,3
gemini_flash_lite,Ilex verticillata,Prunus virginiana,3
gemini_flash_lite,Juglans nigra,Carpinus caroliniana,3
gemini_flash_lite,Magnolia acuminata,Juglans nigra,3
gemini_flash_lite,Nyssa sylvatica,Cornus amomum,3
gemini_flash_lite,Nyssa sylvatica,Magnolia acuminata,3
gemini_flash_lite,Nyssa sylvatica,Quercus alba,3
gemini_flash_lite,Platanus occidentalis,Lonicera morrowii,3
gemini_flash_lite,Populus deltoides,Carpinus caroliniana,3
gemini_flash_lite,Populus grandidentata,Populus tremuloides,3
gemini_flash_lite,Prunus serotina,Prunus virginiana,3
gemini_flash_lite,Quercus bicolor,Carpinus caroliniana,3
gemini_flash_lite,Quercus palustris,Carpinus caroliniana,3
gemini_flash_lite,Salix nigra,Ostrya virginiana,3
gemini_flash_lite,Sassafras albidum,Juglans nigra,3
gemini_flash_lite,Toxicodendron radicans,Lindera benzoin,3
gemini_flash_lite,Ulmus americana,Acer negundo,3
gemini_flash_lite,Ulmus americana,Acer saccharum,3
gemini_flash_lite,Viburnum lantanoides,Carpinus caroliniana,3
gemini_flash_lite,Acer negundo,Acer platanoides,2
gemini_flash_lite,Acer negundo,Toxicodendron radicans,2
gemini_flash_lite,Acer nigrum,Acer saccharinum,2
gemini_flash_lite,Acer rubrum,Acer negundo,2
gemini_flash_lite,Acer rubrum,Carpinus caroliniana,2
gemini_flash_lite,Acer saccharinum,Acer rubrum,2
gemini_flash_lite,Acer saccharinum,Quercus alba,2
gemini_flash_lite,Acer saccharum,Acer negundo,2
gemini_flash_lite,Acer saccharum,Acer rubrum,2
gemini_flash_lite,Acer saccharum,Carpinus caroliniana,2
gemini_flash_lite,Acer saccharum,Quercus alba,2
gemini_flash_lite,Aesculus glabra,Cephalanthus occidentalis,2
gemini_flash_lite,Aesculus glabra,Ostrya virginiana,2
gemini_flash_lite,Ailanthus altissima,Ostrya virginiana,2
gemini_flash_lite,Ailanthus altissima,Rhus glabra,2
gemini_flash_lite,Amelanchier arborea,Carpinus caroliniana,2
gemini_flash_lite,Carpinus caroliniana,Betula lenta,2
gemini_flash_lite,Carpinus caroliniana,Fagus grandifolia,2
gemini_flash_lite,Carya cordiformis,Ailanthus altissima,2
gemini_flash_lite,Carya cordiformis,Ulmus rubra,2
gemini_flash_lite,Carya laciniosa,Ulmus rubra,2
gemini_flash_lite,Carya ovata,Gymnocladus dioicus,2
gemini_flash_lite,Carya ovata,Juglans nigra,2
gemini_flash_lite,Celtis occidentalis,Fraxinus americana,2
gemini_flash_lite,Celtis occidentalis,Ostrya virginiana,2
gemini_flash_lite,Celtis occidentalis,Quercus alba,2
gemini_flash_lite,Celtis occidentalis,Ulmus americana,2
gemini_flash_lite,Cephalanthus occidentalis,Lonicera morrowii,2
gemini_flash_lite,Cercis canadensis,Ailanthus altissima,2
gemini_flash_lite,Cercis canadensis,Gleditsia triacanthos,2
gemini_flash_lite,Cornus amomum,Cephalanthus occidentalis,2
gemini_flash_lite,Cornus amomum,Ilex verticillata,2
gemini_flash_lite,Cornus florida,Cornus sericea,2
gemini_flash_lite,Cornus sericea,Acer negundo,2
gemini_flash_lite,Fraxinus americana,Acer negundo,2
gemini_flash_lite,Fraxinus pennsylvanica,Carpinus caroliniana,2
gemini_flash_lite,Fraxinus pennsylvanica,Quercus alba,2
gemini_flash_lite,Fraxinus quadrangulata,Acer saccharinum,2
gemini_flash_lite,Fraxinus quadrangulata,Fraxinus americana,2
gemini_flash_lite,Fraxinus quadrangulata,Lindera benzoin,2
gemini_flash_lite,Ginkgo biloba,Ostrya virginiana,2
gemini_flash_lite,Gleditsia triacanthos,Zanthoxylum americanum,2
gemini_flash_lite,Gymnocladus dioicus,Cephalanthus occidentalis,2
gemini_flash_lite,Gymnocladus dioicus,Magnolia acuminata,2
gemini_flash_lite,Gymnocladus dioicus,Yucca filamentosa,2
gemini_flash_lite,Hamamelis virginiana,Carpinus caroliniana,2
gemini_flash_lite,Ilex verticillata,Carpinus caroliniana,2
gemini_flash_lite,Juglans cinerea,Ostrya virginiana,2
gemini_flash_lite,Juglans nigra,Lonicera morrowii,2
gemini_flash_lite,Juglans nigra,Pyrus calleryana,2
gemini_flash_lite,Juniperus virginiana,Thuja occidentalis,2
gemini_flash_lite,Lindera benzoin,Ailanthus altissima,2
gemini_flash_lite,Lindera benzoin,Carpinus caroliniana,2
gemini_flash_lite,Lindera benzoin,Ilex verticillata,2
gemini_flash_lite,Lindera benzoin,Toxicodendron radicans,2
gemini_flash_lite,Magnolia acuminata,Carpinus caroliniana,2
gemini_flash_lite,Nyssa sylvatica,Prunus serotina,2
gemini_flash_lite,Nyssa sylvatica,Sambucus nigra,2
gemini_flash_lite,Ostrya virginiana,Ulmus rubra,2
gemini_flash_lite,Platanus occidentalis,Carpinus caroliniana,2
gemini_flash_lite,Platanus occidentalis,Quercus alba,2
gemini_flash_lite,Prunus pensylvanica,Prunus serotina,2
gemini_flash_lite,Prunus pensylvanica,Prunus virginiana,2
gemini_flash_lite,Prunus serotina,Ostrya virginiana,2
gemini_flash_lite,Prunus serotina,Pyrus calleryana,2
gemini_flash_lite,Quercus bicolor,Juglans nigra,2
gemini_flash_lite,Quercus palustris,Acer saccharum,2
gemini_flash_lite,Quercus palustris,Ailanthus altissima,2
gemini_flash_lite,Quercus palustris,Betula papyrifera,2
gemini_flash_lite,Quercus rubra,Juglans nigra,2
gemini_flash_lite,Quercus rubra,Platanus occidentalis,2
gemini_flash_lite,Quercus rubra,Populus tremuloides,2
gemini_flash_lite,Robinia pseudoacacia,Carya laciniosa,2
gemini_flash_lite,Robinia pseudoacacia,Juglans nigra,2
gemini_flash_lite,Sambucus racemosa,Fraxinus americana,2
gemini_flash_lite,Sassafras albidum,Acer saccharum,2
gemini_flash_lite,Sorbus americana,Carpinus caroliniana,2
gemini_flash_lite,Toxicodendron radicans,Ailanthus altissima,2
gemini_flash_lite,Toxicodendron radicans,Rhus glabra,2
gemini_flash_lite,Viburnum opulus,Carpinus caroliniana,2
gemini_flash_lite,Zanthoxylum americanum,Ailanthus altissima,2
gemini_flash_lite,Acer negundo,Acer saccharinum,1
gemini_flash_lite,Acer negundo,Ailanthus altissima,1
gemini_flash_lite,Acer negundo,Cornus amomum,1
gemini_flash_lite,Acer negundo,Gleditsia triacanthos,1
gemini_flash_lite,Acer negundo,Lindera benzoin,1
gemini_flash_lite,Acer negundo,Lonicera morrowii,1
gemini_flash_lite,Acer negundo,Ostrya virginiana,1
gemini_flash_lite,Acer negundo,Populus tremuloides,1
gemini_flash_lite,Acer nigrum,Acer negundo,1
gemini_flash_lite,Acer nigrum,Acer platanoides,1
gemini_flash_lite,Acer platanoides,Acer negundo,1
gemini_flash_lite,Acer platanoides,Acer saccharinum,1
gemini_flash_lite,Acer platanoides,Carpinus caroliniana,1
gemini_flash_lite,Acer platanoides,Carya laciniosa,1
gemini_flash_lite,Acer platanoides,Quercus alba,1
gemini_flash_lite,Acer rubrum,Cercis canadensis,1
gemini_flash_lite,Acer rubrum,Hamamelis virginiana,1
gemini_flash_lite,Acer rubrum,Platanus occidentalis,1
gemini_flash_lite,Acer rubrum,Pyrus calleryana,1
gemini_flash_lite,Acer rubrum,Sambucus nigra,1
gemini_flash_lite,Acer saccharinum,Acer negundo,1
gemini_flash_lite,Acer saccharinum,Carpinus caroliniana,1
gemini_flash_lite,Acer saccharinum,Ostrya virginiana,1
gemini_flash_lite,Acer saccharinum,Quercus rubra,1
gemini_flash_lite,Acer saccharum,Acer saccharinum,1
gemini_flash_lite,Acer saccharum,Carya laciniosa,1
gemini_flash_lite,Acer saccharum,Gleditsia triacanthos,1
gemini_flash_lite,Acer saccharum,Lindera benzoin,1
gemini_flash_lite,Acer saccharum,Ulmus americana,1
gemini_flash_lite,Aesculus glabra,Cornus sericea,1
gemini_flash_lite,Aesculus glabra,Fraxinus americana,1
gemini_flash_lite,Aesculus glabra,Quercus alba,1
gemini_flash_lite,Aesculus hippocastanum,Carpinus caroliniana,1
gemini_flash_lite,Aesculus hippocastanum,Ostrya virginiana,1
gemini_flash_lite,Aesculus hippocastanum,Ulmus rubra,1
gemini_flash_lite,Ailanthus altissima,Acer negundo,1
gemini_flash_lite,Ailanthus altissima,Gleditsia triacanthos,1
gemini_flash_lite,Ailanthus altissima,Lindera benzoin,1
gemini_flash_lite,Ailanthus altissima,Lonicera morrowii,1
gemini_flash_lite,Amelanchier arborea,Hamamelis virginiana,1
gemini_flash_lite,Amelanchier arborea,Ostrya virginiana,1
gemini_flash_lite,Amelanchier arborea,Sorbus americana,1
gemini_flash_lite,Betula lenta,Prunus serotina,1
gemini_flash_lite,Carpinus caroliniana,Acer saccharum,1
gemini_flash_lite,Carpinus caroliniana,Betula papyrifera,1
gemini_flash_lite,Carpinus caroliniana,Lindera benzoin,1
gemini_flash_lite,Carpinus caroliniana,Lonicera morrowii,1
gemini_flash_lite,Carpinus caroliniana,Populus tremuloides,1
gemini_flash_lite,Carpinus caroliniana,Staphylea trifolia,1
gemini_flash_lite,Carya cordiformis,Aesculus hippocastanum,1
gemini_flash_lite,Carya cordiformis,Gleditsia triacanthos,1
gemini_flash_lite,Carya cordiformis,Ostrya virginiana,1
gemini_flash_lite,Carya cordiformis,Platanus occidentalis,1
gemini_flash_lite,Carya cordiformis,Quercus alba,1
gemini_flash_lite,Carya laciniosa,Ailanthus altissima,1
gemini_flash_lite,Carya laciniosa,Gymnocladus dioicus,1
gemini_flash_lite,Carya laciniosa,Lonicera morrowii,1
gemini_flash_lite,Carya laciniosa,Magnolia acuminata,1
gemini_flash_lite,Carya laciniosa,Quercus alba,1
gemini_flash_lite,Carya laciniosa,Rhus glabra,1
gemini_flash_lite,Carya ovata,Aesculus hippocastanum,1
gemini_flash_lite,Carya ovata,Carpinus caroliniana,1
gemini_flash_lite,Carya ovata,Fraxinus americana,1
gemini_flash_lite,Carya ovata,Rhus glabra,1
gemini_flash_lite,Carya ovata,Ulmus rubra,1
gemini_flash_lite,Castanea dentata,Magnolia acuminata,1
gemini_flash_lite,Castanea dentata,Ostrya virginiana,1
gemini_flash_lite,Celtis occidentalis,Ailanthus altissima,1
gemini_flash_lite,Celtis occidentalis,Cercis canadensis,1
gemini_flash_lite,Celtis occidentalis,Ulmus rubra,1
gemini_flash_lite,Cephalanthus occidentalis,Lindera benzoin,1
gemini_flash_lite,Cephalanthus occidentalis,Platanus occidentalis,1
gemini_flash_lite,Cephalanthus occidentalis,Robinia pseudoacacia,1
gemini_flash_lite,Cephalanthus occidentalis,Salix nigra,1
gemini_flash_lite,Cercis canadensis,Quercus alba,1
gemini_flash_lite,Cornus amomum,Acer rubrum,1
gemini_flash_lite,Cornus amomum,Acer saccharum,1
gemini_flash_lite,Cornus amomum,Carpinus caroliniana,1
gemini_flash_lite,Cornus amomum,Cornus racemosa,1
gemini_flash_lite,Cornus amomum,Cornus sericea,1
gemini_flash_lite,Cornus amomum,Lonicera morrowii,1
gemini_flash_lite,Cornus florida,Ailanthus altissima,1
gemini_flash_lite,Cornus florida,Ilex verticillata,1
gemini_flash_lite,Cornus florida,Magnolia acuminata,1
gemini_flash_lite,Cornus florida,Ostrya virginiana,1
gemini_flash_lite,Cornus florida,Quercus alba,1
gemini_flash_lite,Cornus racemosa,Carya ovata,1
gemini_flash_lite,Cornus racemosa,Cornus florida,1
gemini_flash_lite,Cornus racemosa,Lindera benzoin,1
gemini_flash_lite,Cornus racemosa,Prunus serotina,1
gemini_flash_lite,Cornus racemosa,Sambucus nigra,1
gemini_flash_lite,Cornus sericea,Acer rubrum,1
gemini_flash_lite,Cornus sericea,Carpinus caroliniana,1
gemini_flash_lite,Cornus sericea,Prunus serotina,1
gemini_flash_lite,Dirca palustris,Acer saccharum,1
gemini_flash_lite,Dirca palustris,Carpinus caroliniana,1
gemini_flash_lite,Fagus grandifolia,Acer negundo,1
gemini_flash_lite,Fagus grandifolia,Aesculus hippocastanum,1
gemini_flash_lite,Fagus grandifolia,Ostrya virginiana,1
gemini_flash_lite,Fagus grandifolia,Platanus occidentalis,1
gemini_flash_lite,Fraxinus americana,Gymnocladus dioicus,1
gemini_flash_lite,Fraxinus americana,Magnolia acuminata,1
gemini_flash_lite,Fraxinus americana,Salix nigra,1
gemini_flash_lite,Fraxinus americana,Ulmus americana,1
gemini_flash_lite,Fraxinus americana,Ulmus rubra,1
gemini_flash_lite,Fraxinus pennsylvanica,Acer saccharum,1
gemini_flash_lite,Fraxinus pennsylvanica,Carya laciniosa,1
gemini_flash_lite,Fraxinus pennsylvanica,Gleditsia triacanthos,1
gemini_flash_lite,Fraxinus pennsylvanica,Gymnocladus dioicus,1
gemini_flash_lite,Fraxinus pennsylvanica,Ostrya virginiana,1
gemini_flash_lite,Fraxinus pennsylvanica,Ulmus rubra,1
gemini_flash_lite,Fraxinus quadrangulata,Acer negundo,1
gemini_flash_lite,Fraxinus quadrangulata,Betula papyrifera,1
gemini_flash_lite,Fraxinus quadrangulata,Cornus racemosa,1
gemini_flash_lite,Ginkgo biloba,Juniperus communis,1
gemini_flash_lite,Ginkgo biloba,Lindera benzoin,1
gemini_flash_lite,Ginkgo biloba,Picea glauca,1
gemini_flash_lite,Ginkgo biloba,Populus tremuloides,1
gemini_flash_lite,Ginkgo biloba,Prunus serotina,1
gemini_flash_lite,Ginkgo biloba,Prunus virginiana,1
gemini_flash_lite,Gleditsia triacanthos,Ailanthus altissima,1
gemini_flash_lite,Gleditsia triacanthos,Carpinus caroliniana,1
gemini_flash_lite,Gleditsia triacanthos,Carya laciniosa,1
gemini_flash_lite,Gleditsia triacanthos,Fraxinus americana,1
gemini_flash_lite,Gleditsia triacanthos,Gymnocladus dioicus,1
gemini_flash_lite,Gymnocladus dioicus,Fraxinus americana,1
gemini_flash_lite,Gymnocladus dioicus,Ostrya virginiana,1
gemini_flash_lite,Hamamelis virginiana,Carya laciniosa,1
gemini_flash_lite,Hamamelis virginiana,Ostrya virginiana,1
gemini_flash_lite,Hamamelis virginiana,Quercus alba,1
gemini_flash_lite,Ilex verticillata,Lindera benzoin,1
gemini_flash_lite,Ilex verticillata,Rhus glabra,1
gemini_flash_lite,Juglans cinerea,Ailanthus altissima,1
gemini_flash_lite,Juglans cinerea,Fraxinus americana,1
gemini_flash_lite,Juglans cinerea,Gymnocladus dioicus,1
gemini_flash_lite,Juglans cinerea,Lonicera morrowii,1
gemini_flash_lite,Juglans cinerea,Pinus strobus,1
gemini_flash_lite,Juglans cinerea,Sassafras albidum,1
gemini_flash_lite,Juglans cinerea,Sorbus americana,1
gemini_flash_lite,Juglans cinerea,Ulmus rubra,1
gemini_flash_lite,Juglans nigra,Amelanchier arborea,1
gemini_flash_lite,Juglans nigra,Quercus alba,1
gemini_flash_lite,Juglans nigra,Robinia pseudoacacia,1
gemini_flash_lite,Juglans nigra,Ulmus rubra,1
gemini_flash_lite,Juniperus virginiana,Juniperus communis,1
gemini_flash_lite,Lindera benzoin,Amelanchier arborea,1
gemini_flash_lite,Lindera benzoin,Fraxinus americana,1
gemini_flash_lite,Lindera benzoin,Hamamelis virginiana,1
gemini_flash_lite,Lindera benzoin,Magnolia acuminata,1
gemini_flash_lite,Lindera benzoin,Sambucus nigra,1
gemini_flash_lite,Lonicera morrowii,Carpinus caroliniana,1
gemini_flash_lite,Lonicera morrowii,Sambucus nigra,1
gemini_flash_lite,Magnolia acuminata,Ilex verticillata,1
gemini_flash_lite,Magnolia acuminata,Ostrya virginiana,1
gemini_flash_lite,Magnolia acuminata,Quercus alba,1
gemini_flash_lite,Nyssa sylvatica,Acer negundo,1
gemini_flash_lite,Nyssa sylvatica,Acer rubrum,1
gemini_flash_lite,Nyssa sylvatica,Acer saccharum,1
gemini_flash_lite,Nyssa sylvatica,Amelanchier arborea,1
gemini_flash_lite,Nyssa sylvatica,Cephalanthus occidentalis,1
gemini_flash_lite,Nyssa sylvatica,Cornus florida,1
gemini_flash_lite,Nyssa sylvatica,Fraxinus americana,1
gemini_flash_lite,Nyssa sylvatica,Lonicera morrowii,1
gemini_flash_lite,Nyssa sylvatica,Pyrus calleryana,1
gemini_flash_lite,Nyssa sylvatica,Quercus muehlenbergii,1
gemini_flash_lite,Nyssa sylvatica,Quercus rubra,1
gemini_flash_lite,Nyssa sylvatica,Toxicodendron radicans,1
gemini_flash_lite,Ostrya virginiana,Betula lenta,1
gemini_flash_lite,Ostrya virginiana,Lonicera morrowii,1
gemini_flash_lite,Picea mariana,Picea glauca,1
gemini_flash_lite,Pinus strobus,Acer saccharum,1
gemini_flash_lite,Pinus strobus,Juniperus virginiana,1
gemini_flash_lite,Pinus strobus,Picea glauca,1
gemini_flash_lite,Pinus strobus,Thuja occidentalis,1
gemini_flash_lite,Platanus occidentalis,Acer rubrum,1
gemini_flash_lite,Platanus occidentalis,Acer saccharum,1
gemini_flash_lite,Platanus occidentalis,Betula lenta,1
gemini_flash_lite,Platanus occidentalis,Populus tremuloides,1
gemini_flash_lite,Populus deltoides,Ginkgo biloba,1
gemini_flash_lite,Populus deltoides,Juglans nigra,1
gemini_flash_lite,Populus deltoides,Ostrya virginiana,1
gemini_flash_lite,Populus deltoides,Ulmus rubra,1
gemini_flash_lite,Populus grandidentata,Ailanthus altissima,1
gemini_flash_lite,Populus grandidentata,Carpinus caroliniana,1
gemini_flash_lite,Populus grandidentata,Ostrya virginiana,1
gemini_flash_lite,Populus tremuloides,Carpinus caroliniana,1
gemini_flash_lite,Prunus pensylvanica,Castanea dentata,1
gemini_flash_lite,Prunus pensylvanica,Ulmus rubra,1
gemini_flash_lite,Prunus serotina,Quercus alba,1
gemini_flash_lite,Prunus virginiana,Carpinus caroliniana,1
gemini_flash_lite,Prunus virginiana,Lonicera morrowii,1
gemini_flash_lite,Prunus virginiana,Prunus serotina,1
gemini_flash_lite,Prunus virginiana,Sambucus nigra,1
gemini_flash_lite,Pyrus calleryana,Amelanchier arborea,1
gemini_flash_lite,Pyrus calleryana,Celtis occidentalis,1
gemini_flash_lite,Pyrus calleryana,Cephalanthus occidentalis,1
gemini_flash_lite,Pyrus calleryana,Gleditsia triacanthos,1
gemini_flash_lite,Pyrus calleryana,Juglans nigra,1
gemini_flash_lite,Pyrus calleryana,Ostrya virginiana,1
gemini_flash_lite,Pyrus calleryana,Prunus pensylvanica,1
gemini_flash_lite,Pyrus calleryana,Quercus alba,1
gemini_flash_lite,Pyrus calleryana,Rhus glabra,1
gemini_flash_lite,Pyrus calleryana,Toxicodendron radicans,1
gemini_flash_lite,Pyrus calleryana,Zanthoxylum americanum,1
gemini_flash_lite,Quercus alba,Carpinus caroliniana,1
gemini_flash_lite,Quercus alba,Cephalanthus occidentalis,1
gemini_flash_lite,Quercus alba,Gleditsia triacanthos,1
gemini_flash_lite,Quercus alba,Juglans nigra,1
gemini_flash_lite,Quercus alba,Lonicera morrowii,1
gemini_flash_lite,Quercus bicolor,Lonicera morrowii,1
gemini_flash_lite,Quercus bicolor,Ostrya virginiana,1
gemini_flash_lite,Quercus macrocarpa,Ailanthus altissima,1
gemini_flash_lite,Quercus macrocarpa,Carpinus caroliniana,1
gemini_flash_lite,Quercus macrocarpa,Populus tremuloides,1
gemini_flash_lite,Quercus muehlenbergii,Carpinus caroliniana,1
gemini_flash_lite,Quercus muehlenbergii,Carya laciniosa,1
gemini_flash_lite,Quercus muehlenbergii,Ostrya virginiana,1
gemini_flash_lite,Quercus palustris,Magnolia acuminata,1
gemini_flash_lite,Quercus rubra,Carpinus caroliniana,1
gemini_flash_lite,Quercus rubra,Ostrya virginiana,1
gemini_flash_lite,Quercus rubra,Rhus glabra,1
gemini_flash_lite,Quercus rubra,Toxicodendron radicans,1
gemini_flash_lite,Quercus velutina,Fraxinus americana,1
gemini_flash_lite,Quercus velutina,Juglans nigra,1
gemini_flash_lite,Quercus velutina,Lonicera morrowii,1
gemini_flash_lite,Quercus velutina,Magnolia acuminata,1
gemini_flash_lite,Rhus aromatica,Cephalanthus occidentalis,1
gemini_flash_lite,Rhus aromatica,Lindera benzoin,1
gemini_flash_lite,Rhus aromatica,Lonicera morrowii,1
gemini_flash_lite,Rhus aromatica,Rhus glabra,1
gemini_flash_lite,Rhus aromatica,Sambucus nigra,1
gemini_flash_lite,Rhus copallinum,Carpinus caroliniana,1
gemini_flash_lite,Rhus copallinum,Fraxinus americana,1
gemini_flash_lite,Rhus copallinum,Gleditsia triacanthos,1
gemini_flash_lite,Rhus copallinum,Juglans nigra,1
gemini_flash_lite,Rhus copallinum,Lindera benzoin,1
gemini_flash_lite,Rhus copallinum,Magnolia acuminata,1
gemini_flash_lite,Rhus copallinum,Picea glauca,1
gemini_flash_lite,Rhus glabra,Ailanthus altissima,1
gemini_flash_lite,Rhus glabra,Fraxinus americana,1
gemini_flash_lite,Rhus glabra,Lindera benzoin,1
gemini_flash_lite,Rhus glabra,Lonicera morrowii,1
gemini_flash_lite,Rhus glabra,Ostrya virginiana,1
gemini_flash_lite,Robinia pseudoacacia,Carpinus caroliniana,1
gemini_flash_lite,Robinia pseudoacacia,Gymnocladus dioicus,1
gemini_flash_lite,Robinia pseudoacacia,Lindera benzoin,1
gemini_flash_lite,Robinia pseudoacacia,Magnolia acuminata,1
gemini_flash_lite,Robinia pseudoacacia,Ulmus rubra,1
gemini_flash_lite,Salix nigra,Carpinus caroliniana,1
gemini_flash_lite,Sambucus nigra,Cornus sericea,1
gemini_flash_lite,Sambucus nigra,Fraxinus americana,1
gemini_flash_lite,Sambucus racemosa,Ailanthus altissima,1
gemini_flash_lite,Sambucus racemosa,Carpinus caroliniana,1
gemini_flash_lite,Sambucus racemosa,Lonicera morrowii,1
gemini_flash_lite,Sassafras albidum,Acer negundo,1
gemini_flash_lite,Sassafras albidum,Ailanthus altissima,1
gemini_flash_lite,Sassafras albidum,Cornus racemosa,1
gemini_flash_lite,Sassafras albidum,Gymnocladus dioicus,1
gemini_flash_lite,Sassafras albidum,Ostrya virginiana,1
gemini_flash_lite,Sassafras albidum,Populus tremuloides,1
gemini_flash_lite,Sassafras albidum,Quercus alba,1
gemini_flash_lite,Sassafras albidum,Sambucus nigra,1
gemini_flash_lite,Sassafras albidum,Toxicodendron radicans,1
gemini_flash_lite,Sorbus americana,Pyrus calleryana,1
gemini_flash_lite,Sorbus americana,Rhus glabra,1
gemini_flash_lite,Sorbus americana,Sambucus nigra,1
gemini_flash_lite,Staphylea trifolia,Acer platanoides,1
gemini_flash_lite,Staphylea trifolia,Ailanthus altissima,1
gemini_flash_lite,Staphylea trifolia,Carpinus caroliniana,1
gemini_flash_lite,Staphylea trifolia,Cephalanthus occidentalis,1
gemini_flash_lite,Staphylea trifolia,Fraxinus americana,1
gemini_flash_lite,Staphylea trifolia,Lindera benzoin,1
gemini_flash_lite,Staphylea trifolia,Lonicera morrowii,1
gemini_flash_lite,Staphylea trifolia,Ostrya virginiana,1
gemini_flash_lite,Thuja occidentalis,Juniperus virginiana,1
gemini_flash_lite,Thuja occidentalis,Pinus strobus,1
gemini_flash_lite,Tilia americana,Amelanchier arborea,1
gemini_flash_lite,Tilia americana,Cornus sericea,1
gemini_flash_lite,Tilia americana,Lonicera morrowii,1
gemini_flash_lite,Tilia americana,Ostrya virginiana,1
gemini_flash_lite,Toxicodendron radicans,Acer saccharum,1
gemini_flash_lite,Toxicodendron radicans,Carpinus caroliniana,1
gemini_flash_lite,Toxicodendron radicans,Cephalanthus occidentalis,1
gemini_flash_lite,Toxicodendron radicans,Cornus amomum,1
gemini_flash_lite,Toxicodendron radicans,Sambucus nigra,1
gemini_flash_lite,Tsuga canadensis,Picea glauca,1
gemini_flash_lite,Tsuga canadensis,Pinus strobus,1
gemini_flash_lite,Tsuga canadensis,Thuja occidentalis,1
gemini_flash_lite,Ulmus americana,Fraxinus americana,1
gemini_flash_lite,Ulmus americana,Gleditsia triacanthos,1
gemini_flash_lite,Ulmus americana,Hamamelis virginiana,1
gemini_flash_lite,Ulmus americana,Ostrya virginiana,1
gemini_flash_lite,Ulmus americana,Platanus occidentalis,1
gemini_flash_lite,Ulmus americana,Tilia americana,1
gemini_flash_lite,Ulmus rubra,Ailanthus altissima,1
gemini_flash_lite,Ulmus rubra,Populus tremuloides,1
gemini_flash_lite,Ulmus rubra,Quercus alba,1
gemini_flash_lite,Ulmus rubra,Ulmus americana,1
gemini_flash_lite,Viburnum lantanoides,Cornus amomum,1
gemini_flash_lite,Viburnum lantanoides,Cornus racemosa,1
gemini_flash_lite,Viburnum lantanoides,Juglans nigra,1
gemini_flash_lite,Viburnum opulus,Cornus amomum,1
gemini_flash_lite,Viburnum opulus,Quercus alba,1
gemini_flash_lite,Viburnum opulus,Sambucus nigra,1
gemini_flash_lite,Yucca filamentosa,Ailanthus altissima,1
gemini_flash_lite,Yucca filamentosa,Carpinus caroliniana,1
gemini_flash_lite,Yucca filamentosa,Lindera benzoin,1
gemini_flash_lite,Yucca filamentosa,Rhus glabra,1
gemini_flash_lite,Yucca filamentosa,Staphylea trifolia,1
gemini_flash_lite,Zanthoxylum americanum,Fagus grandifolia,1
gemini_flash_lite,Zanthoxylum americanum,Lindera benzoin,1
gemini_flash_lite,Zanthoxylum americanum,Lonicera morrowii,1
gemini_flash_lite,Zanthoxylum americanum,Robinia pseudoacacia,1
gemini_flash_lite,Zanthoxylum americanum,Toxicodendron radicans,1
gpt_5_4,Carpinus caroliniana,Ostrya virginiana,18
gpt_5_4,Gleditsia triacanthos,Robinia pseudoacacia,14
gpt_5_4,Quercus bicolor,Quercus alba,14
gpt_5_4,Fraxinus pennsylvanica,Fraxinus americana,13
gpt_5_4,Quercus macrocarpa,Quercus alba,12
gpt_5_4,Quercus palustris,Quercus alba,12
gpt_5_4,Ulmus americana,Ostrya virginiana,11
gpt_5_4,Quercus palustris,Tilia americana,10
gpt_5_4,Quercus velutina,Quercus palustris,9
gpt_5_4,Rhus copallinum,Ailanthus altissima,9
gpt_5_4,Acer nigrum,Acer platanoides,8
gpt_5_4,Quercus alba,Fraxinus americana,8
gpt_5_4,Quercus palustris,Quercus rubra,8
gpt_5_4,Quercus rubra,Quercus palustris,8
gpt_5_4,Pyrus calleryana,Amelanchier arborea,7
gpt_5_4,Carpinus caroliniana,Betula lenta,6
gpt_5_4,Juniperus virginiana,Thuja occidentalis,6
gpt_5_4,Picea rubens,Picea glauca,6
gpt_5_4,Pinus resinosa,Pinus strobus,6
gpt_5_4,Quercus palustris,Gleditsia triacanthos,6
gpt_5_4,Sassafras albidum,Acer saccharum,6
gpt_5_4,Acer saccharum,Acer platanoides,5
gpt_5_4,Aesculus glabra,Aesculus hippocastanum,5
gpt_5_4,Betula alleghaniensis,Ostrya virginiana,5
gpt_5_4,Carya cordiformis,Ostrya virginiana,5
gpt_5_4,Dirca palustris,Cornus florida,5
gpt_5_4,Gymnocladus dioicus,Ailanthus altissima,5
gpt_5_4,Ilex verticillata,Lonicera morrowii,5
gpt_5_4,Pinus rigida,Pinus strobus,5
gpt_5_4,Quercus rubra,Fraxinus americana,5
gpt_5_4,Rhus copallinum,Rhus glabra,5
gpt_5_4,Sambucus racemosa,Sambucus nigra,5
gpt_5_4,Ulmus americana,Gleditsia triacanthos,5
gpt_5_4,Amelanchier arborea,Pyrus calleryana,4
gpt_5_4,Betula lenta,Ostrya virginiana,4
gpt_5_4,Carya cordiformis,Ailanthus altissima,4
gpt_5_4,Celtis occidentalis,Fraxinus americana,4
gpt_5_4,Cephalanthus occidentalis,Cornus florida,4
gpt_5_4,Dirca palustris,Lonicera morrowii,4
gpt_5_4,Fagus grandifolia,Ostrya virginiana,4
gpt_5_4,Fraxinus americana,Ailanthus altissima,4
gpt_5_4,Fraxinus americana,Gleditsia triacanthos,4
gpt_5_4,Gleditsia triacanthos,Lonicera morrowii,4
gpt_5_4,Gymnocladus dioicus,Lonicera morrowii,4
gpt_5_4,Juglans nigra,Fraxinus americana,4
gpt_5_4,Juglans nigra,Gleditsia triacanthos,4
gpt_5_4,Lindera benzoin,Cornus florida,4
gpt_5_4,Nyssa sylvatica,Lonicera morrowii,4
gpt_5_4,Populus deltoides,Populus tremuloides,4
gpt_5_4,Quercus alba,Quercus palustris,4
gpt_5_4,Quercus alba,Tilia americana,4
gpt_5_4,Quercus muehlenbergii,Ostrya virginiana,4
gpt_5_4,Quercus palustris,Quercus bicolor,4
gpt_5_4,Quercus rubra,Acer platanoides,4
gpt_5_4,Ulmus americana,Fraxinus americana,4
gpt_5_4,Ulmus rubra,Ostrya virginiana,4
gpt_5_4,Zanthoxylum americanum,Lonicera morrowii,4
gpt_5_4,Acer negundo,Fraxinus pennsylvanica,3
gpt_5_4,Acer negundo,Toxicodendron radicans,3
gpt_5_4,Ailanthus altissima,Magnolia acuminata,3
gpt_5_4,Amelanchier arborea,Cornus florida,3
gpt_5_4,Betula lenta,Fagus grandifolia,3
gpt_5_4,Carpinus caroliniana,Fagus grandifolia,3
gpt_5_4,Carya cordiformis,Fraxinus pennsylvanica,3
gpt_5_4,Cornus amomum,Cornus racemosa,3
gpt_5_4,Cornus amomum,Cornus sericea,3
gpt_5_4,Cornus racemosa,Cornus florida,3
gpt_5_4,Cornus racemosa,Lonicera morrowii,3
gpt_5_4,Dirca palustris,Lindera benzoin,3
gpt_5_4,Fagus grandifolia,Castanea dentata,3
gpt_5_4,Fraxinus pennsylvanica,Ailanthus altissima,3
gpt_5_4,Fraxinus quadrangulata,Cornus amomum,3
gpt_5_4,Fraxinus quadrangulata,Cornus florida,3
gpt_5_4,Gleditsia triacanthos,Ailanthus altissima,3
gpt_5_4,Gymnocladus dioicus,Cornus florida,3
gpt_5_4,Gymnocladus dioicus,Fraxinus americana,3
gpt_5_4,Gymnocladus dioicus,Ostrya virginiana,3
gpt_5_4,Juglans cinerea,Carya ovata,3
gpt_5_4,Juglans cinerea,Fraxinus americana,3
gpt_5_4,Juglans cinerea,Magnolia acuminata,3
gpt_5_4,Juglans cinerea,Ostrya virginiana,3
gpt_5_4,Juglans nigra,Ailanthus altissima,3
gpt_5_4,Juglans nigra,Juglans cinerea,3
gpt_5_4,Lindera benzoin,Lonicera morrowii,3
gpt_5_4,Magnolia acuminata,Tilia americana,3
gpt_5_4,Nyssa sylvatica,Cornus amomum,3
gpt_5_4,Nyssa sylvatica,Cornus florida,3
gpt_5_4,Pyrus calleryana,Fagus grandifolia,3
gpt_5_4,Pyrus calleryana,Tilia americana,3
gpt_5_4,Quercus muehlenbergii,Tilia americana,3
gpt_5_4,Quercus palustris,Fraxinus americana,3
gpt_5_4,Quercus rubra,Populus deltoides,3
gpt_5_4,Quercus rubra,Quercus alba,3
gpt_5_4,Quercus rubra,Tilia americana,3
gpt_5_4,Quercus velutina,Quercus alba,3
gpt_5_4,Quercus velutina,Quercus bicolor,3
gpt_5_4,Rhus glabra,Ailanthus altissima,3
gpt_5_4,Robinia pseudoacacia,Gleditsia triacanthos,3
gpt_5_4,Sorbus americana,Sambucus nigra,3
gpt_5_4,Tilia americana,Ostrya virginiana,3
gpt_5_4,Toxicodendron radicans,Ailanthus altissima,3
gpt_5_4,Viburnum opulus,Acer rubrum,3
gpt_5_4,Acer negundo,Acer rubrum,2
gpt_5_4,Acer negundo,Acer saccharinum,2
gpt_5_4,Acer negundo,Aesculus glabra,2
gpt_5_4,Acer negundo,Cornus sericea,2
gpt_5_4,Acer nigrum,Acer saccharum,2
gpt_5_4,Acer platanoides,Acer saccharum,2
gpt_5_4,Acer rubrum,Acer platanoides,2
gpt_5_4,Acer rubrum,Fraxinus americana,2
gpt_5_4,Acer rubrum,Ostrya virginiana,2
gpt_5_4,Acer saccharinum,Acer rubrum,2
gpt_5_4,Acer saccharinum,Fraxinus pennsylvanica,2
gpt_5_4,Acer saccharum,Acer negundo,2
gpt_5_4,Acer saccharum,Cornus florida,2
gpt_5_4,Acer saccharum,Gleditsia triacanthos,2
gpt_5_4,Acer saccharum,Magnolia acuminata,2
gpt_5_4,Acer saccharum,Quercus alba,2
gpt_5_4,Amelanchier arborea,Fagus grandifolia,2
gpt_5_4,Betula alleghaniensis,Betula papyrifera,2
gpt_5_4,Betula lenta,Carpinus caroliniana,2
gpt_5_4,Carpinus caroliniana,Acer negundo,2
gpt_5_4,Carpinus caroliniana,Pyrus calleryana,2
gpt_5_4,Carya cordiformis,Fraxinus americana,2
gpt_5_4,Carya cordiformis,Tilia americana,2
gpt_5_4,Carya laciniosa,Fagus grandifolia,2
gpt_5_4,Carya laciniosa,Juglans cinerea,2
gpt_5_4,Carya ovata,Carya laciniosa,2
gpt_5_4,Carya ovata,Fagus grandifolia,2
gpt_5_4,Carya ovata,Fraxinus pennsylvanica,2
gpt_5_4,Carya ovata,Ostrya virginiana,2
gpt_5_4,Celtis occidentalis,Ailanthus altissima,2
gpt_5_4,Celtis occidentalis,Ostrya virginiana,2
gpt_5_4,Celtis occidentalis,Ulmus rubra,2
gpt_5_4,Cephalanthus occidentalis,Cornus amomum,2
gpt_5_4,Cephalanthus occidentalis,Lonicera morrowii,2
gpt_5_4,Cephalanthus occidentalis,Ostrya virginiana,2
gpt_5_4,Cercis canadensis,Betula lenta,2
gpt_5_4,Cornus amomum,Cornus florida,2
gpt_5_4,Cornus racemosa,Cornus amomum,2
gpt_5_4,Fagus grandifolia,Cornus florida,2
gpt_5_4,Fraxinus americana,Tilia americana,2
gpt_5_4,Fraxinus americana,Ulmus americana,2
gpt_5_4,Fraxinus pennsylvanica,Acer saccharinum,2
gpt_5_4,Fraxinus quadrangulata,Fraxinus americana,2
gpt_5_4,Ginkgo biloba,Gleditsia triacanthos,2
gpt_5_4,Gleditsia triacanthos,Carya ovata,2
gpt_5_4,Gymnocladus dioicus,Gleditsia triacanthos,2
gpt_5_4,Gymnocladus dioicus,Magnolia acuminata,2
gpt_5_4,Gymnocladus dioicus,Yucca filamentosa,2
gpt_5_4,Hamamelis virginiana,Ostrya virginiana,2
gpt_5_4,Hamamelis virginiana,Tilia americana,2
gpt_5_4,Ilex verticillata,Viburnum lantanoides,2
gpt_5_4,Juglans cinerea,Betula papyrifera,2
gpt_5_4,Juglans cinerea,Juglans nigra,2
gpt_5_4,Juglans nigra,Castanea dentata,2
gpt_5_4,Juglans nigra,Ostrya virginiana,2
gpt_5_4,Lindera benzoin,Acer saccharum,2
gpt_5_4,Magnolia acuminata,Cornus florida,2
gpt_5_4,Magnolia acuminata,Pyrus calleryana,2
gpt_5_4,Nyssa sylvatica,Prunus serotina,2
gpt_5_4,Nyssa sylvatica,Pyrus calleryana,2
gpt_5_4,Nyssa sylvatica,Tilia americana,2
gpt_5_4,Pinus rigida,Picea glauca,2
gpt_5_4,Pinus strobus,Picea glauca,2
gpt_5_4,Platanus occidentalis,Fagus grandifolia,2
gpt_5_4,Platanus occidentalis,Ostrya virginiana,2
gpt_5_4,Platanus occidentalis,Quercus rubra,2
gpt_5_4,Platanus occidentalis,Tilia americana,2
gpt_5_4,Populus grandidentata,Populus deltoides,2
gpt_5_4,Prunus pensylvanica,Castanea dentata,2
gpt_5_4,Prunus serotina,Betula lenta,2
gpt_5_4,Prunus virginiana,Lonicera morrowii,2
gpt_5_4,Prunus virginiana,Pyrus calleryana,2
gpt_5_4,Pyrus calleryana,Quercus alba,2
gpt_5_4,Quercus alba,Cornus florida,2
gpt_5_4,Quercus bicolor,Pinus rigida,2
gpt_5_4,Quercus bicolor,Pinus strobus,2
gpt_5_4,Quercus bicolor,Quercus rubra,2
gpt_5_4,Quercus macrocarpa,Acer platanoides,2
gpt_5_4,Quercus macrocarpa,Tilia americana,2
gpt_5_4,Quercus muehlenbergii,Acer saccharinum,2
gpt_5_4,Quercus muehlenbergii,Quercus alba,2
gpt_5_4,Quercus muehlenbergii,Quercus rubra,2
gpt_5_4,Quercus palustris,Pinus strobus,2
gpt_5_4,Quercus palustris,Quercus velutina,2
gpt_5_4,Quercus rubra,Acer saccharum,2
gpt_5_4,Quercus rubra,Gleditsia triacanthos,2
gpt_5_4,Quercus rubra,Quercus bicolor,2
gpt_5_4,Quercus velutina,Cornus amomum,2
gpt_5_4,Quercus velutina,Fraxinus americana,2
gpt_5_4,Quercus velutina,Quercus rubra,2
gpt_5_4,Quercus velutina,Ulmus rubra,2
gpt_5_4,Rhus aromatica,Viburnum opulus,2
gpt_5_4,Rhus copallinum,Cornus amomum,2
gpt_5_4,Robinia pseudoacacia,Carya ovata,2
gpt_5_4,Robinia pseudoacacia,Fraxinus americana,2
gpt_5_4,Salix nigra,Ostrya virginiana,2
gpt_5_4,Sambucus racemosa,Fraxinus pennsylvanica,2
gpt_5_4,Sassafras albidum,Ailanthus altissima,2
gpt_5_4,Sassafras albidum,Cornus florida,2
gpt_5_4,Sassafras albidum,Tilia americana,2
gpt_5_4,Sorbus americana,Pyrus calleryana,2
gpt_5_4,Staphylea trifolia,Lonicera morrowii,2
gpt_5_4,Thuja occidentalis,Juniperus virginiana,2
gpt_5_4,Ulmus americana,Ulmus rubra,2
gpt_5_4,Ulmus rubra,Fraxinus americana,2
gpt_5_4,Ulmus rubra,Ulmus americana,2
gpt_5_4,Ulmus rubra,Viburnum lantanoides,2
gpt_5_4,Viburnum opulus,Viburnum lantanoides,2
gpt_5_4,Acer negundo,Acer platanoides,1
gpt_5_4,Acer negundo,Aesculus hippocastanum,1
gpt_5_4,Acer negundo,Cornus amomum,1
gpt_5_4,Acer negundo,Cornus florida,1
gpt_5_4,Acer negundo,Dirca palustris,1
gpt_5_4,Acer negundo,Fraxinus americana,1
gpt_5_4,Acer negundo,Lonicera morrowii,1
gpt_5_4,Acer negundo,Populus deltoides,1
gpt_5_4,Acer negundo,Prunus serotina,1
gpt_5_4,Acer negundo,Pyrus calleryana,1
gpt_5_4,Acer negundo,Sambucus nigra,1
gpt_5_4,Acer negundo,Tilia americana,1
gpt_5_4,Acer nigrum,Cornus florida,1
gpt_5_4,Acer nigrum,Fagus grandifolia,1
gpt_5_4,Acer nigrum,Magnolia acuminata,1
gpt_5_4,Acer nigrum,Pyrus calleryana,1
gpt_5_4,Acer nigrum,Sassafras albidum,1
gpt_5_4,Acer platanoides,Acer negundo,1
gpt_5_4,Acer platanoides,Acer rubrum,1
gpt_5_4,Acer platanoides,Cornus florida,1
gpt_5_4,Acer platanoides,Fraxinus americana,1
gpt_5_4,Acer platanoides,Lonicera morrowii,1
gpt_5_4,Acer platanoides,Quercus bicolor,1
gpt_5_4,Acer rubrum,Acer saccharinum,1
gpt_5_4,Acer rubrum,Ailanthus altissima,1
gpt_5_4,Acer rubrum,Gleditsia triacanthos,1
gpt_5_4,Acer rubrum,Ilex verticillata,1
gpt_5_4,Acer rubrum,Populus tremuloides,1
gpt_5_4,Acer rubrum,Quercus bicolor,1
gpt_5_4,Acer saccharinum,Acer negundo,1
gpt_5_4,Acer saccharinum,Acer saccharum,1
gpt_5_4,Acer saccharinum,Carya ovata,1
gpt_5_4,Acer saccharinum,Fraxinus americana,1
gpt_5_4,Acer saccharinum,Populus grandidentata,1
gpt_5_4,Acer saccharinum,Tilia americana,1
gpt_5_4,Acer saccharinum,Ulmus americana,1
gpt_5_4,Acer saccharum,Acer nigrum,1
gpt_5_4,Acer saccharum,Acer rubrum,1
gpt_5_4,Acer saccharum,Betula lenta,1
gpt_5_4,Acer saccharum,Carya ovata,1
gpt_5_4,Acer saccharum,Fraxinus americana,1
gpt_5_4,Acer saccharum,Juglans nigra,1
gpt_5_4,Acer saccharum,Viburnum lantanoides,1
gpt_5_4,Aesculus glabra,Acer saccharum,1
gpt_5_4,Aesculus glabra,Cephalanthus occidentalis,1
gpt_5_4,Aesculus glabra,Cornus florida,1
gpt_5_4,Aesculus glabra,Fagus grandifolia,1
gpt_5_4,Aesculus glabra,Fraxinus americana,1
gpt_5_4,Aesculus glabra,Tilia americana,1
gpt_5_4,Aesculus hippocastanum,Acer saccharum,1
gpt_5_4,Aesculus hippocastanum,Ostrya virginiana,1
gpt_5_4,Aesculus hippocastanum,Platanus occidentalis,1
gpt_5_4,Aesculus hippocastanum,Pyrus calleryana,1
gpt_5_4,Ailanthus altissima,Acer platanoides,1
gpt_5_4,Ailanthus altissima,Acer rubrum,1
gpt_5_4,Ailanthus altissima,Celtis occidentalis,1
gpt_5_4,Ailanthus altissima,Cornus amomum,1
gpt_5_4,Ailanthus altissima,Cornus florida,1
gpt_5_4,Ailanthus altissima,Ginkgo biloba,1
gpt_5_4,Ailanthus altissima,Gleditsia triacanthos,1
gpt_5_4,Ailanthus altissima,Platanus occidentalis,1
gpt_5_4,Ailanthus altissima,Pyrus calleryana,1
gpt_5_4,Ailanthus altissima,Rhus glabra,1
gpt_5_4,Amelanchier arborea,Lonicera morrowii,1
gpt_5_4,Amelanchier arborea,Ostrya virginiana,1
gpt_5_4,Betula alleghaniensis,Castanea dentata,1
gpt_5_4,Betula alleghaniensis,Cornus florida,1
gpt_5_4,Betula alleghaniensis,Juglans nigra,1
gpt_5_4,Betula alleghaniensis,Populus tremuloides,1
gpt_5_4,Betula alleghaniensis,Quercus alba,1
gpt_5_4,Betula alleghaniensis,Tilia americana,1
gpt_5_4,Betula lenta,Prunus serotina,1
gpt_5_4,Carpinus caroliniana,Amelanchier arborea,1
gpt_5_4,Carpinus caroliniana,Cornus florida,1
gpt_5_4,Carpinus caroliniana,Hamamelis virginiana,1
gpt_5_4,Carpinus caroliniana,Lonicera morrowii,1
gpt_5_4,Carpinus caroliniana,Ulmus americana,1
gpt_5_4,Carya cordiformis,Betula lenta,1
gpt_5_4,Carya cordiformis,Cornus amomum,1
gpt_5_4,Carya cordiformis,Juglans cinerea,1
gpt_5_4,Carya cordiformis,Lonicera morrowii,1
gpt_5_4,Carya cordiformis,Magnolia acuminata,1
gpt_5_4,Carya cordiformis,Salix nigra,1
gpt_5_4,Carya laciniosa,Aesculus glabra,1
gpt_5_4,Carya laciniosa,Aesculus hippocastanum,1
gpt_5_4,Carya laciniosa,Betula lenta,1
gpt_5_4,Carya laciniosa,Carya cordiformis,1
gpt_5_4,Carya laciniosa,Carya ovata,1
gpt_5_4,Carya laciniosa,Juglans nigra,1
gpt_5_4,Carya laciniosa,Magnolia acuminata,1
gpt_5_4,Carya laciniosa,Ostrya virginiana,1
gpt_5_4,Carya laciniosa,Quercus alba,1
gpt_5_4,Carya laciniosa,Quercus macrocarpa,1
gpt_5_4,Carya laciniosa,Ulmus rubra,1
gpt_5_4,Carya ovata,Acer saccharinum,1
gpt_5_4,Carya ovata,Aesculus glabra,1
gpt_5_4,Carya ovata,Ailanthus altissima,1
gpt_5_4,Carya ovata,Betula lenta,1
gpt_5_4,Carya ovata,Carpinus caroliniana,1
gpt_5_4,Carya ovata,Cornus amomum,1
gpt_5_4,Castanea dentata,Acer saccharum,1
gpt_5_4,Castanea dentata,Amelanchier arborea,1
gpt_5_4,Castanea dentata,Carya ovata,1
gpt_5_4,Castanea dentata,Nyssa sylvatica,1
gpt_5_4,Castanea dentata,Tilia americana,1
gpt_5_4,Castanea dentata,Toxicodendron radicans,1
gpt_5_4,Celtis occidentalis,Acer saccharum,1
gpt_5_4,Celtis occidentalis,Cornus amomum,1
gpt_5_4,Celtis occidentalis,Gleditsia triacanthos,1
gpt_5_4,Celtis occidentalis,Juglans nigra,1
gpt_5_4,Celtis occidentalis,Tilia americana,1
gpt_5_4,Celtis occidentalis,Ulmus americana,1
gpt_5_4,Cephalanthus occidentalis,Cornus sericea,1
gpt_5_4,Cercis canadensis,Amelanchier arborea,1
gpt_5_4,Cercis canadensis,Cornus florida,1
gpt_5_4,Cercis canadensis,Ostrya virginiana,1
gpt_5_4,Cercis canadensis,Populus deltoides,1
gpt_5_4,Cercis canadensis,Pyrus calleryana,1
gpt_5_4,Cercis canadensis,Robinia pseudoacacia,1
gpt_5_4,Cornus amomum,Lonicera morrowii,1
gpt_5_4,Cornus amomum,Prunus pensylvanica,1
gpt_5_4,Cornus amomum,Viburnum lantanoides,1
gpt_5_4,Cornus florida,Cornus amomum,1
gpt_5_4,Cornus florida,Cornus racemosa,1
gpt_5_4,Cornus florida,Lonicera morrowii,1
gpt_5_4,Cornus florida,Prunus serotina,1
gpt_5_4,Cornus racemosa,Betula lenta,1
gpt_5_4,Cornus racemosa,Cornus sericea,1
gpt_5_4,Cornus sericea,Cornus amomum,1
gpt_5_4,Cornus sericea,Cornus florida,1
gpt_5_4,Cornus sericea,Cornus racemosa,1
gpt_5_4,Cornus sericea,Magnolia acuminata,1
gpt_5_4,Cornus sericea,Sambucus nigra,1
gpt_5_4,Cornus sericea,Toxicodendron radicans,1
gpt_5_4,Dirca palustris,Betula lenta,1
gpt_5_4,Dirca palustris,Fagus grandifolia,1
gpt_5_4,Dirca palustris,Magnolia acuminata,1
gpt_5_4,Dirca palustris,Nyssa sylvatica,1
gpt_5_4,Dirca palustris,Prunus serotina,1
gpt_5_4,Dirca palustris,Tilia americana,1
gpt_5_4,Fagus grandifolia,Acer saccharinum,1
gpt_5_4,Fagus grandifolia,Acer saccharum,1
gpt_5_4,Fagus grandifolia,Ailanthus altissima,1
gpt_5_4,Fagus grandifolia,Carya ovata,1
gpt_5_4,Fagus grandifolia,Magnolia acuminata,1
gpt_5_4,Fagus grandifolia,Populus tremuloides,1
gpt_5_4,Fagus grandifolia,Pyrus calleryana,1
gpt_5_4,Fagus grandifolia,Robinia pseudoacacia,1
gpt_5_4,Fagus grandifolia,Salix nigra,1
gpt_5_4,Fagus grandifolia,Ulmus americana,1
gpt_5_4,Fraxinus americana,Acer platanoides,1
gpt_5_4,Fraxinus americana,Acer saccharinum,1
gpt_5_4,Fraxinus americana,Aesculus glabra,1
gpt_5_4,Fraxinus americana,Fagus grandifolia,1
gpt_5_4,Fraxinus americana,Juglans nigra,1
gpt_5_4,Fraxinus americana,Magnolia acuminata,1
gpt_5_4,Fraxinus americana,Pyrus calleryana,1
gpt_5_4,Fraxinus americana,Quercus alba,1
gpt_5_4,Fraxinus americana,Quercus palustris,1
gpt_5_4,Fraxinus americana,Viburnum lantanoides,1
gpt_5_4,Fraxinus pennsylvanica,Betula lenta,1
gpt_5_4,Fraxinus pennsylvanica,Cornus florida,1
gpt_5_4,Fraxinus pennsylvanica,Fagus grandifolia,1
gpt_5_4,Fraxinus pennsylvanica,Gleditsia triacanthos,1
gpt_5_4,Fraxinus pennsylvanica,Gymnocladus dioicus,1
gpt_5_4,Fraxinus pennsylvanica,Populus tremuloides,1
gpt_5_4,Fraxinus pennsylvanica,Prunus serotina,1
gpt_5_4,Fraxinus pennsylvanica,Robinia pseudoacacia,1
gpt_5_4,Fraxinus pennsylvanica,Yucca filamentosa,1
gpt_5_4,Fraxinus quadrangulata,Acer negundo,1
gpt_5_4,Fraxinus quadrangulata,Aesculus glabra,1
gpt_5_4,Fraxinus quadrangulata,Betula lenta,1
gpt_5_4,Fraxinus quadrangulata,Fraxinus pennsylvanica,1
gpt_5_4,Fraxinus quadrangulata,Lonicera morrowii,1
gpt_5_4,Fraxinus quadrangulata,Ostrya virginiana,1
gpt_5_4,Fraxinus quadrangulata,Sambucus racemosa,1
gpt_5_4,Ginkgo biloba,Acer saccharum,1
gpt_5_4,Ginkgo biloba,Pinus resinosa,1
gpt_5_4,Ginkgo biloba,Pinus strobus,1
gpt_5_4,Ginkgo biloba,Populus tremuloides,1
gpt_5_4,Ginkgo biloba,Tilia americana,1
gpt_5_4,Gleditsia triacanthos,Fraxinus americana,1
gpt_5_4,Gleditsia triacanthos,Gymnocladus dioicus,1
gpt_5_4,Gleditsia triacanthos,Hamamelis virginiana,1
gpt_5_4,Gleditsia triacanthos,Juglans nigra,1
gpt_5_4,Gleditsia triacanthos,Prunus serotina,1
gpt_5_4,Gleditsia triacanthos,Prunus virginiana,1
gpt_5_4,Gymnocladus dioicus,Aesculus glabra,1
gpt_5_4,Gymnocladus dioicus,Carya ovata,1
gpt_5_4,Gymnocladus dioicus,Castanea dentata,1
gpt_5_4,Gymnocladus dioicus,Lindera benzoin,1
gpt_5_4,Gymnocladus dioicus,Prunus serotina,1
gpt_5_4,Gymnocladus dioicus,Robinia pseudoacacia,1
gpt_5_4,Gymnocladus dioicus,Sassafras albidum,1
gpt_5_4,Hamamelis virginiana,Cercis canadensis,1
gpt_5_4,Hamamelis virginiana,Cornus florida,1
gpt_5_4,Hamamelis virginiana,Fagus grandifolia,1
gpt_5_4,Hamamelis virginiana,Magnolia acuminata,1
gpt_5_4,Hamamelis virginiana,Pinus resinosa,1
gpt_5_4,Hamamelis virginiana,Prunus serotina,1
gpt_5_4,Ilex verticillata,Hamamelis virginiana,1
gpt_5_4,Ilex verticillata,Prunus serotina,1
gpt_5_4,Juglans cinerea,Ailanthus altissima,1
gpt_5_4,Juglans cinerea,Castanea dentata,1
gpt_5_4,Juglans cinerea,Fagus grandifolia,1
gpt_5_4,Juglans cinerea,Fraxinus pennsylvanica,1
gpt_5_4,Juglans cinerea,Robinia pseudoacacia,1
gpt_5_4,Juglans cinerea,Toxicodendron radicans,1
gpt_5_4,Juglans nigra,Acer platanoides,1
gpt_5_4,Juglans nigra,Carya cordiformis,1
gpt_5_4,Juglans nigra,Carya laciniosa,1
gpt_5_4,Juglans nigra,Carya ovata,1
gpt_5_4,Juglans nigra,Ginkgo biloba,1
gpt_5_4,Juglans nigra,Hamamelis virginiana,1
gpt_5_4,Juglans nigra,Viburnum lantanoides,1
gpt_5_4,Juniperus virginiana,Pinus strobus,1
gpt_5_4,Lindera benzoin,Acer platanoides,1
gpt_5_4,Lindera benzoin,Betula lenta,1
gpt_5_4,Lindera benzoin,Castanea dentata,1
gpt_5_4,Lindera benzoin,Celtis occidentalis,1
gpt_5_4,Lindera benzoin,Cornus amomum,1
gpt_5_4,Lindera benzoin,Cornus racemosa,1
gpt_5_4,Lindera benzoin,Dirca palustris,1
gpt_5_4,Lindera benzoin,Nyssa sylvatica,1
gpt_5_4,Lonicera morrowii,Amelanchier arborea,1
gpt_5_4,Magnolia acuminata,Ailanthus altissima,1
gpt_5_4,Magnolia acuminata,Pinus resinosa,1
gpt_5_4,Magnolia acuminata,Prunus serotina,1
gpt_5_4,Nyssa sylvatica,Acer saccharum,1
gpt_5_4,Nyssa sylvatica,Amelanchier arborea,1
gpt_5_4,Nyssa sylvatica,Fraxinus americana,1
gpt_5_4,Nyssa sylvatica,Magnolia acuminata,1
gpt_5_4,Nyssa sylvatica,Prunus pensylvanica,1
gpt_5_4,Nyssa sylvatica,Ulmus americana,1
gpt_5_4,Nyssa sylvatica,Zanthoxylum americanum,1
gpt_5_4,Ostrya virginiana,Betula lenta,1
gpt_5_4,Ostrya virginiana,Fraxinus americana,1
gpt_5_4,Ostrya virginiana,Viburnum lantanoides,1
gpt_5_4,Picea glauca,Tsuga canadensis,1
gpt_5_4,Pinus resinosa,Picea glauca,1
gpt_5_4,Pinus rigida,Pinus resinosa,1
gpt_5_4,Pinus strobus,Betula papyrifera,1
gpt_5_4,Pinus strobus,Pinus resinosa,1
gpt_5_4,Pinus strobus,Populus tremuloides,1
gpt_5_4,Pinus strobus,Robinia pseudoacacia,1
gpt_5_4,Pinus strobus,Tsuga canadensis,1
gpt_5_4,Platanus occidentalis,Acer rubrum,1
gpt_5_4,Platanus occidentalis,Acer saccharinum,1
gpt_5_4,Platanus occidentalis,Cephalanthus occidentalis,1
gpt_5_4,Platanus occidentalis,Cornus amomum,1
gpt_5_4,Platanus occidentalis,Lindera benzoin,1
gpt_5_4,Platanus occidentalis,Populus deltoides,1
gpt_5_4,Platanus occidentalis,Populus tremuloides,1
gpt_5_4,Platanus occidentalis,Pyrus calleryana,1
gpt_5_4,Populus deltoides,Acer platanoides,1
gpt_5_4,Populus deltoides,Acer rubrum,1
gpt_5_4,Populus deltoides,Betula lenta,1
gpt_5_4,Populus deltoides,Carya ovata,1
gpt_5_4,Populus deltoides,Juglans cinerea,1
gpt_5_4,Populus deltoides,Quercus alba,1
gpt_5_4,Populus deltoides,Quercus muehlenbergii,1
gpt_5_4,Populus deltoides,Quercus rubra,1
gpt_5_4,Populus grandidentata,Populus tremuloides,1
gpt_5_4,Populus grandidentata,Prunus serotina,1
gpt_5_4,Populus grandidentata,Sassafras albidum,1
gpt_5_4,Prunus pensylvanica,Cornus florida,1
gpt_5_4,Prunus pensylvanica,Prunus serotina,1
gpt_5_4,Prunus pensylvanica,Pyrus calleryana,1
gpt_5_4,Prunus serotina,Acer saccharum,1
gpt_5_4,Prunus serotina,Amelanchier arborea,1
gpt_5_4,Prunus serotina,Betula papyrifera,1
gpt_5_4,Prunus serotina,Fagus grandifolia,1
gpt_5_4,Prunus serotina,Ostrya virginiana,1
gpt_5_4,Prunus serotina,Prunus pensylvanica,1
gpt_5_4,Prunus serotina,Pyrus calleryana,1
gpt_5_4,Prunus serotina,Robinia pseudoacacia,1
gpt_5_4,Prunus virginiana,Cornus racemosa,1
gpt_5_4,Prunus virginiana,Ostrya virginiana,1
gpt_5_4,Prunus virginiana,Prunus serotina,1
gpt_5_4,Pyrus calleryana,Acer saccharum,1
gpt_5_4,Pyrus calleryana,Cornus florida,1
gpt_5_4,Pyrus calleryana,Fraxinus americana,1
gpt_5_4,Pyrus calleryana,Gleditsia triacanthos,1
gpt_5_4,Pyrus calleryana,Hamamelis virginiana,1
gpt_5_4,Pyrus calleryana,Magnolia acuminata,1
gpt_5_4,Pyrus calleryana,Ostrya virginiana,1
gpt_5_4,Pyrus calleryana,Populus grandidentata,1
gpt_5_4,Pyrus calleryana,Populus tremuloides,1
gpt_5_4,Pyrus calleryana,Robinia pseudoacacia,1
gpt_5_4,Pyrus calleryana,Ulmus rubra,1
gpt_5_4,Quercus alba,Cornus amomum,1
gpt_5_4,Quercus alba,Cornus racemosa,1
gpt_5_4,Quercus alba,Gleditsia triacanthos,1
gpt_5_4,Quercus alba,Juglans nigra,1
gpt_5_4,Quercus alba,Lindera benzoin,1
gpt_5_4,Quercus alba,Magnolia acuminata,1
gpt_5_4,Quercus alba,Populus deltoides,1
gpt_5_4,Quercus alba,Quercus bicolor,1
gpt_5_4,Quercus alba,Quercus muehlenbergii,1
gpt_5_4,Quercus alba,Quercus rubra,1
gpt_5_4,Quercus alba,Sassafras albidum,1
gpt_5_4,Quercus bicolor,Carya ovata,1
gpt_5_4,Quercus bicolor,Cornus florida,1
gpt_5_4,Quercus bicolor,Fraxinus americana,1
gpt_5_4,Quercus bicolor,Prunus serotina,1
gpt_5_4,Quercus bicolor,Sassafras albidum,1
gpt_5_4,Quercus bicolor,Ulmus rubra,1
gpt_5_4,Quercus macrocarpa,Fraxinus americana,1
gpt_5_4,Quercus macrocarpa,Populus deltoides,1
gpt_5_4,Quercus macrocarpa,Ulmus rubra,1
gpt_5_4,Quercus muehlenbergii,Ailanthus altissima,1
gpt_5_4,Quercus muehlenbergii,Castanea dentata,1
gpt_5_4,Quercus muehlenbergii,Cornus florida,1
gpt_5_4,Quercus muehlenbergii,Fraxinus americana,1
gpt_5_4,Quercus muehlenbergii,Magnolia acuminata,1
gpt_5_4,Quercus muehlenbergii,Populus tremuloides,1
gpt_5_4,Quercus muehlenbergii,Quercus bicolor,1
gpt_5_4,Quercus palustris,Acer rubrum,1
gpt_5_4,Quercus palustris,Acer saccharinum,1
gpt_5_4,Quercus palustris,Ailanthus altissima,1
gpt_5_4,Quercus palustris,Ostrya virginiana,1
gpt_5_4,Quercus palustris,Prunus pensylvanica,1
gpt_5_4,Quercus palustris,Quercus macrocarpa,1
gpt_5_4,Quercus palustris,Quercus muehlenbergii,1
gpt_5_4,Quercus palustris,Salix nigra,1
gpt_5_4,Quercus palustris,Ulmus americana,1
gpt_5_4,Quercus palustris,Zanthoxylum americanum,1
gpt_5_4,Quercus rubra,Acer saccharinum,1
gpt_5_4,Quercus rubra,Cornus florida,1
gpt_5_4,Quercus rubra,Cornus sericea,1
gpt_5_4,Quercus rubra,Ostrya virginiana,1
gpt_5_4,Quercus rubra,Pinus strobus,1
gpt_5_4,Quercus rubra,Pyrus calleryana,1
gpt_5_4,Quercus rubra,Quercus velutina,1
gpt_5_4,Quercus velutina,Acer saccharum,1
gpt_5_4,Quercus velutina,Castanea dentata,1
gpt_5_4,Quercus velutina,Fagus grandifolia,1
gpt_5_4,Quercus velutina,Gleditsia triacanthos,1
gpt_5_4,Quercus velutina,Magnolia acuminata,1
gpt_5_4,Quercus velutina,Populus deltoides,1
gpt_5_4,Quercus velutina,Sassafras albidum,1
gpt_5_4,Quercus velutina,Toxicodendron radicans,1
gpt_5_4,Quercus velutina,Viburnum lantanoides,1
gpt_5_4,Rhus aromatica,Acer negundo,1
gpt_5_4,Rhus aromatica,Acer platanoides,1
gpt_5_4,Rhus aromatica,Betula lenta,1
gpt_5_4,Rhus aromatica,Cornus amomum,1
gpt_5_4,Rhus aromatica,Cornus florida,1
gpt_5_4,Rhus aromatica,Lindera benzoin,1
gpt_5_4,Rhus aromatica,Tilia americana,1
gpt_5_4,Rhus aromatica,Toxicodendron radicans,1
gpt_5_4,Rhus aromatica,Ulmus rubra,1
gpt_5_4,Rhus copallinum,Aesculus glabra,1
gpt_5_4,Rhus copallinum,Betula lenta,1
gpt_5_4,Rhus copallinum,Cephalanthus occidentalis,1
gpt_5_4,Rhus copallinum,Cornus florida,1
gpt_5_4,Rhus copallinum,Populus tremuloides,1
gpt_5_4,Rhus copallinum,Prunus virginiana,1
gpt_5_4,Rhus copallinum,Sambucus racemosa,1
gpt_5_4,Rhus glabra,Amelanchier arborea,1
gpt_5_4,Rhus glabra,Platanus occidentalis,1
gpt_5_4,Rhus glabra,Sambucus nigra,1
gpt_5_4,Rhus glabra,Zanthoxylum americanum,1
gpt_5_4,Robinia pseudoacacia,Amelanchier arborea,1
gpt_5_4,Robinia pseudoacacia,Cornus florida,1
gpt_5_4,Robinia pseudoacacia,Hamamelis virginiana,1
gpt_5_4,Robinia pseudoacacia,Ostrya virginiana,1
gpt_5_4,Robinia pseudoacacia,Pyrus calleryana,1
gpt_5_4,Robinia pseudoacacia,Staphylea trifolia,1
gpt_5_4,Robinia pseudoacacia,Thuja occidentalis,1
gpt_5_4,Salix nigra,Cornus amomum,1
gpt_5_4,Salix nigra,Juniperus virginiana,1
gpt_5_4,Salix nigra,Lonicera morrowii,1
gpt_5_4,Salix nigra,Populus deltoides,1
gpt_5_4,Salix nigra,Prunus serotina,1
gpt_5_4,Sambucus nigra,Acer rubrum,1
gpt_5_4,Sambucus nigra,Betula lenta,1
gpt_5_4,Sambucus nigra,Sambucus racemosa,1
gpt_5_4,Sambucus racemosa,Ulmus rubra,1
gpt_5_4,Sambucus racemosa,Viburnum opulus,1
gpt_5_4,Sassafras albidum,Acer platanoides,1
gpt_5_4,Sassafras albidum,Acer saccharinum,1
gpt_5_4,Sassafras albidum,Carya ovata,1
gpt_5_4,Sassafras albidum,Dirca palustris,1
gpt_5_4,Sassafras albidum,Fraxinus americana,1
gpt_5_4,Sassafras albidum,Lonicera morrowii,1
gpt_5_4,Sassafras albidum,Nyssa sylvatica,1
gpt_5_4,Sassafras albidum,Ostrya virginiana,1
gpt_5_4,Sassafras albidum,Pinus rigida,1
gpt_5_4,Sorbus americana,Acer rubrum,1
gpt_5_4,Sorbus americana,Amelanchier arborea,1
gpt_5_4,Sorbus americana,Prunus serotina,1
gpt_5_4,Sorbus americana,Rhus glabra,1
gpt_5_4,Sorbus americana,Salix nigra,1
gpt_5_4,Staphylea trifolia,Carpinus caroliniana,1
gpt_5_4,Staphylea trifolia,Fraxinus americana,1
gpt_5_4,Staphylea trifolia,Fraxinus pennsylvanica,1
gpt_5_4,Staphylea trifolia,Ostrya virginiana,1
gpt_5_4,Tilia americana,Acer rubrum,1
gpt_5_4,Tilia americana,Ailanthus altissima,1
gpt_5_4,Tilia americana,Betula lenta,1
gpt_5_4,Tilia americana,Fraxinus americana,1
gpt_5_4,Tilia americana,Juniperus communis,1
gpt_5_4,Tilia americana,Lindera benzoin,1
gpt_5_4,Tilia americana,Staphylea trifolia,1
gpt_5_4,Tilia americana,Thuja occidentalis,1
gpt_5_4,Tilia americana,Ulmus rubra,1
gpt_5_4,Toxicodendron radicans,Cornus amomum,1
gpt_5_4,Toxicodendron radicans,Cornus florida,1
gpt_5_4,Toxicodendron radicans,Cornus racemosa,1
gpt_5_4,Toxicodendron radicans,Cornus sericea,1
gpt_5_4,Toxicodendron radicans,Ilex verticillata,1
gpt_5_4,Toxicodendron radicans,Magnolia acuminata,1
gpt_5_4,Toxicodendron radicans,Ostrya virginiana,1
gpt_5_4,Toxicodendron radicans,Ulmus americana,1
gpt_5_4,Toxicodendron radicans,Ulmus rubra,1
gpt_5_4,Toxicodendron radicans,Viburnum lantanoides,1
gpt_5_4,Tsuga canadensis,Gleditsia triacanthos,1
gpt_5_4,Tsuga canadensis,Pinus strobus,1
gpt_5_4,Tsuga canadensis,Robinia pseudoacacia,1
gpt_5_4,Ulmus americana,Acer platanoides,1
gpt_5_4,Ulmus americana,Acer saccharinum,1
gpt_5_4,Ulmus americana,Acer saccharum,1
gpt_5_4,Ulmus americana,Ailanthus altissima,1
gpt_5_4,Ulmus americana,Amelanchier arborea,1
gpt_5_4,Ulmus americana,Carya ovata,1
gpt_5_4,Ulmus americana,Castanea dentata,1
gpt_5_4,Ulmus americana,Fraxinus pennsylvanica,1
gpt_5_4,Ulmus americana,Lindera benzoin,1
gpt_5_4,Ulmus americana,Robinia pseudoacacia,1
gpt_5_4,Ulmus rubra,Acer rubrum,1
gpt_5_4,Ulmus rubra,Betula papyrifera,1
gpt_5_4,Ulmus rubra,Fraxinus pennsylvanica,1
gpt_5_4,Ulmus rubra,Juglans nigra,1
gpt_5_4,Viburnum lantanoides,Aesculus glabra,1
gpt_5_4,Viburnum lantanoides,Cornus amomum,1
gpt_5_4,Viburnum lantanoides,Hamamelis virginiana,1
gpt_5_4,Viburnum lantanoides,Ostrya virginiana,1
gpt_5_4,Viburnum lantanoides,Pinus resinosa,1
gpt_5_4,Viburnum lantanoides,Staphylea trifolia,1
gpt_5_4,Viburnum lantanoides,Tilia americana,1
gpt_5_4,Viburnum lantanoides,Ulmus rubra,1
gpt_5_4,Viburnum lantanoides,Zanthoxylum americanum,1
gpt_5_4,Viburnum opulus,Celtis occidentalis,1
gpt_5_4,Viburnum opulus,Cornus amomum,1
gpt_5_4,Viburnum opulus,Cornus florida,1
gpt_5_4,Viburnum opulus,Cornus racemosa,1
gpt_5_4,Viburnum opulus,Quercus alba,1
gpt_5_4,Viburnum opulus,Sambucus racemosa,1
gpt_5_4,Yucca filamentosa,Ostrya virginiana,1
gpt_5_4,Yucca filamentosa,Sambucus racemosa,1
gpt_5_4,Zanthoxylum americanum,Acer saccharum,1
gpt_5_4,Zanthoxylum americanum,Cornus amomum,1
gpt_5_4,Zanthoxylum americanum,Fraxinus americana,1
gpt_5_4,Zanthoxylum americanum,Magnolia acuminata,1
gpt_5_4,Zanthoxylum americanum,Pyrus calleryana,1
gpt_5_4,Zanthoxylum americanum,Robinia pseudoacacia,1
gpt_5_4,Zanthoxylum americanum,Toxicodendron radicans,1
