model,model_key,protocol,task,image_id,file,individual_id,species,organ_tag,organ_category,subview,thumbnail_url,image_url,canonical_label,predicted_label,confidence,top3_labels,top1_correct,top3_correct
EfficientNet-B0,efficientnet_b0,species_disjoint,organ_tag,baskauf/21914,baskauf_21914.jpg,ind-baskauf/21893,Rhus aromatica,bark,bark,of a small tree or small branch,https://bioimages.vanderbilt.edu/tn/baskauf/trhar4-br21914.jpg,https://bioimages.vanderbilt.edu/gq/baskauf/grhar4-br21914.jpg,bark,bark,0.7762271799463552,"[""bark"", ""twig"", ""needle""]",True,True
EfficientNet-B0,efficientnet_b0,species_disjoint,organ_tag,baskauf/21894,baskauf_21894.jpg,ind-baskauf/21893,Rhus aromatica,fruit,fruit,immature,https://bioimages.vanderbilt.edu/tn/baskauf/trhar4-frdevel21894.jpg,https://bioimages.vanderbilt.edu/gq/baskauf/grhar4-frdevel21894.jpg,fruit,fruit,0.35132091987008807,"[""fruit"", ""cone"", ""flower""]",True,True
EfficientNet-B0,efficientnet_b0,species_disjoint,organ_tag,baskauf/21906,baskauf_21906.jpg,ind-baskauf/21893,Rhus aromatica,twig,twig,winter overall,https://bioimages.vanderbilt.edu/tn/baskauf/trhar4-tw21906.jpg,https://bioimages.vanderbilt.edu/gq/baskauf/grhar4-tw21906.jpg,twig,twig,0.7843245974644272,"[""twig"", ""bark"", ""cone""]",True,True
EfficientNet-B0,efficientnet_b0,species_disjoint,organ_tag,baskauf/32173,baskauf_32173.jpg,ind-baskauf/32172,Rhus aromatica,flower,inflorescence,unspecified,https://bioimages.vanderbilt.edu/tn/baskauf/trhar4-fldevel32173.jpg,https://bioimages.vanderbilt.edu/gq/baskauf/grhar4-fldevel32173.jpg,flower,flower,0.43794342863611546,"[""flower"", ""cone"", ""fruit""]",True,True
EfficientNet-B0,efficientnet_b0,species_disjoint,organ_tag,baskauf/32257,baskauf_32257.jpg,ind-baskauf/32253,Rhus aromatica,flower,inflorescence,whole - unspecified,https://bioimages.vanderbilt.edu/tn/baskauf/trhar4-fl32257.jpg,https://bioimages.vanderbilt.edu/gq/baskauf/grhar4-fl32257.jpg,flower,flower,0.5320522671792522,"[""flower"", ""cone"", ""fruit""]",True,True
EfficientNet-B0,efficientnet_b0,species_disjoint,organ_tag,baskauf/32255,baskauf_32255.jpg,ind-baskauf/32253,Rhus aromatica,whole plant,whole tree (or vine),winter,https://bioimages.vanderbilt.edu/tn/baskauf/trhar4-wpin-bloom32255.jpg,https://bioimages.vanderbilt.edu/gq/baskauf/grhar4-wpin-bloom32255.jpg,whole plant,whole plant,0.28633729051380036,"[""whole plant"", ""cone"", ""leaf""]",True,True
EfficientNet-B0,efficientnet_b0,species_disjoint,organ_tag,baskauf/12700,baskauf_12700.jpg,ind-baskauf/12698,Rhus aromatica,fruit,fruit,as borne on the plant,https://bioimages.vanderbilt.edu/tn/baskauf/trhar4-fr12700.jpg,https://bioimages.vanderbilt.edu/gq/baskauf/grhar4-fr12700.jpg,fruit,fruit,0.5696572315803792,"[""fruit"", ""leaf"", ""flower""]",True,True
EfficientNet-B0,efficientnet_b0,species_disjoint,organ_tag,baskauf/12698,baskauf_12698.jpg,ind-baskauf/12698,Rhus aromatica,fruit,fruit,lateral or general close-up,https://bioimages.vanderbilt.edu/tn/baskauf/trhar4-frcloseup12698.jpg,https://bioimages.vanderbilt.edu/gq/baskauf/grhar4-frcloseup12698.jpg,fruit,fruit,0.600251521130386,"[""fruit"", ""flower"", ""leaf""]",True,True
EfficientNet-B0,efficientnet_b0,species_disjoint,organ_tag,baskauf/12703,baskauf_12703.jpg,ind-baskauf/12698,Rhus aromatica,leaf,leaf,whole upper surface,https://bioimages.vanderbilt.edu/tn/baskauf/trhar4-lf12703.jpg,https://bioimages.vanderbilt.edu/gq/baskauf/grhar4-lf12703.jpg,leaf,leaf,0.795261959206182,"[""leaf"", ""twig"", ""flower""]",True,True
EfficientNet-B0,efficientnet_b0,species_disjoint,organ_tag,baskauf/52663,baskauf_52663.jpg,ind-baskauf/52661,Rhus aromatica,fruit,fruit,as borne on the plant,https://bioimages.vanderbilt.edu/tn/baskauf/trhar4-fr52663.jpg,https://bioimages.vanderbilt.edu/gq/baskauf/grhar4-fr52663.jpg,fruit,fruit,0.7405082604214506,"[""fruit"", ""leaf"", ""unspecified""]",True,True
EfficientNet-B0,efficientnet_b0,species_disjoint,organ_tag,baskauf/52662,baskauf_52662.jpg,ind-baskauf/52661,Rhus aromatica,leaf,leaf,margin of upper + lower surface,https://bioimages.vanderbilt.edu/tn/baskauf/trhar4-lfmargin-uplow52662.jpg,https://bioimages.vanderbilt.edu/gq/baskauf/grhar4-lfmargin-uplow52662.jpg,leaf,leaf,0.8248628517364522,"[""leaf"", ""flower"", ""needle""]",True,True
EfficientNet-B0,efficientnet_b0,species_disjoint,organ_tag,hessd/e5353,hessd_e5353.jpg,ind-hessd/e5353,Rhus aromatica,fruit,fruit,as borne on the plant,https://bioimages.vanderbilt.edu/tn/hessd/trhar4-fr940529a-19e5353.jpg,https://bioimages.vanderbilt.edu/gq/hessd/grhar4-fr940529a-19e5353.jpg,fruit,leaf,0.34316933523566534,"[""leaf"", ""fruit"", ""flower""]",False,True
EfficientNet-B0,efficientnet_b0,species_disjoint,organ_tag,baskauf/12804,baskauf_12804.jpg,ind-baskauf/12804,Rhus aromatica,whole plant,whole tree (or vine),general,https://bioimages.vanderbilt.edu/tn/baskauf/trhar4-wpsmall12804.jpg,https://bioimages.vanderbilt.edu/gq/baskauf/grhar4-wpsmall12804.jpg,whole plant,whole plant,0.5938069449269062,"[""whole plant"", ""leaf"", ""cone""]",True,True
EfficientNet-B0,efficientnet_b0,species_disjoint,organ_tag,baskauf/12928,baskauf_12928.jpg,ind-baskauf/12928,Rhus aromatica,whole plant,whole tree (or vine),general,https://bioimages.vanderbilt.edu/tn/baskauf/trhar4-wpshrub12928.jpg,https://bioimages.vanderbilt.edu/gq/baskauf/grhar4-wpshrub12928.jpg,whole plant,whole plant,0.543293385862757,"[""whole plant"", ""leaf"", ""cone""]",True,True
EfficientNet-B0,efficientnet_b0,species_disjoint,organ_tag,kirchoff/b5070,kirchoff_b5070.jpg,ind-kirchoff/b5063,Carpinus caroliniana,bark,bark,of a large tree,https://bioimages.vanderbilt.edu/tn/kirchoff/tcaca18brb5070.jpg,https://bioimages.vanderbilt.edu/gq/kirchoff/gcaca18brb5070.jpg,bark,bark,0.8774939292729272,"[""bark"", ""whole plant"", ""needle""]",True,True
EfficientNet-B0,efficientnet_b0,species_disjoint,organ_tag,kirchoff/b5066,kirchoff_b5066.jpg,ind-kirchoff/b5063,Carpinus caroliniana,bark,bark,of a medium tree or large branch,https://bioimages.vanderbilt.edu/tn/kirchoff/tcaca18brb5066.jpg,https://bioimages.vanderbilt.edu/gq/kirchoff/gcaca18brb5066.jpg,bark,bark,0.8079117813822065,"[""bark"", ""whole plant"", ""fruit""]",True,True
EfficientNet-B0,efficientnet_b0,species_disjoint,organ_tag,kirchoff/b5071,kirchoff_b5071.jpg,ind-kirchoff/b5063,Carpinus caroliniana,fruit,fruit,as borne on the plant,https://bioimages.vanderbilt.edu/tn/kirchoff/tcaca18frdistantb5071.jpg,https://bioimages.vanderbilt.edu/gq/kirchoff/gcaca18frdistantb5071.jpg,fruit,whole plant,0.44512088907446923,"[""whole plant"", ""cone"", ""fruit""]",False,True
EfficientNet-B0,efficientnet_b0,species_disjoint,organ_tag,kirchoff/b5069,kirchoff_b5069.jpg,ind-kirchoff/b5063,Carpinus caroliniana,fruit,fruit,immature,https://bioimages.vanderbilt.edu/tn/kirchoff/tcaca18frb5069.jpg,https://bioimages.vanderbilt.edu/gq/kirchoff/gcaca18frb5069.jpg,fruit,flower,0.3631549998406127,"[""flower"", ""leaf"", ""needle""]",False,False
EfficientNet-B0,efficientnet_b0,species_disjoint,organ_tag,kirchoff/b5064,kirchoff_b5064.jpg,ind-kirchoff/b5063,Carpinus caroliniana,fruit,fruit,lateral or general close-up,https://bioimages.vanderbilt.edu/tn/kirchoff/tcaca18frsideb5064.jpg,https://bioimages.vanderbilt.edu/gq/kirchoff/gcaca18frsideb5064.jpg,fruit,leaf,0.352234560087385,"[""leaf"", ""twig"", ""flower""]",False,False
EfficientNet-B0,efficientnet_b0,species_disjoint,organ_tag,kirchoff/b5065,kirchoff_b5065.jpg,ind-kirchoff/b5063,Carpinus caroliniana,fruit,fruit,lateral or general close-up,https://bioimages.vanderbilt.edu/tn/kirchoff/tcaca18frfrontb5065.jpg,https://bioimages.vanderbilt.edu/gq/kirchoff/gcaca18frfrontb5065.jpg,fruit,leaf,0.4407449053350055,"[""leaf"", ""flower"", ""fruit""]",False,True
EfficientNet-B0,efficientnet_b0,species_disjoint,organ_tag,kirchoff/b5067,kirchoff_b5067.jpg,ind-kirchoff/b5063,Carpinus caroliniana,leaf,leaf,showing orientation on twig,https://bioimages.vanderbilt.edu/tn/kirchoff/tcaca18lfseveralb5067.jpg,https://bioimages.vanderbilt.edu/gq/kirchoff/gcaca18lfseveralb5067.jpg,leaf,leaf,0.8559765557579981,"[""leaf"", ""flower"", ""needle""]",True,True
EfficientNet-B0,efficientnet_b0,species_disjoint,organ_tag,kirchoff/b5068,kirchoff_b5068.jpg,ind-kirchoff/b5063,Carpinus caroliniana,leaf,leaf,whole upper surface,https://bioimages.vanderbilt.edu/tn/kirchoff/tcaca18lfb5068.jpg,https://bioimages.vanderbilt.edu/gq/kirchoff/gcaca18lfb5068.jpg,leaf,leaf,0.8649711000836564,"[""leaf"", ""needle"", ""fruit""]",True,True
EfficientNet-B0,efficientnet_b0,species_disjoint,organ_tag,kirchoff/b5063,kirchoff_b5063.jpg,ind-kirchoff/b5063,Carpinus caroliniana,whole plant,whole tree (or vine),general,https://bioimages.vanderbilt.edu/tn/kirchoff/tcaca18wpin-fruitb5063.jpg,https://bioimages.vanderbilt.edu/gq/kirchoff/gcaca18wpin-fruitb5063.jpg,whole plant,whole plant,0.6084698287636431,"[""whole plant"", ""cone"", ""flower""]",True,True
EfficientNet-B0,efficientnet_b0,species_disjoint,organ_tag,kirchoff/b5060,kirchoff_b5060.jpg,ind-kirchoff/b5060,Carpinus caroliniana,bark,bark,of a medium tree or large branch,https://bioimages.vanderbilt.edu/tn/kirchoff/tcaca18brb5060.jpg,https://bioimages.vanderbilt.edu/gq/kirchoff/gcaca18brb5060.jpg,bark,bark,0.9347389278822293,"[""bark"", ""whole plant"", ""twig""]",True,True
EfficientNet-B0,efficientnet_b0,species_disjoint,organ_tag,kirchoff/b5061,kirchoff_b5061.jpg,ind-kirchoff/b5061,Carpinus caroliniana,bark,bark,of a medium tree or large branch,https://bioimages.vanderbilt.edu/tn/kirchoff/tcaca18brb5061.jpg,https://bioimages.vanderbilt.edu/gq/kirchoff/gcaca18brb5061.jpg,bark,bark,0.8458618524990074,"[""bark"", ""twig"", ""fruit""]",True,True
EfficientNet-B0,efficientnet_b0,species_disjoint,organ_tag,kirchoff/b5062,kirchoff_b5062.jpg,ind-kirchoff/b5062,Carpinus caroliniana,bark,bark,of a medium tree or large branch,https://bioimages.vanderbilt.edu/tn/kirchoff/tcaca18brb5062.jpg,https://bioimages.vanderbilt.edu/gq/kirchoff/gcaca18brb5062.jpg,bark,whole plant,0.7051829017958782,"[""whole plant"", ""bark"", ""fruit""]",False,True
EfficientNet-B0,efficientnet_b0,species_disjoint,organ_tag,baskauf/12036,baskauf_12036.jpg,ind-baskauf/12036,Carpinus caroliniana,bark,bark,of a small tree or small branch,https://bioimages.vanderbilt.edu/tn/baskauf/tcaca18br12036.jpg,https://bioimages.vanderbilt.edu/gq/baskauf/gcaca18br12036.jpg,bark,bark,0.8937344798548962,"[""bark"", ""twig"", ""needle""]",True,True
EfficientNet-B0,efficientnet_b0,species_disjoint,organ_tag,baskauf/12037,baskauf_12037.jpg,ind-baskauf/12036,Carpinus caroliniana,leaf,leaf,showing orientation on twig,https://bioimages.vanderbilt.edu/tn/baskauf/tcaca18lfseveral12037.jpg,https://bioimages.vanderbilt.edu/gq/baskauf/gcaca18lfseveral12037.jpg,leaf,leaf,0.4856807761981736,"[""leaf"", ""fruit"", ""twig""]",True,True
EfficientNet-B0,efficientnet_b0,species_disjoint,organ_tag,baskauf/12039,baskauf_12039.jpg,ind-baskauf/12036,Carpinus caroliniana,leaf,leaf,whole upper surface,https://bioimages.vanderbilt.edu/tn/baskauf/tcaca18lf12039.jpg,https://bioimages.vanderbilt.edu/gq/baskauf/gcaca18lf12039.jpg,leaf,leaf,0.6196049936825034,"[""leaf"", ""twig"", ""flower""]",True,True
EfficientNet-B0,efficientnet_b0,species_disjoint,organ_tag,baskauf/15728,baskauf_15728.jpg,ind-baskauf/15719,Carpinus caroliniana,bark,bark,of a small tree or small branch,https://bioimages.vanderbilt.edu/tn/baskauf/tcaca18br15728.jpg,https://bioimages.vanderbilt.edu/gq/baskauf/gcaca18br15728.jpg,bark,bark,0.6486078777093256,"[""bark"", ""whole plant"", ""twig""]",True,True
EfficientNet-B0,efficientnet_b0,species_disjoint,organ_tag,baskauf/15719,baskauf_15719.jpg,ind-baskauf/15719,Carpinus caroliniana,fruit,fruit,as borne on the plant,https://bioimages.vanderbilt.edu/tn/baskauf/tcaca18frin-fruit15719.jpg,https://bioimages.vanderbilt.edu/gq/baskauf/gcaca18frin-fruit15719.jpg,fruit,leaf,0.2381128888626256,"[""leaf"", ""twig"", ""needle""]",False,False
EfficientNet-B0,efficientnet_b0,species_disjoint,organ_tag,baskauf/15721,baskauf_15721.jpg,ind-baskauf/15719,Carpinus caroliniana,fruit,fruit,lateral or general close-up,https://bioimages.vanderbilt.edu/tn/baskauf/tcaca18frcloseup15721.jpg,https://bioimages.vanderbilt.edu/gq/baskauf/gcaca18frcloseup15721.jpg,fruit,flower,0.37419286189187384,"[""flower"", ""leaf"", ""fruit""]",False,True
EfficientNet-B0,efficientnet_b0,species_disjoint,organ_tag,baskauf/15726,baskauf_15726.jpg,ind-baskauf/15719,Carpinus caroliniana,fruit,fruit,lateral or general close-up,https://bioimages.vanderbilt.edu/tn/baskauf/tcaca18fr15726.jpg,https://bioimages.vanderbilt.edu/gq/baskauf/gcaca18fr15726.jpg,fruit,leaf,0.5061892611763726,"[""leaf"", ""flower"", ""cone""]",False,False
EfficientNet-B0,efficientnet_b0,species_disjoint,organ_tag,baskauf/19189,baskauf_19189.jpg,ind-baskauf/19166,Carpinus caroliniana,flower,inflorescence,whole - female,https://bioimages.vanderbilt.edu/tn/baskauf/tcaca18flfemale19189.jpg,https://bioimages.vanderbilt.edu/gq/baskauf/gcaca18flfemale19189.jpg,flower,twig,0.4991536890325878,"[""twig"", ""flower"", ""fruit""]",False,True
EfficientNet-B0,efficientnet_b0,species_disjoint,organ_tag,baskauf/19182,baskauf_19182.jpg,ind-baskauf/19166,Carpinus caroliniana,flower,inflorescence,whole - male,https://bioimages.vanderbilt.edu/tn/baskauf/tcaca18flmale19182.jpg,https://bioimages.vanderbilt.edu/gq/baskauf/gcaca18flmale19182.jpg,flower,flower,0.3515139760605046,"[""flower"", ""cone"", ""fruit""]",True,True
EfficientNet-B0,efficientnet_b0,species_disjoint,organ_tag,baskauf/19171,baskauf_19171.jpg,ind-baskauf/19166,Carpinus caroliniana,flower,inflorescence,whole - unspecified,https://bioimages.vanderbilt.edu/tn/baskauf/tcaca18fl19171.jpg,https://bioimages.vanderbilt.edu/gq/baskauf/gcaca18fl19171.jpg,flower,twig,0.5228572399264105,"[""twig"", ""cone"", ""fruit""]",False,False
EfficientNet-B0,efficientnet_b0,species_disjoint,organ_tag,baskauf/50597,baskauf_50597.jpg,vanderbilt/6-189,Carpinus caroliniana,flower,inflorescence,whole - female,https://bioimages.vanderbilt.edu/tn/baskauf/tcaca18flfemale50597.jpg,https://bioimages.vanderbilt.edu/gq/baskauf/gcaca18flfemale50597.jpg,flower,twig,0.472152929648719,"[""twig"", ""flower"", ""fruit""]",False,True
EfficientNet-B0,efficientnet_b0,species_disjoint,organ_tag,baskauf/50598,baskauf_50598.jpg,vanderbilt/6-189,Carpinus caroliniana,flower,inflorescence,whole - male,https://bioimages.vanderbilt.edu/tn/baskauf/tcaca18flmale50598.jpg,https://bioimages.vanderbilt.edu/gq/baskauf/gcaca18flmale50598.jpg,flower,flower,0.615367555390829,"[""flower"", ""fruit"", ""cone""]",True,True
EfficientNet-B0,efficientnet_b0,species_disjoint,organ_tag,baskauf/50601,baskauf_50601.jpg,vanderbilt/6-189,Carpinus caroliniana,flower,inflorescence,whole - unspecified,https://bioimages.vanderbilt.edu/tn/baskauf/tcaca18flinflor50601.jpg,https://bioimages.vanderbilt.edu/gq/baskauf/gcaca18flinflor50601.jpg,flower,twig,0.5162710919813049,"[""twig"", ""flower"", ""needle""]",False,True
EfficientNet-B0,efficientnet_b0,species_disjoint,organ_tag,baskauf/43789,baskauf_43789.jpg,vanderbilt/6-189,Carpinus caroliniana,fruit,fruit,lateral or general close-up,https://bioimages.vanderbilt.edu/tn/baskauf/tcaca18frmature43789.jpg,https://bioimages.vanderbilt.edu/gq/baskauf/gcaca18frmature43789.jpg,fruit,needle,0.34585817095002225,"[""needle"", ""fruit"", ""flower""]",False,True
EfficientNet-B0,efficientnet_b0,species_disjoint,organ_tag,baskauf/43792,baskauf_43792.jpg,vanderbilt/6-189,Carpinus caroliniana,fruit,fruit,lateral or general close-up,https://bioimages.vanderbilt.edu/tn/baskauf/tcaca18frmature43792.jpg,https://bioimages.vanderbilt.edu/gq/baskauf/gcaca18frmature43792.jpg,fruit,fruit,0.30338165327961136,"[""fruit"", ""flower"", ""needle""]",True,True
EfficientNet-B0,efficientnet_b0,species_disjoint,organ_tag,baskauf/91059,baskauf_91059.jpg,vanderbilt/6-189,Carpinus caroliniana,whole plant,whole tree (or vine),general,https://bioimages.vanderbilt.edu/tn/baskauf/t91059.jpg,https://bioimages.vanderbilt.edu/gq/baskauf/g91059.jpg,whole plant,whole plant,0.8787885861685418,"[""whole plant"", ""fruit"", ""bark""]",True,True
EfficientNet-B0,efficientnet_b0,species_disjoint,organ_tag,baskauf/15075,baskauf_15075.jpg,ind-baskauf/15074,Carpinus caroliniana,flower,inflorescence,whole - male,https://bioimages.vanderbilt.edu/tn/baskauf/tcaca18flmale-catkin15075.jpg,https://bioimages.vanderbilt.edu/gq/baskauf/gcaca18flmale-catkin15075.jpg,flower,twig,0.44486076681797415,"[""twig"", ""fruit"", ""cone""]",False,False
EfficientNet-B0,efficientnet_b0,species_disjoint,organ_tag,baskauf/15074,baskauf_15074.jpg,ind-baskauf/15074,Carpinus caroliniana,leaf,leaf,showing orientation on twig,https://bioimages.vanderbilt.edu/tn/baskauf/tcaca18br15074.jpg,https://bioimages.vanderbilt.edu/gq/baskauf/gcaca18br15074.jpg,leaf,bark,0.891802459931306,"[""bark"", ""twig"", ""whole plant""]",False,False
EfficientNet-B0,efficientnet_b0,species_disjoint,organ_tag,baskauf/15076,baskauf_15076.jpg,ind-baskauf/15074,Carpinus caroliniana,leaf,leaf,showing orientation on twig,https://bioimages.vanderbilt.edu/tn/baskauf/tcaca18lfseveral15076.jpg,https://bioimages.vanderbilt.edu/gq/baskauf/gcaca18lfseveral15076.jpg,leaf,leaf,0.7259768156226717,"[""leaf"", ""fruit"", ""twig""]",True,True
EfficientNet-B0,efficientnet_b0,species_disjoint,organ_tag,baskauf/15078,baskauf_15078.jpg,ind-baskauf/15074,Carpinus caroliniana,leaf,leaf,whole upper surface,https://bioimages.vanderbilt.edu/tn/baskauf/tcaca18lf15078.jpg,https://bioimages.vanderbilt.edu/gq/baskauf/gcaca18lf15078.jpg,leaf,leaf,0.8298126136668819,"[""leaf"", ""flower"", ""needle""]",True,True
EfficientNet-B0,efficientnet_b0,species_disjoint,organ_tag,baskauf/15080,baskauf_15080.jpg,ind-baskauf/15074,Carpinus caroliniana,twig,twig,orientation of petioles,https://bioimages.vanderbilt.edu/tn/baskauf/tcaca18tw15080.jpg,https://bioimages.vanderbilt.edu/gq/baskauf/gcaca18tw15080.jpg,twig,twig,0.9186990883863823,"[""twig"", ""fruit"", ""needle""]",True,True
EfficientNet-B0,efficientnet_b0,species_disjoint,organ_tag,baskauf/25478,baskauf_25478.jpg,ind-baskauf/25478,Carpinus caroliniana,fruit,fruit,as borne on the plant,https://bioimages.vanderbilt.edu/tn/baskauf/tcaca18wpin-fruit25478.jpg,https://bioimages.vanderbilt.edu/gq/baskauf/gcaca18wpin-fruit25478.jpg,fruit,leaf,0.330777091484709,"[""leaf"", ""whole plant"", ""fruit""]",False,True
EfficientNet-B0,efficientnet_b0,species_disjoint,organ_tag,baskauf/15692,baskauf_15692.jpg,ind-baskauf/15691,Carpinus caroliniana,leaf,leaf,margin of upper + lower surface,https://bioimages.vanderbilt.edu/tn/baskauf/tcaca18lfmargin-uplow15692.jpg,https://bioimages.vanderbilt.edu/gq/baskauf/gcaca18lfmargin-uplow15692.jpg,leaf,leaf,0.7069048714004459,"[""leaf"", ""twig"", ""needle""]",True,True
EfficientNet-B0,efficientnet_b0,species_disjoint,organ_tag,baskauf/15696,baskauf_15696.jpg,ind-baskauf/15691,Carpinus caroliniana,leaf,leaf,unspecified,https://bioimages.vanderbilt.edu/tn/baskauf/tcaca18lfbase15696.jpg,https://bioimages.vanderbilt.edu/gq/baskauf/gcaca18lfbase15696.jpg,leaf,leaf,0.743492844191263,"[""leaf"", ""twig"", ""needle""]",True,True
EfficientNet-B0,efficientnet_b0,species_disjoint,organ_tag,baskauf/15691,baskauf_15691.jpg,ind-baskauf/15691,Carpinus caroliniana,twig,twig,orientation of petioles,https://bioimages.vanderbilt.edu/tn/baskauf/tcaca18tw15691.jpg,https://bioimages.vanderbilt.edu/gq/baskauf/gcaca18tw15691.jpg,twig,twig,0.9105071221517752,"[""twig"", ""fruit"", ""leaf""]",True,True
EfficientNet-B0,efficientnet_b0,species_disjoint,organ_tag,baskauf/11030,baskauf_11030.jpg,ind-baskauf/11030,Carpinus caroliniana,leaf,leaf,showing orientation on twig,https://bioimages.vanderbilt.edu/tn/baskauf/tcaca18lfseveral11030.jpg,https://bioimages.vanderbilt.edu/gq/baskauf/gcaca18lfseveral11030.jpg,leaf,leaf,0.6284980306469546,"[""leaf"", ""flower"", ""fruit""]",True,True
EfficientNet-B0,efficientnet_b0,species_disjoint,organ_tag,baskauf/29811,baskauf_29811.jpg,ind-baskauf/29806,Carpinus caroliniana,leaf,leaf,whole upper surface,https://bioimages.vanderbilt.edu/tn/baskauf/tcaca18lf29811.jpg,https://bioimages.vanderbilt.edu/gq/baskauf/gcaca18lf29811.jpg,leaf,leaf,0.7960521633275964,"[""leaf"", ""flower"", ""needle""]",True,True
EfficientNet-B0,efficientnet_b0,species_disjoint,organ_tag,baskauf/29813,baskauf_29813.jpg,ind-baskauf/29806,Carpinus caroliniana,twig,twig,orientation of petioles,https://bioimages.vanderbilt.edu/tn/baskauf/tcaca18tw29813.jpg,https://bioimages.vanderbilt.edu/gq/baskauf/gcaca18tw29813.jpg,twig,twig,0.3314609462240644,"[""twig"", ""leaf"", ""needle""]",True,True
EfficientNet-B0,efficientnet_b0,species_disjoint,organ_tag,baskauf/24520,baskauf_24520.jpg,ind-baskauf/24519,Carpinus caroliniana,whole plant,whole tree (or vine),general,https://bioimages.vanderbilt.edu/tn/baskauf/tcaca18wp24520.jpg,https://bioimages.vanderbilt.edu/gq/baskauf/gcaca18wp24520.jpg,whole plant,whole plant,0.956791821495755,"[""whole plant"", ""bark"", ""cone""]",True,True
EfficientNet-B0,efficientnet_b0,species_disjoint,organ_tag,baskauf/15521,baskauf_15521.jpg,ind-baskauf/15521,Gleditsia triacanthos,bark,bark,of a large tree,https://bioimages.vanderbilt.edu/tn/baskauf/tgltr--brspines15521.jpg,https://bioimages.vanderbilt.edu/gq/baskauf/ggltr--brspines15521.jpg,bark,bark,0.4758089162590789,"[""bark"", ""whole plant"", ""cone""]",True,True
EfficientNet-B0,efficientnet_b0,species_disjoint,organ_tag,baskauf/15533,baskauf_15533.jpg,ind-baskauf/15521,Gleditsia triacanthos,bark,bark,of a large tree,https://bioimages.vanderbilt.edu/tn/baskauf/tgltr--br15533.jpg,https://bioimages.vanderbilt.edu/gq/baskauf/ggltr--br15533.jpg,bark,bark,0.8198466813152049,"[""bark"", ""twig"", ""whole plant""]",True,True
EfficientNet-B0,efficientnet_b0,species_disjoint,organ_tag,baskauf/15537,baskauf_15537.jpg,ind-baskauf/15521,Gleditsia triacanthos,leaf,leaf,showing orientation on twig,https://bioimages.vanderbilt.edu/tn/baskauf/tgltr--lf15537.jpg,https://bioimages.vanderbilt.edu/gq/baskauf/ggltr--lf15537.jpg,leaf,whole plant,0.7010714710099318,"[""whole plant"", ""cone"", ""bark""]",False,False
EfficientNet-B0,efficientnet_b0,species_disjoint,organ_tag,baskauf/15531,baskauf_15531.jpg,ind-baskauf/15521,Gleditsia triacanthos,whole plant,whole tree (or vine),view up trunk,https://bioimages.vanderbilt.edu/tn/baskauf/tgltr--wplookup15531.jpg,https://bioimages.vanderbilt.edu/gq/baskauf/ggltr--wplookup15531.jpg,whole plant,whole plant,0.7242238117854862,"[""whole plant"", ""bark"", ""cone""]",True,True
EfficientNet-B0,efficientnet_b0,species_disjoint,organ_tag,baskauf/d1104,baskauf_d1104.jpg,ind-baskauf/d1104,Gleditsia triacanthos,bark,bark,of a large tree,https://bioimages.vanderbilt.edu/tn/baskauf/tgltr--brthornsd1104.jpg,https://bioimages.vanderbilt.edu/gq/baskauf/ggltr--brthornsd1104.jpg,bark,whole plant,0.21273170550083434,"[""whole plant"", ""bark"", ""fruit""]",False,True
EfficientNet-B0,efficientnet_b0,species_disjoint,organ_tag,baskauf/d1112,baskauf_d1112.jpg,ind-baskauf/d1104,Gleditsia triacanthos,bark,bark,of a large tree,https://bioimages.vanderbilt.edu/tn/baskauf/tgltr--brd1112.jpg,https://bioimages.vanderbilt.edu/gq/baskauf/ggltr--brd1112.jpg,bark,whole plant,0.3687321624311382,"[""whole plant"", ""bark"", ""fruit""]",False,True
EfficientNet-B0,efficientnet_b0,species_disjoint,organ_tag,baskauf/d1110,baskauf_d1110.jpg,ind-baskauf/d1104,Gleditsia triacanthos,fruit,fruit,lateral or general close-up,https://bioimages.vanderbilt.edu/tn/baskauf/tgltr--frd1110.jpg,https://bioimages.vanderbilt.edu/gq/baskauf/ggltr--frd1110.jpg,fruit,fruit,0.308278722520573,"[""fruit"", ""twig"", ""seed""]",True,True
EfficientNet-B0,efficientnet_b0,species_disjoint,organ_tag,baskauf/66149,baskauf_66149.jpg,ind-baskauf/66133,Gleditsia triacanthos,bark,bark,of a medium tree or large branch,https://bioimages.vanderbilt.edu/tn/baskauf/tgltr--brmediium66149.jpg,https://bioimages.vanderbilt.edu/gq/baskauf/ggltr--brmediium66149.jpg,bark,bark,0.5441151354976628,"[""bark"", ""fruit"", ""twig""]",True,True
EfficientNet-B0,efficientnet_b0,species_disjoint,organ_tag,baskauf/66163,baskauf_66163.jpg,ind-baskauf/66133,Gleditsia triacanthos,bark,bark,of a small tree or small branch,https://bioimages.vanderbilt.edu/tn/baskauf/tgltr--brsmall66163.jpg,https://bioimages.vanderbilt.edu/gq/baskauf/ggltr--brsmall66163.jpg,bark,bark,0.6096249895316092,"[""bark"", ""cone"", ""twig""]",True,True
EfficientNet-B0,efficientnet_b0,species_disjoint,organ_tag,baskauf/66135,baskauf_66135.jpg,ind-baskauf/66133,Gleditsia triacanthos,flower,inflorescence,frontal view of flower,https://bioimages.vanderbilt.edu/tn/baskauf/tgltr--flfemale-front66135.jpg,https://bioimages.vanderbilt.edu/gq/baskauf/ggltr--flfemale-front66135.jpg,flower,flower,0.5817480101722914,"[""flower"", ""fruit"", ""cone""]",True,True
EfficientNet-B0,efficientnet_b0,species_disjoint,organ_tag,baskauf/66137,baskauf_66137.jpg,ind-baskauf/66133,Gleditsia triacanthos,flower,inflorescence,lateral view of flower,https://bioimages.vanderbilt.edu/tn/baskauf/tgltr--flfemale-side66137.jpg,https://bioimages.vanderbilt.edu/gq/baskauf/ggltr--flfemale-side66137.jpg,flower,flower,0.4652661758976746,"[""flower"", ""fruit"", ""cone""]",True,True
EfficientNet-B0,efficientnet_b0,species_disjoint,organ_tag,baskauf/66134,baskauf_66134.jpg,ind-baskauf/66133,Gleditsia triacanthos,flower,inflorescence,whole - female,https://bioimages.vanderbilt.edu/tn/baskauf/tgltr--flfemale-inflor66134.jpg,https://bioimages.vanderbilt.edu/gq/baskauf/ggltr--flfemale-inflor66134.jpg,flower,flower,0.6532156345353421,"[""flower"", ""leaf"", ""cone""]",True,True
EfficientNet-B0,efficientnet_b0,species_disjoint,organ_tag,baskauf/66138,baskauf_66138.jpg,ind-baskauf/66133,Gleditsia triacanthos,flower,inflorescence,whole - female,https://bioimages.vanderbilt.edu/tn/baskauf/tgltr--flfemale-distant66138.jpg,https://bioimages.vanderbilt.edu/gq/baskauf/ggltr--flfemale-distant66138.jpg,flower,flower,0.21250234438682045,"[""flower"", ""leaf"", ""whole plant""]",True,True
EfficientNet-B0,efficientnet_b0,species_disjoint,organ_tag,baskauf/66140,baskauf_66140.jpg,ind-baskauf/66133,Gleditsia triacanthos,flower,inflorescence,whole - female,https://bioimages.vanderbilt.edu/tn/baskauf/tgltr--flfemale-distant66140.jpg,https://bioimages.vanderbilt.edu/gq/baskauf/ggltr--flfemale-distant66140.jpg,flower,whole plant,0.27542848585075486,"[""whole plant"", ""cone"", ""leaf""]",False,False
EfficientNet-B0,efficientnet_b0,species_disjoint,organ_tag,baskauf/66153,baskauf_66153.jpg,ind-baskauf/66133,Gleditsia triacanthos,leaf,leaf,margin of upper + lower surface,https://bioimages.vanderbilt.edu/tn/baskauf/tgltr--lfmargin-uplow66153.jpg,https://bioimages.vanderbilt.edu/gq/baskauf/ggltr--lfmargin-uplow66153.jpg,leaf,leaf,0.7360466420813829,"[""leaf"", ""needle"", ""flower""]",True,True
EfficientNet-B0,efficientnet_b0,species_disjoint,organ_tag,baskauf/66141,baskauf_66141.jpg,ind-baskauf/66133,Gleditsia triacanthos,leaf,leaf,whole upper surface,https://bioimages.vanderbilt.edu/tn/baskauf/tgltr--lfboth-types66141.jpg,https://bioimages.vanderbilt.edu/gq/baskauf/ggltr--lfboth-types66141.jpg,leaf,leaf,0.3450917579499245,"[""leaf"", ""flower"", ""needle""]",True,True
EfficientNet-B0,efficientnet_b0,species_disjoint,organ_tag,baskauf/66144,baskauf_66144.jpg,ind-baskauf/66133,Gleditsia triacanthos,leaf,leaf,whole upper surface,https://bioimages.vanderbilt.edu/tn/baskauf/tgltr--lfpinnate66144.jpg,https://bioimages.vanderbilt.edu/gq/baskauf/ggltr--lfpinnate66144.jpg,leaf,needle,0.38002947822222105,"[""needle"", ""leaf"", ""cone""]",False,True
EfficientNet-B0,efficientnet_b0,species_disjoint,organ_tag,baskauf/66145,baskauf_66145.jpg,ind-baskauf/66133,Gleditsia triacanthos,leaf,leaf,whole upper surface,https://bioimages.vanderbilt.edu/tn/baskauf/tgltr--lfbipinnate66145.jpg,https://bioimages.vanderbilt.edu/gq/baskauf/ggltr--lfbipinnate66145.jpg,leaf,flower,0.2641435541869105,"[""flower"", ""leaf"", ""needle""]",False,True
EfficientNet-B0,efficientnet_b0,species_disjoint,organ_tag,baskauf/66154,baskauf_66154.jpg,ind-baskauf/66133,Gleditsia triacanthos,twig,twig,orientation of petioles,https://bioimages.vanderbilt.edu/tn/baskauf/tgltr--tw66154.jpg,https://bioimages.vanderbilt.edu/gq/baskauf/ggltr--tw66154.jpg,twig,twig,0.49778439329727364,"[""twig"", ""fruit"", ""flower""]",True,True
EfficientNet-B0,efficientnet_b0,species_disjoint,organ_tag,baskauf/66155,baskauf_66155.jpg,ind-baskauf/66133,Gleditsia triacanthos,twig,twig,orientation of petioles,https://bioimages.vanderbilt.edu/tn/baskauf/tgltr--tw66155.jpg,https://bioimages.vanderbilt.edu/gq/baskauf/ggltr--tw66155.jpg,twig,twig,0.577017187765603,"[""twig"", ""fruit"", ""leaf""]",True,True
EfficientNet-B0,efficientnet_b0,species_disjoint,organ_tag,baskauf/66156,baskauf_66156.jpg,ind-baskauf/66133,Gleditsia triacanthos,twig,twig,orientation of petioles,https://bioimages.vanderbilt.edu/tn/baskauf/tgltr--tw66156.jpg,https://bioimages.vanderbilt.edu/gq/baskauf/ggltr--tw66156.jpg,twig,twig,0.6264652906599455,"[""twig"", ""fruit"", ""flower""]",True,True
EfficientNet-B0,efficientnet_b0,species_disjoint,organ_tag,baskauf/66157,baskauf_66157.jpg,ind-baskauf/66133,Gleditsia triacanthos,twig,twig,orientation of petioles,https://bioimages.vanderbilt.edu/tn/baskauf/tgltr--tw66157.jpg,https://bioimages.vanderbilt.edu/gq/baskauf/ggltr--tw66157.jpg,twig,twig,0.7952647588819087,"[""twig"", ""fruit"", ""flower""]",True,True
EfficientNet-B0,efficientnet_b0,species_disjoint,organ_tag,baskauf/66159,baskauf_66159.jpg,ind-baskauf/66133,Gleditsia triacanthos,twig,twig,orientation of petioles,https://bioimages.vanderbilt.edu/tn/baskauf/tgltr--twdevel-thorns66159.jpg,https://bioimages.vanderbilt.edu/gq/baskauf/ggltr--twdevel-thorns66159.jpg,twig,leaf,0.5320530057815701,"[""leaf"", ""needle"", ""twig""]",False,True
EfficientNet-B0,efficientnet_b0,species_disjoint,organ_tag,baskauf/66161,baskauf_66161.jpg,ind-baskauf/66133,Gleditsia triacanthos,twig,twig,orientation of petioles,https://bioimages.vanderbilt.edu/tn/baskauf/tgltr--twthorns66161.jpg,https://bioimages.vanderbilt.edu/gq/baskauf/ggltr--twthorns66161.jpg,twig,twig,0.5611739504934263,"[""twig"", ""fruit"", ""leaf""]",True,True
EfficientNet-B0,efficientnet_b0,species_disjoint,organ_tag,baskauf/66147,baskauf_66147.jpg,ind-baskauf/66133,Gleditsia triacanthos,whole plant,whole tree (or vine),general,https://bioimages.vanderbilt.edu/tn/baskauf/tgltr--wp66147.jpg,https://bioimages.vanderbilt.edu/gq/baskauf/ggltr--wp66147.jpg,whole plant,whole plant,0.8754100107247462,"[""whole plant"", ""flower"", ""cone""]",True,True
EfficientNet-B0,efficientnet_b0,species_disjoint,organ_tag,baskauf/66181,baskauf_66181.jpg,ind-baskauf/66180,Gleditsia triacanthos,bark,bark,of a medium tree or large branch,https://bioimages.vanderbilt.edu/tn/baskauf/tgltr--brmedium66181.jpg,https://bioimages.vanderbilt.edu/gq/baskauf/ggltr--brmedium66181.jpg,bark,twig,0.15002852649462675,"[""twig"", ""fruit"", ""seed""]",False,False
EfficientNet-B0,efficientnet_b0,species_disjoint,organ_tag,baskauf/66182,baskauf_66182.jpg,ind-baskauf/66180,Gleditsia triacanthos,bark,bark,of a medium tree or large branch,https://bioimages.vanderbilt.edu/tn/baskauf/tgltr--brmedium66182.jpg,https://bioimages.vanderbilt.edu/gq/baskauf/ggltr--brmedium66182.jpg,bark,bark,0.35249724350574047,"[""bark"", ""twig"", ""leaf""]",True,True
EfficientNet-B0,efficientnet_b0,species_disjoint,organ_tag,baskauf/66185,baskauf_66185.jpg,ind-baskauf/66180,Gleditsia triacanthos,flower,inflorescence,frontal view of flower,https://bioimages.vanderbilt.edu/tn/baskauf/tgltr--flmale-front66185.jpg,https://bioimages.vanderbilt.edu/gq/baskauf/ggltr--flmale-front66185.jpg,flower,flower,0.6446128190913379,"[""flower"", ""cone"", ""fruit""]",True,True
EfficientNet-B0,efficientnet_b0,species_disjoint,organ_tag,baskauf/66188,baskauf_66188.jpg,ind-baskauf/66180,Gleditsia triacanthos,flower,inflorescence,frontal view of flower,https://bioimages.vanderbilt.edu/tn/baskauf/tgltr--flmale-front66188.jpg,https://bioimages.vanderbilt.edu/gq/baskauf/ggltr--flmale-front66188.jpg,flower,flower,0.6062595059010825,"[""flower"", ""fruit"", ""cone""]",True,True
EfficientNet-B0,efficientnet_b0,species_disjoint,organ_tag,baskauf/66187,baskauf_66187.jpg,ind-baskauf/66180,Gleditsia triacanthos,flower,inflorescence,lateral view of flower,https://bioimages.vanderbilt.edu/tn/baskauf/tgltr--flmale-side66187.jpg,https://bioimages.vanderbilt.edu/gq/baskauf/ggltr--flmale-side66187.jpg,flower,flower,0.42906371372701985,"[""flower"", ""cone"", ""fruit""]",True,True
EfficientNet-B0,efficientnet_b0,species_disjoint,organ_tag,baskauf/66183,baskauf_66183.jpg,ind-baskauf/66180,Gleditsia triacanthos,flower,inflorescence,whole - male,https://bioimages.vanderbilt.edu/tn/baskauf/tgltr--flmale-distant66183.jpg,https://bioimages.vanderbilt.edu/gq/baskauf/ggltr--flmale-distant66183.jpg,flower,fruit,0.37571959489214657,"[""fruit"", ""flower"", ""cone""]",False,True
EfficientNet-B0,efficientnet_b0,species_disjoint,organ_tag,baskauf/66184,baskauf_66184.jpg,ind-baskauf/66180,Gleditsia triacanthos,flower,inflorescence,whole - male,https://bioimages.vanderbilt.edu/tn/baskauf/tgltr--flmale-inflor66184.jpg,https://bioimages.vanderbilt.edu/gq/baskauf/ggltr--flmale-inflor66184.jpg,flower,flower,0.6086683354118284,"[""flower"", ""fruit"", ""cone""]",True,True
EfficientNet-B0,efficientnet_b0,species_disjoint,organ_tag,baskauf/66191,baskauf_66191.jpg,ind-baskauf/66180,Gleditsia triacanthos,flower,inflorescence,whole - male,https://bioimages.vanderbilt.edu/tn/baskauf/tgltr--flmale-distant66191.jpg,https://bioimages.vanderbilt.edu/gq/baskauf/ggltr--flmale-distant66191.jpg,flower,cone,0.29826916406999116,"[""cone"", ""fruit"", ""flower""]",False,True
EfficientNet-B0,efficientnet_b0,species_disjoint,organ_tag,baskauf/66192,baskauf_66192.jpg,ind-baskauf/66180,Gleditsia triacanthos,flower,inflorescence,whole - male,https://bioimages.vanderbilt.edu/tn/baskauf/tgltr--flmale66192.jpg,https://bioimages.vanderbilt.edu/gq/baskauf/ggltr--flmale66192.jpg,flower,flower,0.6407660138442042,"[""flower"", ""cone"", ""fruit""]",True,True
EfficientNet-B0,efficientnet_b0,species_disjoint,organ_tag,baskauf/66190,baskauf_66190.jpg,ind-baskauf/66180,Gleditsia triacanthos,twig,twig,orientation of petioles,https://bioimages.vanderbilt.edu/tn/baskauf/tgltr--twthorn66190.jpg,https://bioimages.vanderbilt.edu/gq/baskauf/ggltr--twthorn66190.jpg,twig,fruit,0.26464102276904045,"[""fruit"", ""twig"", ""flower""]",False,True
EfficientNet-B0,efficientnet_b0,species_disjoint,organ_tag,baskauf/66180,baskauf_66180.jpg,ind-baskauf/66180,Gleditsia triacanthos,whole plant,whole tree (or vine),general,https://bioimages.vanderbilt.edu/tn/baskauf/tgltr--wp66180.jpg,https://bioimages.vanderbilt.edu/gq/baskauf/ggltr--wp66180.jpg,whole plant,whole plant,0.9120535776944604,"[""whole plant"", ""cone"", ""flower""]",True,True
EfficientNet-B0,efficientnet_b0,species_disjoint,organ_tag,baskauf/51771,baskauf_51771.jpg,ind-baskauf/51771,Gleditsia triacanthos,flower,inflorescence,unspecified,https://bioimages.vanderbilt.edu/tn/baskauf/tgltr--flbuds51771.jpg,https://bioimages.vanderbilt.edu/gq/baskauf/ggltr--flbuds51771.jpg,flower,flower,0.5055581178834846,"[""flower"", ""cone"", ""fruit""]",True,True
EfficientNet-B0,efficientnet_b0,species_disjoint,organ_tag,baskauf/66166,baskauf_66166.jpg,ind-baskauf/66164,Gleditsia triacanthos,fruit,fruit,immature,https://bioimages.vanderbilt.edu/tn/baskauf/tgltr--frdevel-distant66166.jpg,https://bioimages.vanderbilt.edu/gq/baskauf/ggltr--frdevel-distant66166.jpg,fruit,flower,0.635887983098431,"[""flower"", ""fruit"", ""cone""]",False,True
EfficientNet-B0,efficientnet_b0,species_disjoint,organ_tag,baskauf/66167,baskauf_66167.jpg,ind-baskauf/66164,Gleditsia triacanthos,fruit,fruit,immature,https://bioimages.vanderbilt.edu/tn/baskauf/tgltr--frdevel-infruct66167.jpg,https://bioimages.vanderbilt.edu/gq/baskauf/ggltr--frdevel-infruct66167.jpg,fruit,flower,0.3995875919802055,"[""flower"", ""fruit"", ""cone""]",False,True
EfficientNet-B0,efficientnet_b0,species_disjoint,organ_tag,baskauf/66168,baskauf_66168.jpg,ind-baskauf/66164,Gleditsia triacanthos,fruit,fruit,immature,https://bioimages.vanderbilt.edu/tn/baskauf/tgltr--frdevel-infruct66168.jpg,https://bioimages.vanderbilt.edu/gq/baskauf/ggltr--frdevel-infruct66168.jpg,fruit,flower,0.6944908743396061,"[""flower"", ""cone"", ""fruit""]",False,True
EfficientNet-B0,efficientnet_b0,species_disjoint,organ_tag,baskauf/66169,baskauf_66169.jpg,ind-baskauf/66164,Gleditsia triacanthos,fruit,fruit,immature,https://bioimages.vanderbilt.edu/tn/baskauf/tgltr--frdevel66169.jpg,https://bioimages.vanderbilt.edu/gq/baskauf/ggltr--frdevel66169.jpg,fruit,flower,0.6269275301339002,"[""flower"", ""fruit"", ""cone""]",False,True
EfficientNet-B0,efficientnet_b0,species_disjoint,organ_tag,baskauf/66170,baskauf_66170.jpg,ind-baskauf/66164,Gleditsia triacanthos,fruit,fruit,immature,https://bioimages.vanderbilt.edu/tn/baskauf/tgltr--frdevel66170.jpg,https://bioimages.vanderbilt.edu/gq/baskauf/ggltr--frdevel66170.jpg,fruit,flower,0.680462940376909,"[""flower"", ""fruit"", ""cone""]",False,True
EfficientNet-B0,efficientnet_b0,species_disjoint,organ_tag,baskauf/66175,baskauf_66175.jpg,ind-baskauf/66164,Gleditsia triacanthos,leaf,leaf,margin of upper + lower surface,https://bioimages.vanderbilt.edu/tn/baskauf/tgltr--lfmargin-uplow66175.jpg,https://bioimages.vanderbilt.edu/gq/baskauf/ggltr--lfmargin-uplow66175.jpg,leaf,leaf,0.8888236127076138,"[""leaf"", ""needle"", ""twig""]",True,True
EfficientNet-B0,efficientnet_b0,species_disjoint,organ_tag,baskauf/66172,baskauf_66172.jpg,ind-baskauf/66164,Gleditsia triacanthos,leaf,leaf,whole upper surface,https://bioimages.vanderbilt.edu/tn/baskauf/tgltr--lfboth-types66172.jpg,https://bioimages.vanderbilt.edu/gq/baskauf/ggltr--lfboth-types66172.jpg,leaf,leaf,0.47706001268319786,"[""leaf"", ""whole plant"", ""flower""]",True,True
EfficientNet-B0,efficientnet_b0,species_disjoint,organ_tag,baskauf/66176,baskauf_66176.jpg,ind-baskauf/66164,Gleditsia triacanthos,leaf,leaf,whole upper surface,https://bioimages.vanderbilt.edu/tn/baskauf/tgltr--lfpinnate66176.jpg,https://bioimages.vanderbilt.edu/gq/baskauf/ggltr--lfpinnate66176.jpg,leaf,leaf,0.7200624453350564,"[""leaf"", ""needle"", ""cone""]",True,True
EfficientNet-B0,efficientnet_b0,species_disjoint,organ_tag,baskauf/66178,baskauf_66178.jpg,ind-baskauf/66164,Gleditsia triacanthos,leaf,leaf,whole upper surface,https://bioimages.vanderbilt.edu/tn/baskauf/tgltr--lfbipinnate66178.jpg,https://bioimages.vanderbilt.edu/gq/baskauf/ggltr--lfbipinnate66178.jpg,leaf,leaf,0.6147419935405396,"[""leaf"", ""fruit"", ""twig""]",True,True
EfficientNet-B0,efficientnet_b0,species_disjoint,organ_tag,baskauf/66173,baskauf_66173.jpg,ind-baskauf/66164,Gleditsia triacanthos,twig,twig,orientation of petioles,https://bioimages.vanderbilt.edu/tn/baskauf/tgltr--twthorns66173.jpg,https://bioimages.vanderbilt.edu/gq/baskauf/ggltr--twthorns66173.jpg,twig,twig,0.5038894562848018,"[""twig"", ""leaf"", ""fruit""]",True,True
EfficientNet-B0,efficientnet_b0,species_disjoint,organ_tag,baskauf/66174,baskauf_66174.jpg,ind-baskauf/66164,Gleditsia triacanthos,twig,twig,orientation of petioles,https://bioimages.vanderbilt.edu/tn/baskauf/tgltr--tw66174.jpg,https://bioimages.vanderbilt.edu/gq/baskauf/ggltr--tw66174.jpg,twig,twig,0.7510774090222858,"[""twig"", ""fruit"", ""leaf""]",True,True
EfficientNet-B0,efficientnet_b0,species_disjoint,organ_tag,baskauf/66164,baskauf_66164.jpg,ind-baskauf/66164,Gleditsia triacanthos,whole plant,whole tree (or vine),view up trunk,https://bioimages.vanderbilt.edu/tn/baskauf/tgltr--wplookup66164.jpg,https://bioimages.vanderbilt.edu/gq/baskauf/ggltr--wplookup66164.jpg,whole plant,whole plant,0.5923280223077572,"[""whole plant"", ""cone"", ""flower""]",True,True
EfficientNet-B0,efficientnet_b0,species_disjoint,organ_tag,baskauf/21602,baskauf_21602.jpg,ind-baskauf/21594,Gleditsia triacanthos,leaf,leaf,showing orientation on twig,https://bioimages.vanderbilt.edu/tn/baskauf/tgltr--lf21602.jpg,https://bioimages.vanderbilt.edu/gq/baskauf/ggltr--lf21602.jpg,leaf,flower,0.4848654084058673,"[""flower"", ""cone"", ""fruit""]",False,False
EfficientNet-B0,efficientnet_b0,species_disjoint,organ_tag,baskauf/21595,baskauf_21595.jpg,ind-baskauf/21594,Gleditsia triacanthos,twig,twig,orientation of petioles,https://bioimages.vanderbilt.edu/tn/baskauf/tgltr--tw21595.jpg,https://bioimages.vanderbilt.edu/gq/baskauf/ggltr--tw21595.jpg,twig,twig,0.9093959081842148,"[""twig"", ""cone"", ""flower""]",True,True
EfficientNet-B0,efficientnet_b0,species_disjoint,organ_tag,baskauf/21592,baskauf_21592.jpg,ind-baskauf/21594,Gleditsia triacanthos,whole plant,whole tree (or vine),view up trunk,https://bioimages.vanderbilt.edu/tn/baskauf/taegl--wplookup21592.jpg,https://bioimages.vanderbilt.edu/gq/baskauf/gaegl--wplookup21592.jpg,whole plant,whole plant,0.7654981644591179,"[""whole plant"", ""cone"", ""fruit""]",True,True
EfficientNet-B0,efficientnet_b0,species_disjoint,organ_tag,baskauf/38435,baskauf_38435.jpg,ind-baskauf/38435,Gleditsia triacanthos,twig,twig,orientation of petioles,https://bioimages.vanderbilt.edu/tn/baskauf/tgltr--twthorns38435.jpg,https://bioimages.vanderbilt.edu/gq/baskauf/ggltr--twthorns38435.jpg,twig,twig,0.6031660485005567,"[""twig"", ""fruit"", ""flower""]",True,True
EfficientNet-B0,efficientnet_b0,species_disjoint,organ_tag,baskauf/38436,baskauf_38436.jpg,ind-baskauf/38435,Gleditsia triacanthos,twig,twig,orientation of petioles,https://bioimages.vanderbilt.edu/tn/baskauf/tgltr--twthorn38436.jpg,https://bioimages.vanderbilt.edu/gq/baskauf/ggltr--twthorn38436.jpg,twig,twig,0.5126137641593478,"[""twig"", ""fruit"", ""flower""]",True,True
EfficientNet-B0,efficientnet_b0,species_disjoint,organ_tag,baskauf/38439,baskauf_38439.jpg,ind-baskauf/38435,Gleditsia triacanthos,twig,twig,orientation of petioles,https://bioimages.vanderbilt.edu/tn/baskauf/tgltr--twthorns38439.jpg,https://bioimages.vanderbilt.edu/gq/baskauf/ggltr--twthorns38439.jpg,twig,twig,0.5875008136169291,"[""twig"", ""fruit"", ""flower""]",True,True
EfficientNet-B0,efficientnet_b0,species_disjoint,organ_tag,baskauf/10499,baskauf_10499.jpg,vanderbilt/15-227,Quercus rubra,bark,bark,of a large tree,https://bioimages.vanderbilt.edu/tn/baskauf/tquru--br10499.jpg,https://bioimages.vanderbilt.edu/gq/baskauf/gquru--br10499.jpg,bark,bark,0.9157658974528162,"[""bark"", ""whole plant"", ""seed""]",True,True
EfficientNet-B0,efficientnet_b0,species_disjoint,organ_tag,baskauf/13118,baskauf_13118.jpg,vanderbilt/15-227,Quercus rubra,bark,bark,of a large tree,https://bioimages.vanderbilt.edu/tn/baskauf/tquru--brlarge-tree13118.jpg,https://bioimages.vanderbilt.edu/gq/baskauf/gquru--brlarge-tree13118.jpg,bark,bark,0.9450651021039943,"[""bark"", ""whole plant"", ""needle""]",True,True
EfficientNet-B0,efficientnet_b0,species_disjoint,organ_tag,baskauf/18093,baskauf_18093.jpg,vanderbilt/15-227,Quercus rubra,flower,inflorescence,whole - female,https://bioimages.vanderbilt.edu/tn/baskauf/tquru--flmale18093.jpg,https://bioimages.vanderbilt.edu/gq/baskauf/gquru--flmale18093.jpg,flower,flower,0.8424875499651924,"[""flower"", ""cone"", ""fruit""]",True,True
EfficientNet-B0,efficientnet_b0,species_disjoint,organ_tag,baskauf/18096,baskauf_18096.jpg,vanderbilt/15-227,Quercus rubra,flower,inflorescence,whole - female,https://bioimages.vanderbilt.edu/tn/baskauf/tquru--flfemale18096.jpg,https://bioimages.vanderbilt.edu/gq/baskauf/gquru--flfemale18096.jpg,flower,flower,0.7891009716528848,"[""flower"", ""cone"", ""fruit""]",True,True
EfficientNet-B0,efficientnet_b0,species_disjoint,organ_tag,baskauf/10498,baskauf_10498.jpg,vanderbilt/15-227,Quercus rubra,flower,inflorescence,whole - unspecified,https://bioimages.vanderbilt.edu/tn/baskauf/tquru--flin-flower-10498.jpg,https://bioimages.vanderbilt.edu/gq/baskauf/gquru--flin-flower-10498.jpg,flower,fruit,0.3220428664737647,"[""fruit"", ""cone"", ""leaf""]",False,False
EfficientNet-B0,efficientnet_b0,species_disjoint,organ_tag,baskauf/18084,baskauf_18084.jpg,vanderbilt/15-227,Quercus rubra,flower,inflorescence,whole - unspecified,https://bioimages.vanderbilt.edu/tn/baskauf/tquru--flinflor18084.jpg,https://bioimages.vanderbilt.edu/gq/baskauf/gquru--flinflor18084.jpg,flower,flower,0.8663998669428478,"[""flower"", ""cone"", ""fruit""]",True,True
EfficientNet-B0,efficientnet_b0,species_disjoint,organ_tag,baskauf/15999,baskauf_15999.jpg,vanderbilt/15-227,Quercus rubra,fruit,fruit,lateral or general close-up,https://bioimages.vanderbilt.edu/tn/baskauf/tquru--fr15999.jpg,https://bioimages.vanderbilt.edu/gq/baskauf/gquru--fr15999.jpg,fruit,fruit,0.5758744739193192,"[""fruit"", ""cone"", ""twig""]",True,True
EfficientNet-B0,efficientnet_b0,species_disjoint,organ_tag,baskauf/13113,baskauf_13113.jpg,vanderbilt/15-227,Quercus rubra,leaf,leaf,showing orientation on twig,https://bioimages.vanderbilt.edu/tn/baskauf/tquru--lfsun13113.jpg,https://bioimages.vanderbilt.edu/gq/baskauf/gquru--lfsun13113.jpg,leaf,leaf,0.588429815229943,"[""leaf"", ""fruit"", ""twig""]",True,True
EfficientNet-B0,efficientnet_b0,species_disjoint,organ_tag,baskauf/13127,baskauf_13127.jpg,vanderbilt/15-227,Quercus rubra,leaf,leaf,showing orientation on twig,https://bioimages.vanderbilt.edu/tn/baskauf/tquru--lfshade-peti13127.jpg,https://bioimages.vanderbilt.edu/gq/baskauf/gquru--lfshade-peti13127.jpg,leaf,leaf,0.7556577914106152,"[""leaf"", ""fruit"", ""flower""]",True,True
EfficientNet-B0,efficientnet_b0,species_disjoint,organ_tag,baskauf/13145,baskauf_13145.jpg,vanderbilt/15-227,Quercus rubra,leaf,leaf,unspecified,https://bioimages.vanderbilt.edu/tn/baskauf/tquru--lflower-micro13145.jpg,https://bioimages.vanderbilt.edu/gq/baskauf/gquru--lflower-micro13145.jpg,leaf,leaf,0.38083794931181125,"[""leaf"", ""twig"", ""flower""]",True,True
EfficientNet-B0,efficientnet_b0,species_disjoint,organ_tag,baskauf/13151,baskauf_13151.jpg,vanderbilt/15-227,Quercus rubra,leaf,leaf,unspecified,https://bioimages.vanderbilt.edu/tn/baskauf/tquru--lflower-close13151.jpg,https://bioimages.vanderbilt.edu/gq/baskauf/gquru--lflower-close13151.jpg,leaf,leaf,0.40895151009545966,"[""leaf"", ""needle"", ""twig""]",True,True
EfficientNet-B0,efficientnet_b0,species_disjoint,organ_tag,baskauf/13132,baskauf_13132.jpg,vanderbilt/15-227,Quercus rubra,leaf,leaf,whole upper surface,https://bioimages.vanderbilt.edu/tn/baskauf/tquru--lfsun13132.jpg,https://bioimages.vanderbilt.edu/gq/baskauf/gquru--lfsun13132.jpg,leaf,leaf,0.7136905492487716,"[""leaf"", ""cone"", ""fruit""]",True,True
EfficientNet-B0,efficientnet_b0,species_disjoint,organ_tag,baskauf/13155,baskauf_13155.jpg,vanderbilt/15-227,Quercus rubra,twig,twig,close-up winter leaf scar/bud,https://bioimages.vanderbilt.edu/tn/baskauf/tquru--twbud-13155.jpg,https://bioimages.vanderbilt.edu/gq/baskauf/gquru--twbud-13155.jpg,twig,twig,0.2577094076634766,"[""twig"", ""seed"", ""fruit""]",True,True
EfficientNet-B0,efficientnet_b0,species_disjoint,organ_tag,baskauf/13135,baskauf_13135.jpg,vanderbilt/15-227,Quercus rubra,twig,twig,orientation of petioles,https://bioimages.vanderbilt.edu/tn/baskauf/tquru--twsun-peti13135.jpg,https://bioimages.vanderbilt.edu/gq/baskauf/gquru--twsun-peti13135.jpg,twig,twig,0.8621382066413986,"[""twig"", ""leaf"", ""flower""]",True,True
EfficientNet-B0,efficientnet_b0,species_disjoint,organ_tag,baskauf/90884,baskauf_90884.jpg,vanderbilt/15-227,Quercus rubra,whole plant,whole tree (or vine),general,https://bioimages.vanderbilt.edu/tn/baskauf/t90884.jpg,https://bioimages.vanderbilt.edu/gq/baskauf/g90884.jpg,whole plant,whole plant,0.896259477874628,"[""whole plant"", ""leaf"", ""flower""]",True,True
EfficientNet-B0,efficientnet_b0,species_disjoint,organ_tag,baskauf/90889,baskauf_90889.jpg,vanderbilt/15-227,Quercus rubra,whole plant,whole tree (or vine),general,https://bioimages.vanderbilt.edu/tn/baskauf/t90889.jpg,https://bioimages.vanderbilt.edu/gq/baskauf/g90889.jpg,whole plant,whole plant,0.9119255067924682,"[""whole plant"", ""flower"", ""bark""]",True,True
EfficientNet-B0,efficientnet_b0,species_disjoint,organ_tag,baskauf/13122,baskauf_13122.jpg,vanderbilt/15-227,Quercus rubra,whole plant,whole tree (or vine),view up trunk,https://bioimages.vanderbilt.edu/tn/baskauf/tquru--wplookup-lrg13122.jpg,https://bioimages.vanderbilt.edu/gq/baskauf/gquru--wplookup-lrg13122.jpg,whole plant,whole plant,0.518622043448193,"[""whole plant"", ""bark"", ""fruit""]",True,True
EfficientNet-B0,efficientnet_b0,species_disjoint,organ_tag,baskauf/15732,baskauf_15732.jpg,ind-baskauf/15732,Quercus rubra,bark,bark,of a large tree,https://bioimages.vanderbilt.edu/tn/baskauf/tquru--br15732.jpg,https://bioimages.vanderbilt.edu/gq/baskauf/gquru--br15732.jpg,bark,bark,0.9423333805737881,"[""bark"", ""whole plant"", ""needle""]",True,True
EfficientNet-B0,efficientnet_b0,species_disjoint,organ_tag,kirchoff/em2393,kirchoff_em2393.jpg,ind-kirchoff/mason17,Quercus rubra,bark,bark,of a large tree,https://bioimages.vanderbilt.edu/tn/kirchoff/tem2393.jpg,https://bioimages.vanderbilt.edu/gq/kirchoff/gem2393.jpg,bark,bark,0.9661471871403061,"[""bark"", ""whole plant"", ""needle""]",True,True
EfficientNet-B0,efficientnet_b0,species_disjoint,organ_tag,kirchoff/em2394,kirchoff_em2394.jpg,ind-kirchoff/mason17,Quercus rubra,bark,bark,of a large tree,https://bioimages.vanderbilt.edu/tn/kirchoff/tem2394.jpg,https://bioimages.vanderbilt.edu/gq/kirchoff/gem2394.jpg,bark,bark,0.9537154925985155,"[""bark"", ""whole plant"", ""needle""]",True,True
EfficientNet-B0,efficientnet_b0,species_disjoint,organ_tag,kirchoff/em2408,kirchoff_em2408.jpg,ind-kirchoff/mason17,Quercus rubra,leaf,leaf,margin of upper + lower surface,https://bioimages.vanderbilt.edu/tn/kirchoff/tem2408.jpg,https://bioimages.vanderbilt.edu/gq/kirchoff/gem2408.jpg,leaf,leaf,0.8915927910564292,"[""leaf"", ""cone"", ""flower""]",True,True
EfficientNet-B0,efficientnet_b0,species_disjoint,organ_tag,kirchoff/em2409,kirchoff_em2409.jpg,ind-kirchoff/mason17,Quercus rubra,leaf,leaf,margin of upper + lower surface,https://bioimages.vanderbilt.edu/tn/kirchoff/tem2409.jpg,https://bioimages.vanderbilt.edu/gq/kirchoff/gem2409.jpg,leaf,leaf,0.9303862532546868,"[""leaf"", ""twig"", ""fruit""]",True,True
EfficientNet-B0,efficientnet_b0,species_disjoint,organ_tag,kirchoff/em2396,kirchoff_em2396.jpg,ind-kirchoff/mason17,Quercus rubra,leaf,leaf,showing orientation on twig,https://bioimages.vanderbilt.edu/tn/kirchoff/tem2396.jpg,https://bioimages.vanderbilt.edu/gq/kirchoff/gem2396.jpg,leaf,leaf,0.7669369244234192,"[""leaf"", ""flower"", ""needle""]",True,True
EfficientNet-B0,efficientnet_b0,species_disjoint,organ_tag,kirchoff/em2403,kirchoff_em2403.jpg,ind-kirchoff/mason17,Quercus rubra,leaf,leaf,whole upper surface,https://bioimages.vanderbilt.edu/tn/kirchoff/tem2403.jpg,https://bioimages.vanderbilt.edu/gq/kirchoff/gem2403.jpg,leaf,leaf,0.6997750760494278,"[""leaf"", ""needle"", ""cone""]",True,True
EfficientNet-B0,efficientnet_b0,species_disjoint,organ_tag,kirchoff/em2404,kirchoff_em2404.jpg,ind-kirchoff/mason17,Quercus rubra,leaf,leaf,whole upper surface,https://bioimages.vanderbilt.edu/tn/kirchoff/tem2404.jpg,https://bioimages.vanderbilt.edu/gq/kirchoff/gem2404.jpg,leaf,leaf,0.7320829285173892,"[""leaf"", ""needle"", ""cone""]",True,True
EfficientNet-B0,efficientnet_b0,species_disjoint,organ_tag,kirchoff/em2405,kirchoff_em2405.jpg,ind-kirchoff/mason17,Quercus rubra,leaf,leaf,whole upper surface,https://bioimages.vanderbilt.edu/tn/kirchoff/tem2405.jpg,https://bioimages.vanderbilt.edu/gq/kirchoff/gem2405.jpg,leaf,leaf,0.7929513863755522,"[""leaf"", ""needle"", ""cone""]",True,True
EfficientNet-B0,efficientnet_b0,species_disjoint,organ_tag,kirchoff/em2406,kirchoff_em2406.jpg,ind-kirchoff/mason17,Quercus rubra,leaf,leaf,whole upper surface,https://bioimages.vanderbilt.edu/tn/kirchoff/tem2406.jpg,https://bioimages.vanderbilt.edu/gq/kirchoff/gem2406.jpg,leaf,leaf,0.8197433197015376,"[""leaf"", ""needle"", ""cone""]",True,True
EfficientNet-B0,efficientnet_b0,species_disjoint,organ_tag,kirchoff/em2407,kirchoff_em2407.jpg,ind-kirchoff/mason17,Quercus rubra,leaf,leaf,whole upper surface,https://bioimages.vanderbilt.edu/tn/kirchoff/tem2407.jpg,https://bioimages.vanderbilt.edu/gq/kirchoff/gem2407.jpg,leaf,leaf,0.8425476285598016,"[""leaf"", ""needle"", ""cone""]",True,True
EfficientNet-B0,efficientnet_b0,species_disjoint,organ_tag,kirchoff/em2397,kirchoff_em2397.jpg,ind-kirchoff/mason17,Quercus rubra,twig,twig,orientation of petioles,https://bioimages.vanderbilt.edu/tn/kirchoff/tem2397.jpg,https://bioimages.vanderbilt.edu/gq/kirchoff/gem2397.jpg,twig,twig,0.8318280563561444,"[""twig"", ""fruit"", ""leaf""]",True,True
EfficientNet-B0,efficientnet_b0,species_disjoint,organ_tag,kirchoff/em2399,kirchoff_em2399.jpg,ind-kirchoff/mason17,Quercus rubra,twig,twig,orientation of petioles,https://bioimages.vanderbilt.edu/tn/kirchoff/tem2399.jpg,https://bioimages.vanderbilt.edu/gq/kirchoff/gem2399.jpg,twig,twig,0.6575035813464642,"[""twig"", ""fruit"", ""leaf""]",True,True
EfficientNet-B0,efficientnet_b0,species_disjoint,organ_tag,kirchoff/em2401,kirchoff_em2401.jpg,ind-kirchoff/mason17,Quercus rubra,twig,twig,orientation of petioles,https://bioimages.vanderbilt.edu/tn/kirchoff/tem2401.jpg,https://bioimages.vanderbilt.edu/gq/kirchoff/gem2401.jpg,twig,twig,0.8580466411256705,"[""twig"", ""fruit"", ""flower""]",True,True
EfficientNet-B0,efficientnet_b0,species_disjoint,organ_tag,kirchoff/em2402,kirchoff_em2402.jpg,ind-kirchoff/mason17,Quercus rubra,twig,twig,orientation of petioles,https://bioimages.vanderbilt.edu/tn/kirchoff/tem2402.jpg,https://bioimages.vanderbilt.edu/gq/kirchoff/gem2402.jpg,twig,twig,0.35471330365351444,"[""twig"", ""leaf"", ""fruit""]",True,True
EfficientNet-B0,efficientnet_b0,species_disjoint,organ_tag,kirchoff/em2392,kirchoff_em2392.jpg,ind-kirchoff/mason17,Quercus rubra,whole plant,whole tree (or vine),general,https://bioimages.vanderbilt.edu/tn/kirchoff/tem2392.jpg,https://bioimages.vanderbilt.edu/gq/kirchoff/gem2392.jpg,whole plant,whole plant,0.7380498603282293,"[""whole plant"", ""cone"", ""flower""]",True,True
EfficientNet-B0,efficientnet_b0,species_disjoint,organ_tag,kirchoff/em2413,kirchoff_em2413.jpg,ind-kirchoff/mason21,Quercus rubra,bark,bark,of a large tree,https://bioimages.vanderbilt.edu/tn/kirchoff/tem2413.jpg,https://bioimages.vanderbilt.edu/gq/kirchoff/gem2413.jpg,bark,bark,0.48609232721575046,"[""bark"", ""whole plant"", ""twig""]",True,True
EfficientNet-B0,efficientnet_b0,species_disjoint,organ_tag,kirchoff/em2424,kirchoff_em2424.jpg,ind-kirchoff/mason21,Quercus rubra,leaf,leaf,margin of upper + lower surface,https://bioimages.vanderbilt.edu/tn/kirchoff/tem2424.jpg,https://bioimages.vanderbilt.edu/gq/kirchoff/gem2424.jpg,leaf,leaf,0.8038953232018992,"[""leaf"", ""cone"", ""needle""]",True,True
EfficientNet-B0,efficientnet_b0,species_disjoint,organ_tag,kirchoff/em2414,kirchoff_em2414.jpg,ind-kirchoff/mason21,Quercus rubra,leaf,leaf,showing orientation on twig,https://bioimages.vanderbilt.edu/tn/kirchoff/tem2414.jpg,https://bioimages.vanderbilt.edu/gq/kirchoff/gem2414.jpg,leaf,leaf,0.8777071602999986,"[""leaf"", ""twig"", ""needle""]",True,True
EfficientNet-B0,efficientnet_b0,species_disjoint,organ_tag,kirchoff/em2415,kirchoff_em2415.jpg,ind-kirchoff/mason21,Quercus rubra,leaf,leaf,showing orientation on twig,https://bioimages.vanderbilt.edu/tn/kirchoff/tem2415.jpg,https://bioimages.vanderbilt.edu/gq/kirchoff/gem2415.jpg,leaf,leaf,0.8231200939566601,"[""leaf"", ""twig"", ""needle""]",True,True
EfficientNet-B0,efficientnet_b0,species_disjoint,organ_tag,kirchoff/em2420,kirchoff_em2420.jpg,ind-kirchoff/mason21,Quercus rubra,leaf,leaf,whole upper surface,https://bioimages.vanderbilt.edu/tn/kirchoff/tem2420.jpg,https://bioimages.vanderbilt.edu/gq/kirchoff/gem2420.jpg,leaf,leaf,0.9051890696708983,"[""leaf"", ""needle"", ""cone""]",True,True
EfficientNet-B0,efficientnet_b0,species_disjoint,organ_tag,kirchoff/em2421,kirchoff_em2421.jpg,ind-kirchoff/mason21,Quercus rubra,leaf,leaf,whole upper surface,https://bioimages.vanderbilt.edu/tn/kirchoff/tem2421.jpg,https://bioimages.vanderbilt.edu/gq/kirchoff/gem2421.jpg,leaf,leaf,0.8714041837959863,"[""leaf"", ""cone"", ""needle""]",True,True
EfficientNet-B0,efficientnet_b0,species_disjoint,organ_tag,kirchoff/em2422,kirchoff_em2422.jpg,ind-kirchoff/mason21,Quercus rubra,leaf,leaf,whole upper surface,https://bioimages.vanderbilt.edu/tn/kirchoff/tem2422.jpg,https://bioimages.vanderbilt.edu/gq/kirchoff/gem2422.jpg,leaf,leaf,0.9108977182901702,"[""leaf"", ""unspecified"", ""needle""]",True,True
EfficientNet-B0,efficientnet_b0,species_disjoint,organ_tag,kirchoff/em2418,kirchoff_em2418.jpg,ind-kirchoff/mason21,Quercus rubra,twig,twig,orientation of petioles,https://bioimages.vanderbilt.edu/tn/kirchoff/tem2418.jpg,https://bioimages.vanderbilt.edu/gq/kirchoff/gem2418.jpg,twig,twig,0.4008102085904148,"[""twig"", ""leaf"", ""fruit""]",True,True
EfficientNet-B0,efficientnet_b0,species_disjoint,organ_tag,kirchoff/em2412,kirchoff_em2412.jpg,ind-kirchoff/mason21,Quercus rubra,whole plant,whole tree (or vine),general,https://bioimages.vanderbilt.edu/tn/kirchoff/tem2412.jpg,https://bioimages.vanderbilt.edu/gq/kirchoff/gem2412.jpg,whole plant,whole plant,0.9522895855862236,"[""whole plant"", ""cone"", ""bark""]",True,True
EfficientNet-B0,efficientnet_b0,species_disjoint,organ_tag,baskauf/15643,baskauf_15643.jpg,vanderbilt/7-306,Quercus rubra,leaf,leaf,margin of upper + lower surface,https://bioimages.vanderbilt.edu/tn/baskauf/tquru--lfmargin-uplow15643.jpg,https://bioimages.vanderbilt.edu/gq/baskauf/gquru--lfmargin-uplow15643.jpg,leaf,leaf,0.5139540399614697,"[""leaf"", ""twig"", ""fruit""]",True,True
EfficientNet-B0,efficientnet_b0,species_disjoint,organ_tag,baskauf/90969,baskauf_90969.jpg,vanderbilt/7-306,Quercus rubra,whole plant,whole tree (or vine),general,https://bioimages.vanderbilt.edu/tn/baskauf/t90969.jpg,https://bioimages.vanderbilt.edu/gq/baskauf/g90969.jpg,whole plant,whole plant,0.9481745441049193,"[""whole plant"", ""cone"", ""bark""]",True,True
EfficientNet-B0,efficientnet_b0,species_disjoint,organ_tag,baskauf/90972,baskauf_90972.jpg,vanderbilt/7-306,Quercus rubra,whole plant,whole tree (or vine),general,https://bioimages.vanderbilt.edu/tn/baskauf/t90972.jpg,https://bioimages.vanderbilt.edu/gq/baskauf/g90972.jpg,whole plant,whole plant,0.964930202599414,"[""whole plant"", ""cone"", ""bark""]",True,True
EfficientNet-B0,efficientnet_b0,species_disjoint,organ_tag,baskauf/89376,baskauf_89376.jpg,vanderbilt/7-306,Quercus rubra,whole plant,whole tree (or vine),winter,https://bioimages.vanderbilt.edu/tn/baskauf/t89376.jpg,https://bioimages.vanderbilt.edu/gq/baskauf/g89376.jpg,whole plant,whole plant,0.8873730149326835,"[""whole plant"", ""fruit"", ""cone""]",True,True
EfficientNet-B0,efficientnet_b0,species_disjoint,organ_tag,baskauf/90696,baskauf_90696.jpg,ind-baskauf/90696,Quercus rubra,whole plant,whole tree (or vine),general,https://bioimages.vanderbilt.edu/tn/baskauf/t90696.jpg,https://bioimages.vanderbilt.edu/gq/baskauf/g90696.jpg,whole plant,whole plant,0.8456094484114871,"[""whole plant"", ""cone"", ""flower""]",True,True
EfficientNet-B0,efficientnet_b0,species_disjoint,organ_tag,baskauf/90735,baskauf_90735.jpg,vanderbilt/12-112,Quercus rubra,whole plant,whole tree (or vine),general,https://bioimages.vanderbilt.edu/tn/baskauf/t90735.jpg,https://bioimages.vanderbilt.edu/gq/baskauf/g90735.jpg,whole plant,whole plant,0.7999893762209435,"[""whole plant"", ""bark"", ""flower""]",True,True
EfficientNet-B0,efficientnet_b0,species_disjoint,organ_tag,baskauf/90737,baskauf_90737.jpg,vanderbilt/12-112,Quercus rubra,whole plant,whole tree (or vine),view up trunk,https://bioimages.vanderbilt.edu/tn/baskauf/t90737.jpg,https://bioimages.vanderbilt.edu/gq/baskauf/g90737.jpg,whole plant,whole plant,0.8849626535574169,"[""whole plant"", ""cone"", ""bark""]",True,True
EfficientNet-B0,efficientnet_b0,species_disjoint,organ_tag,baskauf/90815,baskauf_90815.jpg,vanderbilt/5-76,Quercus rubra,whole plant,whole tree (or vine),general,https://bioimages.vanderbilt.edu/tn/baskauf/t90815.jpg,https://bioimages.vanderbilt.edu/gq/baskauf/g90815.jpg,whole plant,whole plant,0.9347219135530072,"[""whole plant"", ""cone"", ""flower""]",True,True
EfficientNet-B0,efficientnet_b0,species_disjoint,organ_tag,baskauf/90817,baskauf_90817.jpg,vanderbilt/5-76,Quercus rubra,whole plant,whole tree (or vine),general,https://bioimages.vanderbilt.edu/tn/baskauf/t90817.jpg,https://bioimages.vanderbilt.edu/gq/baskauf/g90817.jpg,whole plant,whole plant,0.9373204501918889,"[""whole plant"", ""cone"", ""flower""]",True,True
EfficientNet-B0,efficientnet_b0,species_disjoint,organ_tag,baskauf/90820,baskauf_90820.jpg,vanderbilt/5-76,Quercus rubra,whole plant,whole tree (or vine),view up trunk,https://bioimages.vanderbilt.edu/tn/baskauf/t90820.jpg,https://bioimages.vanderbilt.edu/gq/baskauf/g90820.jpg,whole plant,whole plant,0.858795106565686,"[""whole plant"", ""bark"", ""cone""]",True,True
EfficientNet-B0,efficientnet_b0,species_disjoint,organ_tag,baskauf/91105,baskauf_91105.jpg,vanderbilt/12-6,Quercus rubra,whole plant,whole tree (or vine),general,https://bioimages.vanderbilt.edu/tn/baskauf/t91105.jpg,https://bioimages.vanderbilt.edu/gq/baskauf/g91105.jpg,whole plant,whole plant,0.9568678975556775,"[""whole plant"", ""cone"", ""flower""]",True,True
EfficientNet-B0,efficientnet_b0,species_disjoint,organ_tag,baskauf/19080,baskauf_19080.jpg,ind-baskauf/19080,Lindera benzoin,bark,bark,of a small tree or small branch,https://bioimages.vanderbilt.edu/tn/baskauf/tlibe3-br19080.jpg,https://bioimages.vanderbilt.edu/gq/baskauf/glibe3-br19080.jpg,bark,bark,0.8521786920884237,"[""bark"", ""twig"", ""cone""]",True,True
EfficientNet-B0,efficientnet_b0,species_disjoint,organ_tag,baskauf/31464,baskauf_31464.jpg,ind-baskauf/31464,Lindera benzoin,flower,inflorescence,lateral view of flower,https://bioimages.vanderbilt.edu/tn/baskauf/tlibe3-fl31464.jpg,https://bioimages.vanderbilt.edu/gq/baskauf/glibe3-fl31464.jpg,flower,flower,0.8345177576249702,"[""flower"", ""twig"", ""cone""]",True,True
EfficientNet-B0,efficientnet_b0,species_disjoint,organ_tag,baskauf/50462,baskauf_50462.jpg,ind-baskauf/50458,Lindera benzoin,flower,inflorescence,lateral view of flower,https://bioimages.vanderbilt.edu/tn/baskauf/tlibe3-fl50462.jpg,https://bioimages.vanderbilt.edu/gq/baskauf/glibe3-fl50462.jpg,flower,flower,0.6458252487662272,"[""flower"", ""twig"", ""fruit""]",True,True
EfficientNet-B0,efficientnet_b0,species_disjoint,organ_tag,baskauf/50460,baskauf_50460.jpg,ind-baskauf/50458,Lindera benzoin,flower,inflorescence,whole - unspecified,https://bioimages.vanderbilt.edu/tn/baskauf/tlibe3-flinflor50460.jpg,https://bioimages.vanderbilt.edu/gq/baskauf/glibe3-flinflor50460.jpg,flower,flower,0.4751740166838097,"[""flower"", ""twig"", ""cone""]",True,True
EfficientNet-B0,efficientnet_b0,species_disjoint,organ_tag,baskauf/50467,baskauf_50467.jpg,ind-baskauf/50458,Lindera benzoin,whole plant,whole tree (or vine),general,https://bioimages.vanderbilt.edu/tn/baskauf/tlibe3-fldistant50467.jpg,https://bioimages.vanderbilt.edu/gq/baskauf/glibe3-fldistant50467.jpg,whole plant,flower,0.22776730681493132,"[""flower"", ""twig"", ""fruit""]",False,False
EfficientNet-B0,efficientnet_b0,species_disjoint,organ_tag,baskauf/17771,baskauf_17771.jpg,ind-baskauf/17766,Lindera benzoin,flower,inflorescence,whole - unspecified,https://bioimages.vanderbilt.edu/tn/baskauf/tlibe3-fl17771.jpg,https://bioimages.vanderbilt.edu/gq/baskauf/glibe3-fl17771.jpg,flower,flower,0.5193748159457443,"[""flower"", ""twig"", ""cone""]",True,True
EfficientNet-B0,efficientnet_b0,species_disjoint,organ_tag,baskauf/15729,baskauf_15729.jpg,ind-baskauf/15729,Lindera benzoin,fruit,fruit,as borne on the plant,https://bioimages.vanderbilt.edu/tn/baskauf/tlibe3-fr15729.jpg,https://bioimages.vanderbilt.edu/gq/baskauf/glibe3-fr15729.jpg,fruit,fruit,0.44268335301889006,"[""fruit"", ""leaf"", ""twig""]",True,True
EfficientNet-B0,efficientnet_b0,species_disjoint,organ_tag,baskauf/15117,baskauf_15117.jpg,ind-baskauf/15117,Lindera benzoin,fruit,fruit,lateral or general close-up,https://bioimages.vanderbilt.edu/tn/baskauf/tlibe3-fr15117.jpg,https://bioimages.vanderbilt.edu/gq/baskauf/glibe3-fr15117.jpg,fruit,fruit,0.5854131148785627,"[""fruit"", ""twig"", ""cone""]",True,True
EfficientNet-B0,efficientnet_b0,species_disjoint,organ_tag,baskauf/29816,baskauf_29816.jpg,ind-baskauf/29815,Lindera benzoin,fruit,fruit,lateral or general close-up,https://bioimages.vanderbilt.edu/tn/baskauf/tlibe3-fr29816.jpg,https://bioimages.vanderbilt.edu/gq/baskauf/glibe3-fr29816.jpg,fruit,fruit,0.7072757932552535,"[""fruit"", ""twig"", ""cone""]",True,True
EfficientNet-B0,efficientnet_b0,species_disjoint,organ_tag,baskauf/52747,baskauf_52747.jpg,ind-baskauf/52741,Lindera benzoin,leaf,leaf,margin of upper + lower surface,https://bioimages.vanderbilt.edu/tn/baskauf/tlibe3-lfmargin-uplow52747.jpg,https://bioimages.vanderbilt.edu/gq/baskauf/glibe3-lfmargin-uplow52747.jpg,leaf,leaf,0.9582651116650462,"[""leaf"", ""twig"", ""flower""]",True,True
EfficientNet-B0,efficientnet_b0,species_disjoint,organ_tag,baskauf/52744,baskauf_52744.jpg,ind-baskauf/52741,Lindera benzoin,leaf,leaf,whole upper surface,https://bioimages.vanderbilt.edu/tn/baskauf/tlibe3-lf52744.jpg,https://bioimages.vanderbilt.edu/gq/baskauf/glibe3-lf52744.jpg,leaf,leaf,0.841637252496147,"[""leaf"", ""needle"", ""fruit""]",True,True
EfficientNet-B0,efficientnet_b0,species_disjoint,organ_tag,baskauf/11019,baskauf_11019.jpg,ind-baskauf/11019,Lindera benzoin,leaf,leaf,showing orientation on twig,https://bioimages.vanderbilt.edu/tn/baskauf/tlibe3-lfseveral11019.jpg,https://bioimages.vanderbilt.edu/gq/baskauf/glibe3-lfseveral11019.jpg,leaf,leaf,0.8924298959084433,"[""leaf"", ""needle"", ""cone""]",True,True
EfficientNet-B0,efficientnet_b0,species_disjoint,organ_tag,baskauf/11699,baskauf_11699.jpg,ind-baskauf/11691,Lindera benzoin,leaf,leaf,showing orientation on twig,https://bioimages.vanderbilt.edu/tn/baskauf/tlibe3-lfseveral11699.jpg,https://bioimages.vanderbilt.edu/gq/baskauf/glibe3-lfseveral11699.jpg,leaf,leaf,0.5563669772313053,"[""leaf"", ""twig"", ""fruit""]",True,True
EfficientNet-B0,efficientnet_b0,species_disjoint,organ_tag,baskauf/11695,baskauf_11695.jpg,ind-baskauf/11691,Lindera benzoin,leaf,leaf,whole upper surface,https://bioimages.vanderbilt.edu/tn/baskauf/tlibe3-lf11695.jpg,https://bioimages.vanderbilt.edu/gq/baskauf/glibe3-lf11695.jpg,leaf,leaf,0.9394854914150617,"[""leaf"", ""twig"", ""needle""]",True,True
EfficientNet-B0,efficientnet_b0,species_disjoint,organ_tag,baskauf/11696,baskauf_11696.jpg,ind-baskauf/11691,Lindera benzoin,twig,twig,close-up winter leaf scar/bud,https://bioimages.vanderbilt.edu/tn/baskauf/tlibe3-tw11696.jpg,https://bioimages.vanderbilt.edu/gq/baskauf/glibe3-tw11696.jpg,twig,twig,0.731627022019019,"[""twig"", ""bark"", ""flower""]",True,True
EfficientNet-B0,efficientnet_b0,species_disjoint,organ_tag,baskauf/11691,baskauf_11691.jpg,ind-baskauf/11691,Lindera benzoin,whole plant,whole tree (or vine),general,https://bioimages.vanderbilt.edu/tn/baskauf/tlibe3-wpsmall11691.jpg,https://bioimages.vanderbilt.edu/gq/baskauf/glibe3-wpsmall11691.jpg,whole plant,whole plant,0.5345343154025433,"[""whole plant"", ""bark"", ""leaf""]",True,True
EfficientNet-B0,efficientnet_b0,species_disjoint,organ_tag,baskauf/29705,baskauf_29705.jpg,ind-baskauf/29705,Lindera benzoin,leaf,leaf,whole upper surface,https://bioimages.vanderbilt.edu/tn/baskauf/tlibe3-lf29705.jpg,https://bioimages.vanderbilt.edu/gq/baskauf/glibe3-lf29705.jpg,leaf,leaf,0.864444755616738,"[""leaf"", ""needle"", ""fruit""]",True,True
EfficientNet-B0,efficientnet_b0,species_disjoint,organ_tag,baskauf/11086,baskauf_11086.jpg,ind-baskauf/11086,Lindera benzoin,whole plant,whole tree (or vine),general,https://bioimages.vanderbilt.edu/tn/baskauf/tlibe3-wpsmall11086.jpg,https://bioimages.vanderbilt.edu/gq/baskauf/glibe3-wpsmall11086.jpg,whole plant,whole plant,0.36543968521335035,"[""whole plant"", ""leaf"", ""cone""]",True,True
EfficientNet-B0,efficientnet_b0,species_disjoint,organ_tag,baskauf/21865,baskauf_21865.jpg,ind-baskauf/21860,Fraxinus quadrangulata,bark,bark,of a medium tree or large branch,https://bioimages.vanderbilt.edu/tn/baskauf/tfrqu--br21865.jpg,https://bioimages.vanderbilt.edu/gq/baskauf/gfrqu--br21865.jpg,bark,bark,0.9449481952192028,"[""bark"", ""whole plant"", ""twig""]",True,True
EfficientNet-B0,efficientnet_b0,species_disjoint,organ_tag,baskauf/30439,baskauf_30439.jpg,ind-baskauf/30435,Fraxinus quadrangulata,fruit,fruit,as borne on the plant,https://bioimages.vanderbilt.edu/tn/baskauf/tfrqu--frinfruct30439.jpg,https://bioimages.vanderbilt.edu/gq/baskauf/gfrqu--frinfruct30439.jpg,fruit,needle,0.2020682786753538,"[""needle"", ""cone"", ""fruit""]",False,True
EfficientNet-B0,efficientnet_b0,species_disjoint,organ_tag,baskauf/30435,baskauf_30435.jpg,ind-baskauf/30435,Fraxinus quadrangulata,fruit,fruit,lateral or general close-up,https://bioimages.vanderbilt.edu/tn/baskauf/tfrqu--fr30435.jpg,https://bioimages.vanderbilt.edu/gq/baskauf/gfrqu--fr30435.jpg,fruit,fruit,0.2342190058932616,"[""fruit"", ""needle"", ""bark""]",True,True
EfficientNet-B0,efficientnet_b0,species_disjoint,organ_tag,baskauf/12768,baskauf_12768.jpg,ind-baskauf/12755,Fraxinus quadrangulata,leaf,leaf,margin of upper + lower surface,https://bioimages.vanderbilt.edu/tn/baskauf/tfrqu--lfmargin-low12768.jpg,https://bioimages.vanderbilt.edu/gq/baskauf/gfrqu--lfmargin-low12768.jpg,leaf,leaf,0.931508163165291,"[""leaf"", ""needle"", ""twig""]",True,True
EfficientNet-B0,efficientnet_b0,species_disjoint,organ_tag,baskauf/12764,baskauf_12764.jpg,ind-baskauf/12755,Fraxinus quadrangulata,leaf,leaf,showing orientation on twig,https://bioimages.vanderbilt.edu/tn/baskauf/tfrqu--lfseveral12764.jpg,https://bioimages.vanderbilt.edu/gq/baskauf/gfrqu--lfseveral12764.jpg,leaf,leaf,0.8234937127458635,"[""leaf"", ""whole plant"", ""needle""]",True,True
EfficientNet-B0,efficientnet_b0,species_disjoint,organ_tag,baskauf/12757,baskauf_12757.jpg,ind-baskauf/12755,Fraxinus quadrangulata,leaf,leaf,whole upper surface,https://bioimages.vanderbilt.edu/tn/baskauf/tfrqu--lf12757.jpg,https://bioimages.vanderbilt.edu/gq/baskauf/gfrqu--lf12757.jpg,leaf,leaf,0.763254418926758,"[""leaf"", ""fruit"", ""twig""]",True,True
EfficientNet-B0,efficientnet_b0,species_disjoint,organ_tag,baskauf/12763,baskauf_12763.jpg,ind-baskauf/12755,Fraxinus quadrangulata,twig,twig,close-up winter terminal bud,https://bioimages.vanderbilt.edu/tn/baskauf/tfrqu--twbuds12763.jpg,https://bioimages.vanderbilt.edu/gq/baskauf/gfrqu--twbuds12763.jpg,twig,twig,0.8551091493269543,"[""twig"", ""fruit"", ""flower""]",True,True
EfficientNet-B0,efficientnet_b0,species_disjoint,organ_tag,baskauf/12760,baskauf_12760.jpg,ind-baskauf/12755,Fraxinus quadrangulata,twig,twig,winter overall,https://bioimages.vanderbilt.edu/tn/baskauf/tfrqu--twwinged12760.jpg,https://bioimages.vanderbilt.edu/gq/baskauf/gfrqu--twwinged12760.jpg,twig,twig,0.8456945427131798,"[""twig"", ""leaf"", ""fruit""]",True,True
EfficientNet-B0,efficientnet_b0,species_disjoint,organ_tag,baskauf/12761,baskauf_12761.jpg,ind-baskauf/12755,Fraxinus quadrangulata,twig,twig,winter overall,https://bioimages.vanderbilt.edu/tn/baskauf/tfrqu--twless-winged12761.jpg,https://bioimages.vanderbilt.edu/gq/baskauf/gfrqu--twless-winged12761.jpg,twig,twig,0.8573319174175961,"[""twig"", ""leaf"", ""fruit""]",True,True
EfficientNet-B0,efficientnet_b0,species_disjoint,organ_tag,baskauf/12755,baskauf_12755.jpg,ind-baskauf/12755,Fraxinus quadrangulata,whole plant,whole tree (or vine),general,https://bioimages.vanderbilt.edu/tn/baskauf/tfrqu--wpsmall12755.jpg,https://bioimages.vanderbilt.edu/gq/baskauf/gfrqu--wpsmall12755.jpg,whole plant,whole plant,0.47209785301003165,"[""whole plant"", ""leaf"", ""flower""]",True,True
EfficientNet-B0,efficientnet_b0,species_disjoint,organ_tag,baskauf/2014-08-23-16-40-08,baskauf_2014-08-23-16-40-08.jpg,ind-baskauf/2014-08-23,Fraxinus quadrangulata,leaf,leaf,showing orientation on twig,https://bioimages.vanderbilt.edu/tn/baskauf/t2014-08-23-16-40-08.jpg,https://bioimages.vanderbilt.edu/gq/baskauf/g2014-08-23-16-40-08.jpg,leaf,leaf,0.49511028919525596,"[""leaf"", ""twig"", ""bark""]",True,True
EfficientNet-B0,efficientnet_b0,species_disjoint,organ_tag,baskauf/2014-08-23-16-40-31,baskauf_2014-08-23-16-40-31.jpg,ind-baskauf/2014-08-23,Fraxinus quadrangulata,leaf,leaf,showing orientation on twig,https://bioimages.vanderbilt.edu/tn/baskauf/t2014-08-23-16-40-31.jpg,https://bioimages.vanderbilt.edu/gq/baskauf/g2014-08-23-16-40-31.jpg,leaf,leaf,0.3600331535991172,"[""leaf"", ""twig"", ""flower""]",True,True
EfficientNet-B0,efficientnet_b0,species_disjoint,organ_tag,baskauf/2014-08-23-16-40-51,baskauf_2014-08-23-16-40-51.jpg,ind-baskauf/2014-08-23,Fraxinus quadrangulata,leaf,leaf,whole upper surface,https://bioimages.vanderbilt.edu/tn/baskauf/t2014-08-23-16-40-51.jpg,https://bioimages.vanderbilt.edu/gq/baskauf/g2014-08-23-16-40-51.jpg,leaf,leaf,0.5237002414013775,"[""leaf"", ""whole plant"", ""needle""]",True,True
EfficientNet-B0,efficientnet_b0,species_disjoint,organ_tag,baskauf/2014-08-23-16-39-52,baskauf_2014-08-23-16-39-52.jpg,ind-baskauf/2014-08-23,Fraxinus quadrangulata,whole plant,whole tree (or vine),general,https://bioimages.vanderbilt.edu/tn/baskauf/t2014-08-23-16-39-52.jpg,https://bioimages.vanderbilt.edu/gq/baskauf/g2014-08-23-16-39-52.jpg,whole plant,whole plant,0.6416156206053854,"[""whole plant"", ""bark"", ""needle""]",True,True
EfficientNet-B0,efficientnet_b0,species_disjoint,organ_tag,baskauf/32863,baskauf_32863.jpg,ind-baskauf/32863,Fraxinus quadrangulata,whole plant,whole tree (or vine),general,https://bioimages.vanderbilt.edu/tn/baskauf/tfrqu--lfsmall-plant32863.jpg,https://bioimages.vanderbilt.edu/gq/baskauf/gfrqu--lfsmall-plant32863.jpg,whole plant,leaf,0.6549464588061779,"[""leaf"", ""whole plant"", ""needle""]",False,True
EfficientNet-B0,efficientnet_b0,species_disjoint,organ_tag,baskauf/11435,baskauf_11435.jpg,ind-baskauf/11427,Picea rubens,bark,bark,of a large tree,https://bioimages.vanderbilt.edu/tn/baskauf/tpiru--br11435.jpg,https://bioimages.vanderbilt.edu/gq/baskauf/gpiru--br11435.jpg,bark,bark,0.9132834630371028,"[""bark"", ""whole plant"", ""twig""]",True,True
EfficientNet-B0,efficientnet_b0,species_disjoint,organ_tag,baskauf/11434,baskauf_11434.jpg,ind-baskauf/11427,Picea rubens,needle,leaf,entire needle,https://bioimages.vanderbilt.edu/tn/baskauf/tpiru--lfclose11434.jpg,https://bioimages.vanderbilt.edu/gq/baskauf/gpiru--lfclose11434.jpg,needle,needle,0.3305221924676432,"[""needle"", ""cone"", ""leaf""]",True,True
EfficientNet-B0,efficientnet_b0,species_disjoint,organ_tag,baskauf/11430,baskauf_11430.jpg,ind-baskauf/11427,Picea rubens,needle,leaf,showing orientation on twig,https://bioimages.vanderbilt.edu/tn/baskauf/tpiru--lfseveral11430.jpg,https://bioimages.vanderbilt.edu/gq/baskauf/gpiru--lfseveral11430.jpg,needle,needle,0.2699748848341438,"[""needle"", ""cone"", ""leaf""]",True,True
EfficientNet-B0,efficientnet_b0,species_disjoint,organ_tag,baskauf/11432,baskauf_11432.jpg,ind-baskauf/11427,Picea rubens,twig,twig,showing attachment of needles,https://bioimages.vanderbilt.edu/tn/baskauf/tpiru--tw11432.jpg,https://bioimages.vanderbilt.edu/gq/baskauf/gpiru--tw11432.jpg,twig,cone,0.3228470975061724,"[""cone"", ""twig"", ""fruit""]",False,True
EfficientNet-B0,efficientnet_b0,species_disjoint,organ_tag,baskauf/11427,baskauf_11427.jpg,ind-baskauf/11427,Picea rubens,whole plant,whole tree,general,https://bioimages.vanderbilt.edu/tn/baskauf/tpiru--wplarge11427.jpg,https://bioimages.vanderbilt.edu/gq/baskauf/gpiru--wplarge11427.jpg,whole plant,whole plant,0.8306779518269756,"[""whole plant"", ""cone"", ""flower""]",True,True
EfficientNet-B0,efficientnet_b0,species_disjoint,organ_tag,baskauf/38128,baskauf_38128.jpg,ind-baskauf/38128,Picea rubens,cone,cone,female - closed,https://bioimages.vanderbilt.edu/tn/baskauf/tpiru--coseveral38128.jpg,https://bioimages.vanderbilt.edu/gq/baskauf/gpiru--coseveral38128.jpg,cone,cone,0.5824563766882025,"[""cone"", ""fruit"", ""seed""]",True,True
EfficientNet-B0,efficientnet_b0,species_disjoint,organ_tag,baskauf/38132,baskauf_38132.jpg,ind-baskauf/38128,Picea rubens,cone,cone,female - closed,https://bioimages.vanderbilt.edu/tn/baskauf/tpiru--co38132.jpg,https://bioimages.vanderbilt.edu/gq/baskauf/gpiru--co38132.jpg,cone,cone,0.4605130362342451,"[""cone"", ""fruit"", ""bark""]",True,True
EfficientNet-B0,efficientnet_b0,species_disjoint,organ_tag,baskauf/26131,baskauf_26131.jpg,ind-baskauf/26128,Picea rubens,needle,leaf,showing orientation on twig,https://bioimages.vanderbilt.edu/tn/baskauf/tpiru--lf26131.jpg,https://bioimages.vanderbilt.edu/gq/baskauf/gpiru--lf26131.jpg,needle,needle,0.29629622663215355,"[""needle"", ""twig"", ""cone""]",True,True
EfficientNet-B0,efficientnet_b0,species_disjoint,organ_tag,baskauf/22595,baskauf_22595.jpg,ind-baskauf/18967,Amelanchier arborea,bark,bark,of a medium tree or large branch,https://bioimages.vanderbilt.edu/tn/baskauf/tamar3-br22595.jpg,https://bioimages.vanderbilt.edu/gq/baskauf/gamar3-br22595.jpg,bark,bark,0.740844247629508,"[""bark"", ""twig"", ""leaf""]",True,True
EfficientNet-B0,efficientnet_b0,species_disjoint,organ_tag,baskauf/18969,baskauf_18969.jpg,ind-baskauf/18967,Amelanchier arborea,flower,inflorescence,frontal view of flower,https://bioimages.vanderbilt.edu/tn/baskauf/tamar3-flfront18969.jpg,https://bioimages.vanderbilt.edu/gq/baskauf/gamar3-flfront18969.jpg,flower,flower,0.8557304334613166,"[""flower"", ""fruit"", ""needle""]",True,True
EfficientNet-B0,efficientnet_b0,species_disjoint,organ_tag,baskauf/18976,baskauf_18976.jpg,ind-baskauf/18967,Amelanchier arborea,flower,inflorescence,lateral view of flower,https://bioimages.vanderbilt.edu/tn/baskauf/tamar3-flside18976.jpg,https://bioimages.vanderbilt.edu/gq/baskauf/gamar3-flside18976.jpg,flower,flower,0.7164818858703531,"[""flower"", ""fruit"", ""twig""]",True,True
EfficientNet-B0,efficientnet_b0,species_disjoint,organ_tag,baskauf/22607,baskauf_22607.jpg,ind-baskauf/18967,Amelanchier arborea,fruit,fruit,immature,https://bioimages.vanderbilt.edu/tn/baskauf/tamar3-frdevel22607.jpg,https://bioimages.vanderbilt.edu/gq/baskauf/gamar3-frdevel22607.jpg,fruit,fruit,0.5470950186451331,"[""fruit"", ""twig"", ""cone""]",True,True
EfficientNet-B0,efficientnet_b0,species_disjoint,organ_tag,baskauf/22601,baskauf_22601.jpg,ind-baskauf/18967,Amelanchier arborea,twig,twig,winter overall,https://bioimages.vanderbilt.edu/tn/baskauf/tamar3-tw22601.jpg,https://bioimages.vanderbilt.edu/gq/baskauf/gamar3-tw22601.jpg,twig,twig,0.7459363420451213,"[""twig"", ""fruit"", ""cone""]",True,True
EfficientNet-B0,efficientnet_b0,species_disjoint,organ_tag,baskauf/31411,baskauf_31411.jpg,ind-baskauf/31399,Amelanchier arborea,bark,bark,of a medium tree or large branch,https://bioimages.vanderbilt.edu/tn/baskauf/tamar3-br31411.jpg,https://bioimages.vanderbilt.edu/gq/baskauf/gamar3-br31411.jpg,bark,bark,0.899340726078251,"[""bark"", ""twig"", ""cone""]",True,True
EfficientNet-B0,efficientnet_b0,species_disjoint,organ_tag,baskauf/31418,baskauf_31418.jpg,ind-baskauf/31399,Amelanchier arborea,flower,inflorescence,frontal view of flower,https://bioimages.vanderbilt.edu/tn/baskauf/tamar3-fl31418.jpg,https://bioimages.vanderbilt.edu/gq/baskauf/gamar3-fl31418.jpg,flower,flower,0.6925602871600132,"[""flower"", ""fruit"", ""twig""]",True,True
EfficientNet-B0,efficientnet_b0,species_disjoint,organ_tag,baskauf/31421,baskauf_31421.jpg,ind-baskauf/31399,Amelanchier arborea,flower,inflorescence,frontal view of flower,https://bioimages.vanderbilt.edu/tn/baskauf/tamar3-flfront31421.jpg,https://bioimages.vanderbilt.edu/gq/baskauf/gamar3-flfront31421.jpg,flower,flower,0.8368965921008534,"[""flower"", ""fruit"", ""needle""]",True,True
EfficientNet-B0,efficientnet_b0,species_disjoint,organ_tag,baskauf/31425,baskauf_31425.jpg,ind-baskauf/31399,Amelanchier arborea,flower,inflorescence,lateral view of flower,https://bioimages.vanderbilt.edu/tn/baskauf/tamar3-flside31425.jpg,https://bioimages.vanderbilt.edu/gq/baskauf/gamar3-flside31425.jpg,flower,flower,0.3419513715662954,"[""flower"", ""fruit"", ""twig""]",True,True
EfficientNet-B0,efficientnet_b0,species_disjoint,organ_tag,baskauf/31404,baskauf_31404.jpg,ind-baskauf/31399,Amelanchier arborea,flower,inflorescence,whole - unspecified,https://bioimages.vanderbilt.edu/tn/baskauf/tamar3-fldistant31404.jpg,https://bioimages.vanderbilt.edu/gq/baskauf/gamar3-fldistant31404.jpg,flower,whole plant,0.7263042664697859,"[""whole plant"", ""bark"", ""flower""]",False,True
EfficientNet-B0,efficientnet_b0,species_disjoint,organ_tag,baskauf/31412,baskauf_31412.jpg,ind-baskauf/31399,Amelanchier arborea,flower,inflorescence,whole - unspecified,https://bioimages.vanderbilt.edu/tn/baskauf/tamar3-flinflor31412.jpg,https://bioimages.vanderbilt.edu/gq/baskauf/gamar3-flinflor31412.jpg,flower,flower,0.7741357784719455,"[""flower"", ""fruit"", ""twig""]",True,True
EfficientNet-B0,efficientnet_b0,species_disjoint,organ_tag,baskauf/31426,baskauf_31426.jpg,ind-baskauf/31399,Amelanchier arborea,twig,twig,close-up winter terminal bud,https://bioimages.vanderbilt.edu/tn/baskauf/tamar3-tw31426.jpg,https://bioimages.vanderbilt.edu/gq/baskauf/gamar3-tw31426.jpg,twig,twig,0.8479939341856692,"[""twig"", ""fruit"", ""cone""]",True,True
EfficientNet-B0,efficientnet_b0,species_disjoint,organ_tag,baskauf/31400,baskauf_31400.jpg,ind-baskauf/31399,Amelanchier arborea,whole plant,whole tree (or vine),winter,https://bioimages.vanderbilt.edu/tn/baskauf/tamar3-wpin-bloom31400.jpg,https://bioimages.vanderbilt.edu/gq/baskauf/gamar3-wpin-bloom31400.jpg,whole plant,whole plant,0.7472606675278396,"[""whole plant"", ""bark"", ""cone""]",True,True
EfficientNet-B0,efficientnet_b0,species_disjoint,organ_tag,baskauf/32481,baskauf_32481.jpg,ind-baskauf/32477,Amelanchier arborea,fruit,fruit,as borne on the plant,https://bioimages.vanderbilt.edu/tn/baskauf/tamar3-frdevel-infruct32481.jpg,https://bioimages.vanderbilt.edu/gq/baskauf/gamar3-frdevel-infruct32481.jpg,fruit,fruit,0.418996392722933,"[""fruit"", ""leaf"", ""flower""]",True,True
EfficientNet-B0,efficientnet_b0,species_disjoint,organ_tag,baskauf/32478,baskauf_32478.jpg,ind-baskauf/32477,Amelanchier arborea,fruit,fruit,immature,https://bioimages.vanderbilt.edu/tn/baskauf/tamar3-frdevel32478.jpg,https://bioimages.vanderbilt.edu/gq/baskauf/gamar3-frdevel32478.jpg,fruit,fruit,0.4885097077265217,"[""fruit"", ""twig"", ""cone""]",True,True
EfficientNet-B0,efficientnet_b0,species_disjoint,organ_tag,baskauf/32482,baskauf_32482.jpg,ind-baskauf/32477,Amelanchier arborea,leaf,leaf,whole upper surface,https://bioimages.vanderbilt.edu/tn/baskauf/tamar3-lf32482.jpg,https://bioimages.vanderbilt.edu/gq/baskauf/gamar3-lf32482.jpg,leaf,leaf,0.557904975312564,"[""leaf"", ""fruit"", ""needle""]",True,True
EfficientNet-B0,efficientnet_b0,species_disjoint,organ_tag,baskauf/34159,baskauf_34159.jpg,ind-baskauf/34156,Amelanchier arborea,fruit,fruit,as borne on the plant,https://bioimages.vanderbilt.edu/tn/baskauf/tamar3-frdistant34159.jpg,https://bioimages.vanderbilt.edu/gq/baskauf/gamar3-frdistant34159.jpg,fruit,fruit,0.48338429869251615,"[""fruit"", ""twig"", ""flower""]",True,True
EfficientNet-B0,efficientnet_b0,species_disjoint,organ_tag,baskauf/34165,baskauf_34165.jpg,ind-baskauf/34156,Amelanchier arborea,fruit,fruit,lateral or general close-up,https://bioimages.vanderbilt.edu/tn/baskauf/tamar3-fr34165.jpg,https://bioimages.vanderbilt.edu/gq/baskauf/gamar3-fr34165.jpg,fruit,fruit,0.6932246842210334,"[""fruit"", ""twig"", ""flower""]",True,True
EfficientNet-B0,efficientnet_b0,species_disjoint,organ_tag,baskauf/32123,baskauf_32123.jpg,ind-baskauf/32120,Amelanchier arborea,leaf,leaf,whole upper surface,https://bioimages.vanderbilt.edu/tn/baskauf/tamar3-lfyoung32123.jpg,https://bioimages.vanderbilt.edu/gq/baskauf/gamar3-lfyoung32123.jpg,leaf,leaf,0.4940734201857517,"[""leaf"", ""flower"", ""needle""]",True,True
EfficientNet-B0,efficientnet_b0,species_disjoint,organ_tag,baskauf/11066,baskauf_11066.jpg,ind-baskauf/11064,Populus deltoides,bark,bark,of a large tree,https://bioimages.vanderbilt.edu/tn/baskauf/tpode3-brlarge11066.jpg,https://bioimages.vanderbilt.edu/gq/baskauf/gpode3-brlarge11066.jpg,bark,bark,0.6590703032737153,"[""bark"", ""whole plant"", ""cone""]",True,True
EfficientNet-B0,efficientnet_b0,species_disjoint,organ_tag,baskauf/11064,baskauf_11064.jpg,ind-baskauf/11064,Populus deltoides,fruit,fruit,as borne on the plant,https://bioimages.vanderbilt.edu/tn/baskauf/tpode3-frin-fruit11064.jpg,https://bioimages.vanderbilt.edu/gq/baskauf/gpode3-frin-fruit11064.jpg,fruit,flower,0.37165884152595025,"[""flower"", ""whole plant"", ""fruit""]",False,True
EfficientNet-B0,efficientnet_b0,species_disjoint,organ_tag,baskauf/11070,baskauf_11070.jpg,ind-baskauf/11064,Populus deltoides,leaf,leaf,whole upper surface,https://bioimages.vanderbilt.edu/tn/baskauf/tpode3-lf11070.jpg,https://bioimages.vanderbilt.edu/gq/baskauf/gpode3-lf11070.jpg,leaf,leaf,0.8076119882376331,"[""leaf"", ""flower"", ""fruit""]",True,True
EfficientNet-B0,efficientnet_b0,species_disjoint,organ_tag,baskauf/31457,baskauf_31457.jpg,ind-baskauf/31457,Populus deltoides,flower,inflorescence,whole - female,https://bioimages.vanderbilt.edu/tn/baskauf/tpode3-flfemale-dist31457.jpg,https://bioimages.vanderbilt.edu/gq/baskauf/gpode3-flfemale-dist31457.jpg,flower,fruit,0.3803015081304822,"[""fruit"", ""whole plant"", ""flower""]",False,True
EfficientNet-B0,efficientnet_b0,species_disjoint,organ_tag,baskauf/31459,baskauf_31459.jpg,ind-baskauf/31457,Populus deltoides,flower,inflorescence,whole - female,https://bioimages.vanderbilt.edu/tn/baskauf/tpode3-flfemale-close31459.jpg,https://bioimages.vanderbilt.edu/gq/baskauf/gpode3-flfemale-close31459.jpg,flower,flower,0.7452998859098161,"[""flower"", ""leaf"", ""fruit""]",True,True
EfficientNet-B0,efficientnet_b0,species_disjoint,organ_tag,baskauf/31462,baskauf_31462.jpg,ind-baskauf/31457,Populus deltoides,flower,inflorescence,whole - female,https://bioimages.vanderbilt.edu/tn/baskauf/tpode3-flfemale31462.jpg,https://bioimages.vanderbilt.edu/gq/baskauf/gpode3-flfemale31462.jpg,flower,flower,0.7758553815914089,"[""flower"", ""whole plant"", ""needle""]",True,True
EfficientNet-B0,efficientnet_b0,species_disjoint,organ_tag,baskauf/31433,baskauf_31433.jpg,ind-baskauf/31433,Populus deltoides,flower,inflorescence,whole - male,https://bioimages.vanderbilt.edu/tn/baskauf/tpode3-flmale-distant31433.jpg,https://bioimages.vanderbilt.edu/gq/baskauf/gpode3-flmale-distant31433.jpg,flower,fruit,0.5275131770343864,"[""fruit"", ""cone"", ""leaf""]",False,False
EfficientNet-B0,efficientnet_b0,species_disjoint,organ_tag,baskauf/31447,baskauf_31447.jpg,ind-baskauf/31433,Populus deltoides,flower,inflorescence,whole - male,https://bioimages.vanderbilt.edu/tn/baskauf/tpode3-flmale31447.jpg,https://bioimages.vanderbilt.edu/gq/baskauf/gpode3-flmale31447.jpg,flower,cone,0.21973752022262494,"[""cone"", ""fruit"", ""flower""]",False,True
EfficientNet-B0,efficientnet_b0,species_disjoint,organ_tag,baskauf/31453,baskauf_31453.jpg,ind-baskauf/31433,Populus deltoides,flower,inflorescence,whole - male,https://bioimages.vanderbilt.edu/tn/baskauf/tpode3-flmale-close31453.jpg,https://bioimages.vanderbilt.edu/gq/baskauf/gpode3-flmale-close31453.jpg,flower,flower,0.7539721554620572,"[""flower"", ""fruit"", ""cone""]",True,True
EfficientNet-B0,efficientnet_b0,species_disjoint,organ_tag,baskauf/31468,baskauf_31468.jpg,ind-baskauf/31433,Populus deltoides,flower,inflorescence,whole - male,https://bioimages.vanderbilt.edu/tn/baskauf/tpode3-flmale-pollen31468.jpg,https://bioimages.vanderbilt.edu/gq/baskauf/gpode3-flmale-pollen31468.jpg,flower,flower,0.29852729224744057,"[""flower"", ""fruit"", ""cone""]",True,True
EfficientNet-B0,efficientnet_b0,species_disjoint,organ_tag,baskauf/11054,baskauf_11054.jpg,ind-baskauf/11053,Populus deltoides,fruit,fruit,as borne on the plant,https://bioimages.vanderbilt.edu/tn/baskauf/tpode3-frin-fruit11054.jpg,https://bioimages.vanderbilt.edu/gq/baskauf/gpode3-frin-fruit11054.jpg,fruit,whole plant,0.4528651958193649,"[""whole plant"", ""cone"", ""fruit""]",False,True
EfficientNet-B0,efficientnet_b0,species_disjoint,organ_tag,baskauf/11053,baskauf_11053.jpg,ind-baskauf/11053,Populus deltoides,fruit,fruit,section or open,https://bioimages.vanderbilt.edu/tn/baskauf/tpode3-fr11053.jpg,https://bioimages.vanderbilt.edu/gq/baskauf/gpode3-fr11053.jpg,fruit,flower,0.397888811425611,"[""flower"", ""fruit"", ""cone""]",False,True
EfficientNet-B0,efficientnet_b0,species_disjoint,organ_tag,baskauf/15343,baskauf_15343.jpg,ind-baskauf/15335,Populus deltoides,leaf,leaf,margin of upper + lower surface,https://bioimages.vanderbilt.edu/tn/baskauf/tpode3-lfmargin-uplow15343.jpg,https://bioimages.vanderbilt.edu/gq/baskauf/gpode3-lfmargin-uplow15343.jpg,leaf,leaf,0.8042654658486903,"[""leaf"", ""twig"", ""flower""]",True,True
EfficientNet-B0,efficientnet_b0,species_disjoint,organ_tag,baskauf/15339,baskauf_15339.jpg,ind-baskauf/15335,Populus deltoides,leaf,leaf,whole upper surface,https://bioimages.vanderbilt.edu/tn/baskauf/tpode3-lf15339.jpg,https://bioimages.vanderbilt.edu/gq/baskauf/gpode3-lf15339.jpg,leaf,leaf,0.9467515421015187,"[""leaf"", ""twig"", ""needle""]",True,True
EfficientNet-B0,efficientnet_b0,species_disjoint,organ_tag,baskauf/15347,baskauf_15347.jpg,ind-baskauf/15335,Populus deltoides,twig,twig,close-up winter leaf scar/bud,https://bioimages.vanderbilt.edu/tn/baskauf/tpode3-tw15347.jpg,https://bioimages.vanderbilt.edu/gq/baskauf/gpode3-tw15347.jpg,twig,twig,0.934837670525816,"[""twig"", ""fruit"", ""cone""]",True,True
EfficientNet-B0,efficientnet_b0,species_disjoint,organ_tag,baskauf/15346,baskauf_15346.jpg,ind-baskauf/15335,Populus deltoides,twig,twig,orientation of petioles,https://bioimages.vanderbilt.edu/tn/baskauf/tpode3-twwinter-buds15346.jpg,https://bioimages.vanderbilt.edu/gq/baskauf/gpode3-twwinter-buds15346.jpg,twig,twig,0.8132249570631437,"[""twig"", ""cone"", ""fruit""]",True,True
EfficientNet-B0,efficientnet_b0,species_disjoint,organ_tag,baskauf/15335,baskauf_15335.jpg,ind-baskauf/15335,Populus deltoides,whole plant,whole tree (or vine),general,https://bioimages.vanderbilt.edu/tn/baskauf/tpode3-wp15335.jpg,https://bioimages.vanderbilt.edu/gq/baskauf/gpode3-wp15335.jpg,whole plant,whole plant,0.9303467149487333,"[""whole plant"", ""cone"", ""fruit""]",True,True
EfficientNet-B0,efficientnet_b0,species_disjoint,organ_tag,baskauf/90802,baskauf_90802.jpg,vanderbilt/8-103,Populus deltoides,whole plant,whole tree (or vine),general,https://bioimages.vanderbilt.edu/tn/baskauf/t90802.jpg,https://bioimages.vanderbilt.edu/gq/baskauf/g90802.jpg,whole plant,whole plant,0.8365827084464662,"[""whole plant"", ""fruit"", ""flower""]",True,True
EfficientNet-B0,efficientnet_b0,species_disjoint,organ_tag,baskauf/90804,baskauf_90804.jpg,vanderbilt/8-103,Populus deltoides,whole plant,whole tree (or vine),view up trunk,https://bioimages.vanderbilt.edu/tn/baskauf/t90804.jpg,https://bioimages.vanderbilt.edu/gq/baskauf/g90804.jpg,whole plant,whole plant,0.5779710348067689,"[""whole plant"", ""bark"", ""cone""]",True,True
EfficientNet-B0,efficientnet_b0,species_disjoint,organ_tag,baskauf/30988,baskauf_30988.jpg,ind-baskauf/30984,Celtis occidentalis,bark,bark,of a large tree,https://bioimages.vanderbilt.edu/tn/baskauf/tceoco2brlarge30988.jpg,https://bioimages.vanderbilt.edu/gq/baskauf/gceoco2brlarge30988.jpg,bark,bark,0.7449101145061101,"[""bark"", ""seed"", ""whole plant""]",True,True
EfficientNet-B0,efficientnet_b0,species_disjoint,organ_tag,baskauf/d0425,baskauf_d0425.jpg,ind-baskauf/30984,Celtis occidentalis,bark,bark,of a large tree,https://bioimages.vanderbilt.edu/tn/baskauf/tceoco2brlarge-treed0425.jpg,https://bioimages.vanderbilt.edu/gq/baskauf/gceoco2brlarge-treed0425.jpg,bark,bark,0.910093641406808,"[""bark"", ""whole plant"", ""twig""]",True,True
EfficientNet-B0,efficientnet_b0,species_disjoint,organ_tag,baskauf/30990,baskauf_30990.jpg,ind-baskauf/30984,Celtis occidentalis,bark,bark,of a medium tree or large branch,https://bioimages.vanderbilt.edu/tn/baskauf/tceoco2brmedium30990.jpg,https://bioimages.vanderbilt.edu/gq/baskauf/gceoco2brmedium30990.jpg,bark,bark,0.9217787969619241,"[""bark"", ""twig"", ""needle""]",True,True
EfficientNet-B0,efficientnet_b0,species_disjoint,organ_tag,baskauf/35446,baskauf_35446.jpg,ind-baskauf/30984,Celtis occidentalis,fruit,fruit,immature,https://bioimages.vanderbilt.edu/tn/baskauf/tceoco2frdevel35446.jpg,https://bioimages.vanderbilt.edu/gq/baskauf/gceoco2frdevel35446.jpg,fruit,fruit,0.5461709628007272,"[""fruit"", ""twig"", ""cone""]",True,True
EfficientNet-B0,efficientnet_b0,species_disjoint,organ_tag,baskauf/35450,baskauf_35450.jpg,ind-baskauf/30984,Celtis occidentalis,leaf,leaf,margin of upper + lower surface,https://bioimages.vanderbilt.edu/tn/baskauf/tceoco2lfmargin-uplow35450.jpg,https://bioimages.vanderbilt.edu/gq/baskauf/gceoco2lfmargin-uplow35450.jpg,leaf,leaf,0.9192153641883035,"[""leaf"", ""twig"", ""fruit""]",True,True
EfficientNet-B0,efficientnet_b0,species_disjoint,organ_tag,baskauf/d0426,baskauf_d0426.jpg,ind-baskauf/30984,Celtis occidentalis,leaf,leaf,showing orientation on twig,https://bioimages.vanderbilt.edu/tn/baskauf/tceoco2lfseverald0426.jpg,https://bioimages.vanderbilt.edu/gq/baskauf/gceoco2lfseverald0426.jpg,leaf,whole plant,0.2967212792678726,"[""whole plant"", ""bark"", ""cone""]",False,False
EfficientNet-B0,efficientnet_b0,species_disjoint,organ_tag,baskauf/35448,baskauf_35448.jpg,ind-baskauf/30984,Celtis occidentalis,leaf,leaf,whole upper surface,https://bioimages.vanderbilt.edu/tn/baskauf/tceoco2lf35448.jpg,https://bioimages.vanderbilt.edu/gq/baskauf/gceoco2lf35448.jpg,leaf,leaf,0.9019395496826743,"[""leaf"", ""flower"", ""cone""]",True,True
EfficientNet-B0,efficientnet_b0,species_disjoint,organ_tag,baskauf/30984,baskauf_30984.jpg,ind-baskauf/30984,Celtis occidentalis,twig,twig,winter overall,https://bioimages.vanderbilt.edu/tn/baskauf/tceoco2tw30984.jpg,https://bioimages.vanderbilt.edu/gq/baskauf/gceoco2tw30984.jpg,twig,twig,0.8975069640890754,"[""twig"", ""fruit"", ""cone""]",True,True
EfficientNet-B0,efficientnet_b0,species_disjoint,organ_tag,baskauf/35439,baskauf_35439.jpg,ind-baskauf/30984,Celtis occidentalis,whole plant,whole tree (or vine),general,https://bioimages.vanderbilt.edu/tn/baskauf/tceoco2wp35439.jpg,https://bioimages.vanderbilt.edu/gq/baskauf/gceoco2wp35439.jpg,whole plant,whole plant,0.9449409620663313,"[""whole plant"", ""cone"", ""flower""]",True,True
EfficientNet-B0,efficientnet_b0,species_disjoint,organ_tag,baskauf/d0420,baskauf_d0420.jpg,ind-baskauf/30984,Celtis occidentalis,whole plant,whole tree (or vine),general,https://bioimages.vanderbilt.edu/tn/baskauf/tceoco2wplarged0420.jpg,https://bioimages.vanderbilt.edu/gq/baskauf/gceoco2wplarged0420.jpg,whole plant,whole plant,0.9219923579873687,"[""whole plant"", ""flower"", ""leaf""]",True,True
EfficientNet-B0,efficientnet_b0,species_disjoint,organ_tag,baskauf/50993,baskauf_50993.jpg,vanderbilt/12-33,Celtis occidentalis,flower,inflorescence,lateral view of flower,https://bioimages.vanderbilt.edu/tn/baskauf/tceoco2fl50993.jpg,https://bioimages.vanderbilt.edu/gq/baskauf/gceoco2fl50993.jpg,flower,flower,0.6213037172157616,"[""flower"", ""cone"", ""fruit""]",True,True
EfficientNet-B0,efficientnet_b0,species_disjoint,organ_tag,baskauf/50992,baskauf_50992.jpg,vanderbilt/12-33,Celtis occidentalis,flower,inflorescence,whole - unspecified,https://bioimages.vanderbilt.edu/tn/baskauf/tceoco2flinflor50992.jpg,https://bioimages.vanderbilt.edu/gq/baskauf/gceoco2flinflor50992.jpg,flower,flower,0.4705553929657471,"[""flower"", ""leaf"", ""fruit""]",True,True
EfficientNet-B0,efficientnet_b0,species_disjoint,organ_tag,ssmv/2-253-03,ssmv_2-253-03.jpg,vanderbilt/4-216,Celtis occidentalis,leaf,leaf,showing orientation on twig,https://bioimages.vanderbilt.edu/tn/ssmv/t2-253-03.jpg,https://bioimages.vanderbilt.edu/gq/ssmv/g2-253-03.jpg,leaf,cone,0.4535967362711681,"[""cone"", ""whole plant"", ""fruit""]",False,False
EfficientNet-B0,efficientnet_b0,species_disjoint,organ_tag,ssmv/2-253-01,ssmv_2-253-01.jpg,vanderbilt/4-216,Celtis occidentalis,whole plant,whole tree (or vine),general,https://bioimages.vanderbilt.edu/tn/ssmv/t2-253-01.jpg,https://bioimages.vanderbilt.edu/gq/ssmv/g2-253-01.jpg,whole plant,whole plant,0.8641601107943745,"[""whole plant"", ""fruit"", ""flower""]",True,True
EfficientNet-B0,efficientnet_b0,species_disjoint,organ_tag,ssmv/2-253-02,ssmv_2-253-02.jpg,vanderbilt/4-216,Celtis occidentalis,whole plant,whole tree (or vine),view up trunk,https://bioimages.vanderbilt.edu/tn/ssmv/t2-253-02.jpg,https://bioimages.vanderbilt.edu/gq/ssmv/g2-253-02.jpg,whole plant,whole plant,0.5759358334228574,"[""whole plant"", ""bark"", ""fruit""]",True,True
EfficientNet-B0,efficientnet_b0,species_disjoint,organ_tag,ssmv/2-253-04,ssmv_2-253-04.jpg,vanderbilt/4-216,Celtis occidentalis,whole plant,whole tree (or vine),view up trunk,https://bioimages.vanderbilt.edu/tn/ssmv/t2-253-04.jpg,https://bioimages.vanderbilt.edu/gq/ssmv/g2-253-04.jpg,whole plant,whole plant,0.8645646596820893,"[""whole plant"", ""cone"", ""flower""]",True,True
EfficientNet-B0,efficientnet_b0,species_disjoint,organ_tag,baskauf/91122,baskauf_91122.jpg,vanderbilt/12-32,Celtis occidentalis,whole plant,whole tree (or vine),general,https://bioimages.vanderbilt.edu/tn/baskauf/t91122.jpg,https://bioimages.vanderbilt.edu/gq/baskauf/g91122.jpg,whole plant,whole plant,0.8845086538790173,"[""whole plant"", ""fruit"", ""cone""]",True,True
