image_id,BioImages canonical label,visible_leaf,visible_twig,visible_bark,visible_flower,visible_fruit,visible_cone,visible_seed,visible_whole_plant,acceptable_labels,ambiguous,notes
baskauf/11534,bark,,,,,,,,,,,
baskauf/11449,bark,,,,,,,,,,,
baskauf/12050,bark,,,,,,,,,,,
baskauf/37293,bark,,,,,,,,,,,
baskauf/21865,bark,,,,,,,,,,,
baskauf/11690,bark,,,,,,,,,,,
baskauf/15320,bark,,,,,,,,,,,
kirchoff/em2339,bark,,,,,,,,,,,
baskauf/37287,bark,,,,,,,,,,,
baskauf/10432,bark,,,,,,,,,,,
baskauf/17544,bark,,,,,,,,,,,
baskauf/15988,bark,,,,,,,,,,,
baskauf/11812,bark,,,,,,,,,,,
ssmv/2-638-01,bark,,,,,,,,,,,
baskauf/66181,bark,,,,,,,,,,,
baskauf/17546,bark,,,,,,,,,,,
baskauf/89955,bark,,,,,,,,,,,
baskauf/11493,bark,,,,,,,,,,,
baskauf/27139,bark,,,,,,,,,,,
baskauf/11813,bark,,,,,,,,,,,
baskauf/11066,bark,,,,,,,,,,,
baskauf/10554,cone,,,,,,,,,,,
baskauf/51186,flower,,,,,,,,,,,
baskauf/66187,flower,,,,,,,,,,,
baskauf/50974,flower,,,,,,,,,,,
baskauf/22004,flower,,,,,,,,,,,
baskauf/35633,flower,,,,,,,,,,,
baskauf/51397,flower,,,,,,,,,,,
baskauf/21457,flower,,,,,,,,,,,
baskauf/49339,flower,,,,,,,,,,,
baskauf/66188,flower,,,,,,,,,,,
baskauf/50978,flower,,,,,,,,,,,
baskauf/51815,flower,,,,,,,,,,,
baskauf/66191,flower,,,,,,,,,,,
thomas/0104-01-01,flower,,,,,,,,,,,
baskauf/51398,flower,,,,,,,,,,,
thomas/0104-01-03,flower,,,,,,,,,,,
baskauf/50598,flower,,,,,,,,,,,
baskauf/51402,flower,,,,,,,,,,,
thomas/0104-01-02,flower,,,,,,,,,,,
thomas/0301-02-03,flower,,,,,,,,,,,
baskauf/22014,flower,,,,,,,,,,,
baskauf/50601,flower,,,,,,,,,,,
baskauf/66184,flower,,,,,,,,,,,
baskauf/50992,flower,,,,,,,,,,,
baskauf/51813,flower,,,,,,,,,,,
baskauf/49341,flower,,,,,,,,,,,
baskauf/50460,flower,,,,,,,,,,,
thomas/0049-08-04,flower,,,,,,,,,,,
thomas/0301-02-01,flower,,,,,,,,,,,
baskauf/50462,flower,,,,,,,,,,,
baskauf/51814,flower,,,,,,,,,,,
baskauf/66183,flower,,,,,,,,,,,
thomas/0049-08-02,flower,,,,,,,,,,,
baskauf/51406,flower,,,,,,,,,,,
baskauf/35627,flower,,,,,,,,,,,
baskauf/23022,flower,,,,,,,,,,,
baskauf/51183,flower,,,,,,,,,,,
baskauf/66185,flower,,,,,,,,,,,
baskauf/50977,flower,,,,,,,,,,,
baskauf/50597,flower,,,,,,,,,,,
thomas/0049-08-05,flower,,,,,,,,,,,
baskauf/50993,flower,,,,,,,,,,,
baskauf/23025,flower,,,,,,,,,,,
baskauf/15103,fruit,,,,,,,,,,,
baskauf/54565,fruit,,,,,,,,,,,
baskauf/27132,fruit,,,,,,,,,,,
kirchoff/em2349,fruit,,,,,,,,,,,
baskauf/15688,fruit,,,,,,,,,,,
baskauf/15687,fruit,,,,,,,,,,,
baskauf/12405,fruit,,,,,,,,,,,
baskauf/28751,fruit,,,,,,,,,,,
kirchoff/em2347,fruit,,,,,,,,,,,
baskauf/43792,fruit,,,,,,,,,,,
baskauf/26321,fruit,,,,,,,,,,,
baskauf/10550,fruit,,,,,,,,,,,
baskauf/43789,fruit,,,,,,,,,,,
baskauf/15615,fruit,,,,,,,,,,,
baskauf/11064,fruit,,,,,,,,,,,
baskauf/11964,fruit,,,,,,,,,,,
baskauf/21465,fruit,,,,,,,,,,,
baskauf/11966,fruit,,,,,,,,,,,
kirchoff/em2348,fruit,,,,,,,,,,,
baskauf/32478,fruit,,,,,,,,,,,
baskauf/32481,fruit,,,,,,,,,,,
baskauf/54568,fruit,,,,,,,,,,,
baskauf/28754,fruit,,,,,,,,,,,
baskauf/28756,leaf,,,,,,,,,,,
kirchoff/em2354,leaf,,,,,,,,,,,
baskauf/12511,leaf,,,,,,,,,,,
baskauf/32770,leaf,,,,,,,,,,,
baskauf/11689,leaf,,,,,,,,,,,
thomas/0104-01-04,leaf,,,,,,,,,,,
kirchoff/em2342,leaf,,,,,,,,,,,
baskauf/32768,leaf,,,,,,,,,,,
baskauf/11993,leaf,,,,,,,,,,,
ssmv/2-638-03,leaf,,,,,,,,,,,
baskauf/10939,leaf,,,,,,,,,,,
kirchoff/em2358,leaf,,,,,,,,,,,
thomas/0301-02-02,leaf,,,,,,,,,,,
baskauf/29683,leaf,,,,,,,,,,,
kirchoff/em2353,leaf,,,,,,,,,,,
baskauf/11070,leaf,,,,,,,,,,,
baskauf/15624,leaf,,,,,,,,,,,
baskauf/12528,leaf,,,,,,,,,,,
baskauf/11962,leaf,,,,,,,,,,,
kirchoff/em2341,leaf,,,,,,,,,,,
baskauf/12516,leaf,,,,,,,,,,,
kirchoff/em2352,leaf,,,,,,,,,,,
baskauf/12407,leaf,,,,,,,,,,,
baskauf/26311,leaf,,,,,,,,,,,
baskauf/11961,leaf,,,,,,,,,,,
baskauf/15643,leaf,,,,,,,,,,,
kirchoff/em2343,leaf,,,,,,,,,,,
baskauf/52483,leaf,,,,,,,,,,,
baskauf/11687,leaf,,,,,,,,,,,
baskauf/11038,leaf,,,,,,,,,,,
baskauf/15313,leaf,,,,,,,,,,,
baskauf/10938,leaf,,,,,,,,,,,
baskauf/15316,leaf,,,,,,,,,,,
baskauf/11037,leaf,,,,,,,,,,,
baskauf/26131,needle,,,,,,,,,,,
baskauf/10556,needle,,,,,,,,,,,
baskauf/11656,twig,,,,,,,,,,,
baskauf/10942,twig,,,,,,,,,,,
baskauf/26308,twig,,,,,,,,,,,
baskauf/11653,twig,,,,,,,,,,,
baskauf/15105,twig,,,,,,,,,,,
baskauf/15104,twig,,,,,,,,,,,
baskauf/39161,twig,,,,,,,,,,,
baskauf/15308,twig,,,,,,,,,,,
baskauf/10502,twig,,,,,,,,,,,
baskauf/27143,twig,,,,,,,,,,,
baskauf/11997,twig,,,,,,,,,,,
baskauf/11995,twig,,,,,,,,,,,
baskauf/66190,twig,,,,,,,,,,,
baskauf/17542,twig,,,,,,,,,,,
baskauf/30941,twig,,,,,,,,,,,
baskauf/39140,twig,,,,,,,,,,,
baskauf/37296,twig,,,,,,,,,,,
kirchoff/em2344,twig,,,,,,,,,,,
baskauf/51816,twig,,,,,,,,,,,
baskauf/39181,twig,,,,,,,,,,,
baskauf/29773,whole plant,,,,,,,,,,,
baskauf/90874,whole plant,,,,,,,,,,,
baskauf/89376,whole plant,,,,,,,,,,,
baskauf/11522,whole plant,,,,,,,,,,,
baskauf/91110,whole plant,,,,,,,,,,,
baskauf/12055,whole plant,,,,,,,,,,,
baskauf/32255,whole plant,,,,,,,,,,,
baskauf/89960a,whole plant,,,,,,,,,,,
baskauf/91059,whole plant,,,,,,,,,,,
baskauf/12409,whole plant,,,,,,,,,,,
baskauf/10904,whole plant,,,,,,,,,,,
baskauf/91056,whole plant,,,,,,,,,,,
baskauf/49335,whole plant,,,,,,,,,,,
baskauf/91016,whole plant,,,,,,,,,,,
baskauf/89954,whole plant,,,,,,,,,,,
baskauf/15477,whole plant,,,,,,,,,,,
baskauf/89963,whole plant,,,,,,,,,,,
baskauf/50467,whole plant,,,,,,,,,,,
ssmv/2-638-02,whole plant,,,,,,,,,,,
baskauf/91065,whole plant,,,,,,,,,,,
baskauf/11492,whole plant,,,,,,,,,,,
baskauf/91126,whole plant,,,,,,,,,,,
baskauf/90969,whole plant,,,,,,,,,,,
baskauf/11996,whole plant,,,,,,,,,,,
baskauf/90972,whole plant,,,,,,,,,,,
baskauf/90785a,whole plant,,,,,,,,,,,
baskauf/65657,whole plant,,,,,,,,,,,
kirchoff/em2338,whole plant,,,,,,,,,,,
baskauf/54564,whole plant,,,,,,,,,,,
baskauf/89381,whole plant,,,,,,,,,,,
baskauf/13654,whole plant,,,,,,,,,,,
baskauf/15984,whole plant,,,,,,,,,,,
ssmv/2-638-04,whole plant,,,,,,,,,,,
baskauf/90872,whole plant,,,,,,,,,,,
thomas/0049-08-01,whole plant,,,,,,,,,,,
baskauf/90799,whole plant,,,,,,,,,,,
baskauf/11815,whole plant,,,,,,,,,,,
