model,protocol,task,true_label,predicted_label,count,row_fraction
DINOv3,species_disjoint,organ_category,bark,bark,29,0.9354838709677419
DINOv3,species_disjoint,organ_category,bark,cone,0,0.0
DINOv3,species_disjoint,organ_category,bark,fruit,0,0.0
DINOv3,species_disjoint,organ_category,bark,inflorescence,0,0.0
DINOv3,species_disjoint,organ_category,bark,leaf,0,0.0
DINOv3,species_disjoint,organ_category,bark,twig,1,0.03225806451612903
DINOv3,species_disjoint,organ_category,bark,whole tree,0,0.0
DINOv3,species_disjoint,organ_category,bark,whole tree (or vine),1,0.03225806451612903
DINOv3,species_disjoint,organ_category,cone,bark,0,0.0
DINOv3,species_disjoint,organ_category,cone,cone,2,1.0
DINOv3,species_disjoint,organ_category,cone,fruit,0,0.0
DINOv3,species_disjoint,organ_category,cone,inflorescence,0,0.0
DINOv3,species_disjoint,organ_category,cone,leaf,0,0.0
DINOv3,species_disjoint,organ_category,cone,twig,0,0.0
DINOv3,species_disjoint,organ_category,cone,whole tree,0,0.0
DINOv3,species_disjoint,organ_category,cone,whole tree (or vine),0,0.0
DINOv3,species_disjoint,organ_category,fruit,bark,0,0.0
DINOv3,species_disjoint,organ_category,fruit,cone,0,0.0
DINOv3,species_disjoint,organ_category,fruit,fruit,25,0.6944444444444444
DINOv3,species_disjoint,organ_category,fruit,inflorescence,7,0.19444444444444445
DINOv3,species_disjoint,organ_category,fruit,leaf,3,0.08333333333333333
DINOv3,species_disjoint,organ_category,fruit,twig,1,0.027777777777777776
DINOv3,species_disjoint,organ_category,fruit,whole tree,0,0.0
DINOv3,species_disjoint,organ_category,fruit,whole tree (or vine),0,0.0
DINOv3,species_disjoint,organ_category,inflorescence,bark,0,0.0
DINOv3,species_disjoint,organ_category,inflorescence,cone,0,0.0
DINOv3,species_disjoint,organ_category,inflorescence,fruit,2,0.043478260869565216
DINOv3,species_disjoint,organ_category,inflorescence,inflorescence,41,0.8913043478260869
DINOv3,species_disjoint,organ_category,inflorescence,leaf,0,0.0
DINOv3,species_disjoint,organ_category,inflorescence,twig,1,0.021739130434782608
DINOv3,species_disjoint,organ_category,inflorescence,whole tree,0,0.0
DINOv3,species_disjoint,organ_category,inflorescence,whole tree (or vine),2,0.043478260869565216
DINOv3,species_disjoint,organ_category,leaf,bark,1,0.014925373134328358
DINOv3,species_disjoint,organ_category,leaf,cone,3,0.04477611940298507
DINOv3,species_disjoint,organ_category,leaf,fruit,1,0.014925373134328358
DINOv3,species_disjoint,organ_category,leaf,inflorescence,1,0.014925373134328358
DINOv3,species_disjoint,organ_category,leaf,leaf,59,0.8805970149253731
DINOv3,species_disjoint,organ_category,leaf,twig,0,0.0
DINOv3,species_disjoint,organ_category,leaf,whole tree,0,0.0
DINOv3,species_disjoint,organ_category,leaf,whole tree (or vine),2,0.029850746268656716
DINOv3,species_disjoint,organ_category,twig,bark,0,0.0
DINOv3,species_disjoint,organ_category,twig,cone,1,0.029411764705882353
DINOv3,species_disjoint,organ_category,twig,fruit,1,0.029411764705882353
DINOv3,species_disjoint,organ_category,twig,inflorescence,2,0.058823529411764705
DINOv3,species_disjoint,organ_category,twig,leaf,1,0.029411764705882353
DINOv3,species_disjoint,organ_category,twig,twig,29,0.8529411764705882
DINOv3,species_disjoint,organ_category,twig,whole tree,0,0.0
DINOv3,species_disjoint,organ_category,twig,whole tree (or vine),0,0.0
DINOv3,species_disjoint,organ_category,whole tree,bark,0,0.0
DINOv3,species_disjoint,organ_category,whole tree,cone,0,0.0
DINOv3,species_disjoint,organ_category,whole tree,fruit,0,0.0
DINOv3,species_disjoint,organ_category,whole tree,inflorescence,0,0.0
DINOv3,species_disjoint,organ_category,whole tree,leaf,0,0.0
DINOv3,species_disjoint,organ_category,whole tree,twig,0,0.0
DINOv3,species_disjoint,organ_category,whole tree,whole tree,1,1.0
DINOv3,species_disjoint,organ_category,whole tree,whole tree (or vine),0,0.0
DINOv3,species_disjoint,organ_category,whole tree (or vine),bark,0,0.0
DINOv3,species_disjoint,organ_category,whole tree (or vine),cone,0,0.0
DINOv3,species_disjoint,organ_category,whole tree (or vine),fruit,0,0.0
DINOv3,species_disjoint,organ_category,whole tree (or vine),inflorescence,1,0.023809523809523808
DINOv3,species_disjoint,organ_category,whole tree (or vine),leaf,1,0.023809523809523808
DINOv3,species_disjoint,organ_category,whole tree (or vine),twig,0,0.0
DINOv3,species_disjoint,organ_category,whole tree (or vine),whole tree,0,0.0
DINOv3,species_disjoint,organ_category,whole tree (or vine),whole tree (or vine),40,0.9523809523809523
