organ_category,subview,exact_view,all_1899_images,all_individuals,all_species,embedding_universe_images,individual_test_images,species_test_images,feasibility
whole tree (or vine),general,whole tree (or vine) / general,245,202,70,219,29,30,reasonable
leaf,whole upper surface,leaf / whole upper surface,194,126,72,171,18,30,reasonable
leaf,showing orientation on twig,leaf / showing orientation on twig,137,112,66,115,12,21,reasonable
twig,orientation of petioles,twig / orientation of petioles,128,93,59,109,10,23,reasonable
inflorescence,whole - unspecified,inflorescence / whole - unspecified,114,83,55,100,12,10,reasonable
bark,of a large tree,bark / of a large tree,106,81,49,93,11,15,reasonable
leaf,margin of upper + lower surface,leaf / margin of upper + lower surface,101,77,57,86,9,12,reasonable
fruit,lateral or general close-up,fruit / lateral or general close-up,89,66,50,76,9,13,reasonable
fruit,as borne on the plant,fruit / as borne on the plant,82,67,46,73,11,12,reasonable
whole tree (or vine),view up trunk,whole tree (or vine) / view up trunk,55,50,31,51,6,9,reasonable
fruit,immature,fruit / immature,54,37,32,44,6,10,reasonable
inflorescence,lateral view of flower,inflorescence / lateral view of flower,53,40,30,44,10,7,reasonable
inflorescence,whole - male,inflorescence / whole - male,52,35,24,49,10,11,reasonable
inflorescence,frontal view of flower,inflorescence / frontal view of flower,49,42,28,44,11,6,limited
leaf,unspecified,leaf / unspecified,48,26,26,38,3,3,limited
bark,of a medium tree or large branch,bark / of a medium tree or large branch,47,42,32,39,8,11,limited
bark,of a small tree or small branch,bark / of a small tree or small branch,42,41,34,37,6,5,limited
twig,winter overall,twig / winter overall,32,26,26,27,2,5,limited
whole tree (or vine),winter,whole tree (or vine) / winter,32,31,24,29,5,3,limited
inflorescence,whole - female,inflorescence / whole - female,29,20,19,27,5,10,limited
twig,close-up winter leaf scar/bud,twig / close-up winter leaf scar/bud,26,24,20,24,2,3,limited
twig,close-up winter terminal bud,twig / close-up winter terminal bud,23,16,12,21,6,2,limited
whole tree,general,whole tree / general,22,21,12,16,3,1,limited
fruit,section or open,fruit / section or open,18,12,12,14,1,1,exploratory only
twig,unspecified,twig / unspecified,18,15,13,13,1,0,exploratory only
cone,female - closed,cone / female - closed,13,6,5,13,0,2,exploratory only
leaf,entire needle,leaf / entire needle,11,8,7,5,0,1,exploratory only
seed,general view,seed / general view,11,5,4,11,0,0,exploratory only
twig,showing attachment of needles,twig / showing attachment of needles,11,10,9,7,3,1,exploratory only
cone,female - mature open,cone / female - mature open,10,7,6,5,0,0,exploratory only
cone,female - receptive,cone / female - receptive,8,4,3,8,0,0,exploratory only
cone,male,cone / male,7,5,4,7,1,0,exploratory only
inflorescence,ventral view of flower + perianth,inflorescence / ventral view of flower + perianth,7,4,3,6,0,0,exploratory only
inflorescence,close-up of flower interior,inflorescence / close-up of flower interior,5,5,5,4,1,0,exploratory only
whole tree,view up trunk,whole tree / view up trunk,4,4,3,2,0,0,insufficient
inflorescence,unspecified,inflorescence / unspecified,3,3,3,3,0,2,insufficient
bark,unspecified,bark / unspecified,2,2,2,2,0,0,insufficient
fruit,unspecified,fruit / unspecified,2,2,2,2,0,0,insufficient
twig,after fallen needles,twig / after fallen needles,2,2,2,0,0,0,insufficient
unspecified,unspecified,unspecified / unspecified,2,2,2,2,0,0,insufficient
leaf,basal or on lower stem,leaf / basal or on lower stem,1,1,1,1,0,0,insufficient
seed,unspecified,seed / unspecified,1,1,1,1,0,0,insufficient
stem,showing leaf bases,stem / showing leaf bases,1,1,1,1,0,0,insufficient
whole plant,in flower - general view,whole plant / in flower - general view,1,1,1,1,0,0,insufficient
whole tree (or vine),unspecified,whole tree (or vine) / unspecified,1,1,1,1,0,0,insufficient
