model,model_key,tag,bioimages_support,bioimages_match_rate,gemma_support,gemma_precision,gemma_recall,gemma_f1,predicted_count
DINOv3,dinov3,whole plant,360,0.9305555555555556,377,0.9342465753424658,0.9045092838196287,0.9191374663072777,365
DINOv3,dinov3,trunk,0,,450,0.9136069114470843,0.94,0.9266155531215773,463
DINOv3,dinov3,bark,197,0.9847715736040609,318,0.8979591836734694,0.8301886792452831,0.8627450980392157,294
DINOv3,dinov3,branch,0,,587,0.7954939341421143,0.7819420783645656,0.788659793814433,577
DINOv3,dinov3,stem,1,1.0,632,0.6568758344459279,0.7784810126582279,0.7125271542360607,749
DINOv3,dinov3,twig,240,0.9333333333333333,676,0.6906666666666667,0.7662721893491125,0.7265077138849929,750
DINOv3,dinov3,bud,0,,327,0.6988304093567251,0.7308868501529052,0.7144992526158446,342
DINOv3,dinov3,leaf,465,0.9870967741935484,1146,0.9425287356321839,0.9301919720767888,0.9363197189284146,1131
DINOv3,dinov3,needle,27,0.6296296296296297,67,0.9402985074626866,0.9402985074626866,0.9402985074626865,67
DINOv3,dinov3,flower,312,0.8525641025641025,316,0.8375,0.8481012658227848,0.8427672955974843,320
DINOv3,dinov3,inflorescence,0,,340,0.8434782608695652,0.8558823529411764,0.8496350364963502,345
DINOv3,dinov3,fruit,245,0.9020408163265307,387,0.7945205479452054,0.7493540051679587,0.7712765957446809,365
DINOv3,dinov3,cone,38,0.3684210526315789,19,0.7647058823529411,0.6842105263157895,0.7222222222222222,17
DINOv3,dinov3,seed,12,0.25,19,0.5,0.47368421052631576,0.4864864864864865,18
DINOv3,dinov3,view up trunk,0,,248,0.7873134328358209,0.8508064516129032,0.8178294573643411,268
DINOv3,dinov3,winter habit,0,,85,0.75,0.7058823529411765,0.7272727272727272,80
DINOv3,dinov3,large-tree bark,0,,242,0.8167330677290837,0.8471074380165289,0.8316430020283977,251
DINOv3,dinov3,medium-tree or large-branch bark,0,,38,0.3333333333333333,0.4473684210526316,0.38202247191011235,51
DINOv3,dinov3,small-tree or branch bark,0,,22,0.10714285714285714,0.13636363636363635,0.11999999999999998,28
DINOv3,dinov3,leaf upper surface,0,,356,0.8649425287356322,0.8455056179775281,0.8551136363636364,348
DINOv3,dinov3,leaf margin,0,,220,0.7470355731225297,0.8590909090909091,0.799154334038055,253
DINOv3,dinov3,leaf arrangement on twig,0,,419,0.6746506986027944,0.8066825775656324,0.734782608695652,501
DINOv3,dinov3,petiole arrangement,0,,44,0.16393442622950818,0.22727272727272727,0.1904761904761905,61
DINOv3,dinov3,needle attachment,0,,31,0.8709677419354839,0.8709677419354839,0.8709677419354839,31
DINOv3,dinov3,winter twig,0,,107,0.7019230769230769,0.6822429906542056,0.6919431279620852,104
DINOv3,dinov3,leaf scar,0,,36,0.30612244897959184,0.4166666666666667,0.35294117647058826,49
DINOv3,dinov3,terminal bud,0,,26,0.36363636363636365,0.3076923076923077,0.33333333333333337,22
DINOv3,dinov3,immature fruit,0,,306,0.6185897435897436,0.630718954248366,0.6245954692556634,312
DINOv3,dinov3,fruit borne on plant,0,,312,0.628808864265928,0.7275641025641025,0.6745913818722139,361
DINOv3,dinov3,fruit close-up,0,,193,0.8100558659217877,0.7512953367875648,0.7795698924731183,179
DINOv3,dinov3,opened or sectioned fruit,0,,27,0.8,0.5925925925925926,0.6808510638297872,20
DINOv3,dinov3,flower close-up,0,,225,0.7866108786610879,0.8355555555555556,0.810344827586207,239
DINOv3,dinov3,flower interior,0,,25,0.42857142857142855,0.36,0.391304347826087,21
DINOv3,dinov3,frontal flower view,0,,13,0.5,0.23076923076923078,0.3157894736842105,6
DINOv3,dinov3,lateral flower view,0,,12,0.21428571428571427,0.25,0.23076923076923075,14
DINOv3,dinov3,male reproductive structure,0,,12,0.09090909090909091,0.08333333333333333,0.08695652173913043,11
DINOv3,dinov3,female reproductive structure,0,,3,0.0,0.0,0,1
DINOv3,dinov3,closed cone,0,,7,0.7,1.0,0.8235294117647058,10
DINOv3,dinov3,open cone,0,,1,0.0,0.0,0,1
DINOv3,dinov3,receptive cone,0,,0,0,0,0,0
BioCLIP 2.5,bioclip,whole plant,360,0.8555555555555555,377,0.8773841961852861,0.8541114058355438,0.8655913978494624,367
BioCLIP 2.5,bioclip,trunk,0,,450,0.859538784067086,0.9111111111111111,0.8845738942826322,477
BioCLIP 2.5,bioclip,bark,197,0.9441624365482234,318,0.7380952380952381,0.779874213836478,0.7584097859327217,336
BioCLIP 2.5,bioclip,branch,0,,587,0.7171381031613977,0.7342419080068143,0.7255892255892257,601
BioCLIP 2.5,bioclip,stem,1,1.0,632,0.5875,0.6693037974683544,0.6257396449704141,720
BioCLIP 2.5,bioclip,twig,240,0.9125,676,0.6053593179049939,0.735207100591716,0.663994655978624,821
BioCLIP 2.5,bioclip,bud,0,,327,0.5783475783475783,0.6207951070336392,0.5988200589970502,351
BioCLIP 2.5,bioclip,leaf,465,0.9806451612903225,1146,0.9016536118363795,0.9040139616055847,0.9028322440087145,1149
BioCLIP 2.5,bioclip,needle,27,0.48148148148148145,67,0.8775510204081632,0.6417910447761194,0.7413793103448276,49
BioCLIP 2.5,bioclip,flower,312,0.6602564102564102,316,0.7045454545454546,0.6867088607594937,0.6955128205128205,308
BioCLIP 2.5,bioclip,inflorescence,0,,340,0.7438271604938271,0.7088235294117647,0.7259036144578312,324
BioCLIP 2.5,bioclip,fruit,245,0.6448979591836734,387,0.5227817745803357,0.5633074935400517,0.5422885572139303,417
BioCLIP 2.5,bioclip,cone,38,0.34210526315789475,19,0.6,0.631578947368421,0.6153846153846154,20
BioCLIP 2.5,bioclip,seed,12,0.08333333333333333,19,0.2222222222222222,0.10526315789473684,0.14285714285714285,9
BioCLIP 2.5,bioclip,view up trunk,0,,248,0.7266187050359713,0.8145161290322581,0.7680608365019012,278
BioCLIP 2.5,bioclip,winter habit,0,,85,0.7424242424242424,0.5764705882352941,0.6490066225165563,66
BioCLIP 2.5,bioclip,large-tree bark,0,,242,0.7204724409448819,0.756198347107438,0.7379032258064516,254
BioCLIP 2.5,bioclip,medium-tree or large-branch bark,0,,38,0.275,0.2894736842105263,0.28205128205128205,40
BioCLIP 2.5,bioclip,small-tree or branch bark,0,,22,0.06666666666666667,0.045454545454545456,0.05405405405405406,15
BioCLIP 2.5,bioclip,leaf upper surface,0,,356,0.8148148148148148,0.7415730337078652,0.7764705882352941,324
BioCLIP 2.5,bioclip,leaf margin,0,,220,0.7142857142857143,0.7272727272727273,0.7207207207207208,224
BioCLIP 2.5,bioclip,leaf arrangement on twig,0,,419,0.562992125984252,0.6825775656324582,0.6170442286947141,508
BioCLIP 2.5,bioclip,petiole arrangement,0,,44,0.12903225806451613,0.18181818181818182,0.1509433962264151,62
BioCLIP 2.5,bioclip,needle attachment,0,,31,0.55,0.3548387096774194,0.43137254901960786,20
BioCLIP 2.5,bioclip,winter twig,0,,107,0.7052631578947368,0.6261682242990654,0.6633663366336633,95
BioCLIP 2.5,bioclip,leaf scar,0,,36,0.38461538461538464,0.4166666666666667,0.4,39
BioCLIP 2.5,bioclip,terminal bud,0,,26,0.25,0.15384615384615385,0.1904761904761905,16
BioCLIP 2.5,bioclip,immature fruit,0,,306,0.3899782135076253,0.5849673202614379,0.46797385620915033,459
BioCLIP 2.5,bioclip,fruit borne on plant,0,,312,0.46438746438746437,0.5224358974358975,0.49170437405731526,351
BioCLIP 2.5,bioclip,fruit close-up,0,,193,0.5416666666666666,0.47150259067357514,0.5041551246537396,168
BioCLIP 2.5,bioclip,opened or sectioned fruit,0,,27,0.5625,0.3333333333333333,0.4186046511627907,16
BioCLIP 2.5,bioclip,flower close-up,0,,225,0.6779661016949152,0.7111111111111111,0.6941431670281994,236
BioCLIP 2.5,bioclip,flower interior,0,,25,0.42857142857142855,0.12,0.1875,7
BioCLIP 2.5,bioclip,frontal flower view,0,,13,0.2857142857142857,0.15384615384615385,0.2,7
BioCLIP 2.5,bioclip,lateral flower view,0,,12,0.09090909090909091,0.08333333333333333,0.08695652173913043,11
BioCLIP 2.5,bioclip,male reproductive structure,0,,12,0.0,0.0,0,2
BioCLIP 2.5,bioclip,female reproductive structure,0,,3,0,0.0,0,0
BioCLIP 2.5,bioclip,closed cone,0,,7,0.5,0.42857142857142855,0.4615384615384615,6
BioCLIP 2.5,bioclip,open cone,0,,1,0,0.0,0,0
BioCLIP 2.5,bioclip,receptive cone,0,,0,0,0,0,0
EfficientNet-B0,efficientnet_b0,whole plant,360,0.9305555555555556,377,0.8880407124681934,0.9257294429708223,0.9064935064935065,393
EfficientNet-B0,efficientnet_b0,trunk,0,,450,0.8825995807127882,0.9355555555555556,0.9083063646170443,477
EfficientNet-B0,efficientnet_b0,bark,197,0.9746192893401016,318,0.8222222222222222,0.8144654088050315,0.8183254344391784,315
EfficientNet-B0,efficientnet_b0,branch,0,,587,0.7371794871794872,0.7836456558773425,0.7597027250206442,624
EfficientNet-B0,efficientnet_b0,stem,1,1.0,632,0.6238532110091743,0.7531645569620253,0.6824372759856631,763
EfficientNet-B0,efficientnet_b0,twig,240,0.9333333333333333,676,0.6675712347354138,0.727810650887574,0.6963906581740977,737
EfficientNet-B0,efficientnet_b0,bud,0,,327,0.683076923076923,0.6788990825688074,0.6809815950920245,325
EfficientNet-B0,efficientnet_b0,leaf,465,0.9870967741935484,1146,0.8975444538526672,0.924956369982548,0.9110442629995702,1181
EfficientNet-B0,efficientnet_b0,needle,27,0.5185185185185185,67,0.6976744186046512,0.44776119402985076,0.5454545454545455,43
EfficientNet-B0,efficientnet_b0,flower,312,0.7916666666666666,316,0.7476340694006309,0.75,0.7488151658767773,317
EfficientNet-B0,efficientnet_b0,inflorescence,0,,340,0.8012820512820513,0.7352941176470589,0.7668711656441718,312
EfficientNet-B0,efficientnet_b0,fruit,245,0.8122448979591836,387,0.6482412060301508,0.6666666666666666,0.6573248407643313,398
EfficientNet-B0,efficientnet_b0,cone,38,0.10526315789473684,19,0.6666666666666666,0.21052631578947367,0.32,6
EfficientNet-B0,efficientnet_b0,seed,12,0.0,19,0.25,0.10526315789473684,0.14814814814814814,8
EfficientNet-B0,efficientnet_b0,view up trunk,0,,248,0.7355072463768116,0.8185483870967742,0.7748091603053435,276
EfficientNet-B0,efficientnet_b0,winter habit,0,,85,0.7023809523809523,0.6941176470588235,0.6982248520710058,84
EfficientNet-B0,efficientnet_b0,large-tree bark,0,,242,0.7918367346938775,0.8016528925619835,0.7967145790554414,245
EfficientNet-B0,efficientnet_b0,medium-tree or large-branch bark,0,,38,0.29411764705882354,0.39473684210526316,0.3370786516853933,51
EfficientNet-B0,efficientnet_b0,small-tree or branch bark,0,,22,0.09090909090909091,0.09090909090909091,0.09090909090909091,22
EfficientNet-B0,efficientnet_b0,leaf upper surface,0,,356,0.8633720930232558,0.8342696629213483,0.8485714285714284,344
EfficientNet-B0,efficientnet_b0,leaf margin,0,,220,0.7385892116182573,0.8090909090909091,0.7722342733188721,241
EfficientNet-B0,efficientnet_b0,leaf arrangement on twig,0,,419,0.63125,0.7231503579952268,0.6740823136818687,480
EfficientNet-B0,efficientnet_b0,petiole arrangement,0,,44,0.15517241379310345,0.20454545454545456,0.17647058823529413,58
EfficientNet-B0,efficientnet_b0,needle attachment,0,,31,0.8333333333333334,0.4838709677419355,0.6122448979591837,18
EfficientNet-B0,efficientnet_b0,winter twig,0,,107,0.6767676767676768,0.6261682242990654,0.6504854368932038,99
EfficientNet-B0,efficientnet_b0,leaf scar,0,,36,0.32432432432432434,0.3333333333333333,0.32876712328767127,37
EfficientNet-B0,efficientnet_b0,terminal bud,0,,26,0.11764705882352941,0.07692307692307693,0.0930232558139535,17
EfficientNet-B0,efficientnet_b0,immature fruit,0,,306,0.49222797927461137,0.6209150326797386,0.5491329479768786,386
EfficientNet-B0,efficientnet_b0,fruit borne on plant,0,,312,0.6064516129032258,0.6025641025641025,0.6045016077170418,310
EfficientNet-B0,efficientnet_b0,fruit close-up,0,,193,0.6666666666666666,0.7357512953367875,0.6995073891625616,213
EfficientNet-B0,efficientnet_b0,opened or sectioned fruit,0,,27,0.6363636363636364,0.25925925925925924,0.368421052631579,11
EfficientNet-B0,efficientnet_b0,flower close-up,0,,225,0.7296137339055794,0.7555555555555555,0.7423580786026199,233
EfficientNet-B0,efficientnet_b0,flower interior,0,,25,0.30434782608695654,0.28,0.2916666666666667,23
EfficientNet-B0,efficientnet_b0,frontal flower view,0,,13,0.25,0.23076923076923078,0.24000000000000002,12
EfficientNet-B0,efficientnet_b0,lateral flower view,0,,12,0.0,0.0,0,9
EfficientNet-B0,efficientnet_b0,male reproductive structure,0,,12,0.0,0.0,0,3
EfficientNet-B0,efficientnet_b0,female reproductive structure,0,,3,0,0.0,0,0
EfficientNet-B0,efficientnet_b0,closed cone,0,,7,1.0,0.2857142857142857,0.4444444444444445,2
EfficientNet-B0,efficientnet_b0,open cone,0,,1,0,0.0,0,0
EfficientNet-B0,efficientnet_b0,receptive cone,0,,0,0,0,0,0
